{"type":"FeatureCollection","features":[{"type":"Feature","properties":{"id":"ca-ab","lat":56.91144,"lng":-115.00014},"geometry":{"type":"Polygon","coordinates":[[[-109.99932,48.99262],[-114.06384,48.99251],[-114.03745,49.03427],[-114.15411,49.14816],[-114.3764,49.20459],[-114.37981,49.25787],[-114.57804,49.39451],[-114.57633,49.5562],[-114.74389,49.58762],[-114.62483,49.78022],[-114.68643,49.90708],[-114.66111,50.06428],[-114.72439,50.12604],[-114.77511,50.35414],[-114.99972,50.56286],[-115.22061,50.5504],[-115.33474,50.72517],[-115.64671,50.85204],[-115.57193,50.90028],[-115.62035,50.97022],[-115.77859,51.07296],[-115.97708,51.11458],[-116.05126,51.24121],[-116.25747,51.31436],[-116.29576,51.45068],[-116.57637,51.64424],[-116.67155,51.80591],[-116.76372,51.79188],[-116.82268,51.71299],[-116.93766,51.71989],[-117.04737,51.91523],[-117.26994,52.04507],[-117.31885,52.18198],[-117.37619,52.13413],[-117.5908,52.13041],[-117.75369,52.20028],[-117.82177,52.27955],[-117.73627,52.39127],[-117.99199,52.48465],[-118.04328,52.40812],[-118.2266,52.37034],[-118.2589,52.44533],[-118.2074,52.48207],[-118.34804,52.61643],[-118.30621,52.67746],[-118.43246,52.79089],[-118.42065,52.84034],[-118.49824,52.89966],[-118.62428,52.88695],[-118.67218,53.03408],[-118.7766,53.0532],[-118.75138,53.11505],[-118.85023,53.18329],[-118.99666,53.23649],[-119.02878,53.13464],[-119.26339,53.1983],[-119.39328,53.36449],[-119.64163,53.35382],[-119.90492,53.5219],[-119.92652,53.61494],[-119.73248,53.62313],[-120.00102,53.82281],[-119.99996,60.00006],[-109.99997,60.00006],[-109.99932,48.99262]]]}},{"type":"Feature","properties":{"id":"ca-bc","lat":54.49044,"lng":-125.01914},"geometry":{"type":"MultiPolygon","coordinates":[[[[-130.95075,52.09492],[-131.07136,52.06098],[-130.99226,52.01337],[-131.04442,52.02851],[-131.024,51.9466],[-131.1127,52.00186],[-131.10875,52.15404],[-130.95075,52.09492]]],[[[-129.40245,52.64664],[-129.43279,52.68312],[-129.4001,52.67953],[-129.40245,52.64664]]],[[[-131.67443,52.70694],[-131.46898,52.73428],[-131.45275,52.64525],[-131.59252,52.66596],[-131.55455,52.61469],[-131.60204,52.59516],[-131.70238,52.72126],[-131.56456,52.72744],[-131.65689,52.72163],[-131.67443,52.70694]]],[[[-131.17496,52.1245],[-131.27721,52.24079],[-131.23717,52.13605],[-131.27969,52.13239],[-131.34553,52.23457],[-131.38003,52.20295],[-131.55842,52.33023],[-131.58633,52.38858],[-131.51159,52.40852],[-131.88264,52.57616],[-132.08601,52.73428],[-131.96931,52.72744],[-132.00402,52.78266],[-131.92211,52.72744],[-131.93879,52.77314],[-132.08601,52.85773],[-132.06054,52.80345],[-132.13378,52.75471],[-132.34228,52.94245],[-132.14061,52.9335],[-132.11388,53.00117],[-132.48884,53.03168],[-132.56579,53.14574],[-132.37312,53.13272],[-132.0655,53.16128],[-131.79796,53.2556],[-131.78429,53.1662],[-131.59557,53.04194],[-132.00402,53.06387],[-131.92211,52.98749],[-131.83666,53.05028],[-131.62621,52.99811],[-131.61303,52.92666],[-131.80004,52.87482],[-131.92211,52.94033],[-131.89415,52.91303],[-131.98355,52.87824],[-131.87369,52.88508],[-131.82901,52.80317],[-131.66088,52.80573],[-131.85318,52.76838],[-131.8048,52.75471],[-131.83951,52.71377],[-131.72964,52.70067],[-131.62047,52.57319],[-131.6608,52.54243],[-131.46898,52.50772],[-131.40758,52.3581],[-131.24844,52.44693],[-131.30411,52.37645],[-131.25451,52.35529],[-131.35973,52.34443],[-131.31819,52.28181],[-131.21573,52.2613],[-131.25674,52.30345],[-131.16251,52.31977],[-131.08544,52.27558],[-131.18102,52.23457],[-131.00967,52.22712],[-131.05223,52.16913],[-131.14753,52.21284],[-131.17496,52.1245]]],[[[-131.65364,52.83771],[-131.80797,52.81489],[-131.83764,52.84097],[-131.65364,52.83771]]],[[[-132.38256,53.0041],[-132.22964,52.99518],[-132.20189,52.98444],[-132.32409,52.96869],[-132.38256,53.0041]]],[[[-129.52978,52.96491],[-129.62051,52.9582],[-129.65347,53.0222],[-129.52978,52.96491]]],[[[-129.53441,53.01325],[-129.5703,53.03587],[-129.68761,53.06387],[-129.56408,53.05634],[-129.53441,53.01325]]],[[[-129.29113,52.98233],[-129.55175,53.14289],[-129.53409,53.18476],[-129.46109,53.18671],[-129.29113,52.98233]]],[[[-129.58886,53.07176],[-129.74291,53.13207],[-129.66808,53.13736],[-129.58886,53.07176]]],[[[-129.78527,53.16242],[-129.92809,53.16376],[-130.09407,53.32258],[-130.31452,53.39277],[-130.41389,53.4986],[-130.33812,53.5163],[-130.52709,53.55268],[-130.51529,53.63036],[-129.92858,53.43256],[-129.74295,53.2353],[-129.78527,53.16242]]],[[[-130.62465,53.48152],[-130.59212,53.49618],[-130.58697,53.46619],[-130.62465,53.48152]]],[[[-130.1962,53.91657],[-129.51574,53.48835],[-129.61632,53.49909],[-129.63923,53.48151],[-129.42699,53.435],[-129.33654,53.36062],[-129.32872,53.26345],[-129.42959,53.33564],[-129.51293,53.3107],[-129.48302,53.22411],[-129.58503,53.2237],[-129.65974,53.34443],[-129.79686,53.37848],[-129.82103,53.47134],[-129.8968,53.4781],[-129.91295,53.61127],[-130.05752,53.60786],[-129.87194,53.63923],[-130.07575,53.63764],[-130.0985,53.70808],[-130.21154,53.73664],[-130.21459,53.81733],[-130.29092,53.83784],[-130.1962,53.91657]]],[[[-132.70979,53.26179],[-132.53844,53.32697],[-132.75756,53.31708],[-132.70295,53.37848],[-132.41491,53.29658],[-132.40014,53.33031],[-132.66137,53.43993],[-132.67056,53.49095],[-132.70653,53.45091],[-132.75756,53.46109],[-132.73644,53.5163],[-132.86189,53.46686],[-132.82649,53.52253],[-132.97728,53.55663],[-132.8911,53.6197],[-133.01081,53.687],[-132.93078,53.69013],[-132.98351,53.76952],[-133.11042,53.78661],[-133.06542,53.81733],[-133.1444,53.89692],[-133.03807,54.04389],[-133.07287,54.16681],[-132.57567,54.11835],[-132.56579,54.04389],[-132.66137,53.94086],[-132.40685,54.09935],[-132.28401,54.10847],[-132.16104,54.00849],[-132.11701,53.87197],[-132.24063,53.77705],[-132.65795,53.69074],[-132.60676,53.63178],[-132.35289,53.67276],[-132.48379,53.57713],[-132.15917,53.6999],[-132.19384,53.77399],[-132.07852,53.89248],[-132.1822,54.04389],[-131.91637,54.04011],[-131.6608,54.16681],[-131.69327,53.99189],[-131.86437,53.79999],[-131.93334,53.61864],[-131.90783,53.35806],[-131.98445,53.26093],[-132.27774,53.21467],[-132.12694,53.20099],[-132.19587,53.15941],[-132.31505,53.19806],[-132.41462,53.14574],[-132.70979,53.26179]]],[[[-130.27725,53.80366],[-130.21679,53.71809],[-130.12474,53.69562],[-130.09166,53.5703],[-130.40636,53.687],[-130.27725,53.80366]]],[[[-130.43788,53.75689],[-130.60912,53.79701],[-130.61722,53.82319],[-130.50982,53.82631],[-130.43788,53.75689]]],[[[-130.48925,53.89932],[-130.67577,53.96101],[-130.70124,53.92036],[-130.62222,53.85643],[-130.71548,53.85765],[-130.72362,53.92048],[-130.6739,53.98924],[-130.42162,54.10004],[-130.22887,53.95384],[-130.36205,53.83625],[-130.49144,53.87751],[-130.33812,53.99543],[-130.44738,53.98184],[-130.48925,53.89932]]],[[[-130.24201,54.19579],[-130.1859,54.17988],[-130.15587,54.14159],[-130.2434,54.12263],[-130.24201,54.19579]]],[[[-130.78995,54.16177],[-130.75646,54.21455],[-130.65404,54.11835],[-130.69762,54.11494],[-130.78995,54.16177]]],[[[-133.00048,54.19009],[-133.07722,54.22386],[-133.07575,54.24567],[-132.96858,54.24006],[-133.00048,54.19009]]],[[[-130.35326,54.26765],[-130.46911,54.30394],[-130.46203,54.31769],[-130.37971,54.30394],[-130.35326,54.26765]]],[[[-130.3343,54.31977],[-130.27725,54.33185],[-130.25304,54.31135],[-130.33812,54.25556],[-130.3343,54.31977]]],[[[-130.70124,54.4138],[-130.69107,54.36709],[-130.76016,54.36201],[-130.75601,54.39387],[-130.70124,54.4138]]],[[[-130.72845,54.43783],[-130.86139,54.45544],[-130.79001,54.49373],[-130.72845,54.43783]]],[[[-130.96911,54.46198],[-130.93122,54.62271],[-130.75699,54.63373],[-130.77693,54.55036],[-130.96911,54.46198]]],[[[-131.09876,54.62796],[-131.04995,54.60603],[-131.0909,54.58224],[-131.09876,54.62796]]],[[[-130.23314,54.80305],[-130.23998,54.73054],[-130.37768,54.69819],[-130.23314,54.80305]]],[[[-130.50988,54.80488],[-130.43432,54.76948],[-130.46178,54.7121],[-130.6151,54.76508],[-130.50988,54.80488]]],[[[-130.20401,55.02131],[-130.15783,54.94774],[-130.40949,54.7674],[-130.46158,54.83153],[-130.20401,55.02131]]],[[[-126.61767,49.63081],[-126.67943,49.59178],[-126.80675,49.62739],[-126.97399,49.73599],[-126.8557,49.77985],[-126.98705,49.81513],[-126.80093,49.88076],[-126.6905,49.85712],[-126.61767,49.63081]]],[[[-127.27233,49.97797],[-127.31135,50.02619],[-127.23229,50.01325],[-127.27233,49.97797]]],[[[-126.53018,50.56521],[-126.67089,50.58959],[-126.51844,50.57569],[-126.53018,50.56521]]],[[[-126.89477,50.66592],[-126.89713,50.621],[-127.15038,50.63996],[-126.89477,50.66592]]],[[[-128.57225,50.80262],[-128.61589,50.78282],[-128.63908,50.80467],[-128.60373,50.81983],[-128.57225,50.80262]]],[[[-126.892,50.82933],[-126.64098,50.8498],[-126.56241,50.80207],[-126.79613,50.77497],[-126.892,50.82933]]],[[[-128.65501,50.8088],[-128.69155,50.80154],[-128.7148,50.82387],[-128.70214,50.83656],[-128.65501,50.8088]]],[[[-127.67413,50.83757],[-127.81739,50.86859],[-127.83481,50.88914],[-127.71346,50.913],[-127.67413,50.83757]]],[[[-127.87499,50.89037],[-127.98103,50.90705],[-127.98302,50.91673],[-127.86059,50.93574],[-127.87499,50.89037]]],[[[-127.54198,51.05215],[-127.61168,51.0751],[-127.52693,51.08373],[-127.54198,51.05215]]],[[[-127.91808,51.42129],[-128.08605,51.48688],[-128.13903,51.65803],[-128.00988,51.7237],[-127.87633,51.47419],[-127.91808,51.42129]]],[[[-128.2482,51.864],[-128.15925,52.03482],[-127.95344,52.04902],[-128.01765,51.77216],[-128.13524,51.7473],[-128.13834,51.864],[-128.2482,51.864]]],[[[-128.42323,51.92593],[-128.48696,51.95366],[-128.41742,52.00349],[-128.42323,51.92593]]],[[[-128.29068,52.1247],[-128.23656,52.18732],[-128.14525,52.19359],[-128.20727,52.02167],[-128.29068,52.1247]]],[[[-127.88948,52.17097],[-127.9615,52.08283],[-128.0699,52.08027],[-128.12295,52.15168],[-127.88948,52.17097]]],[[[-128.24657,52.22891],[-128.33976,52.07934],[-128.38427,52.09801],[-128.35785,52.14453],[-128.52244,52.15755],[-128.4473,52.23801],[-128.24657,52.22891]]],[[[-127.20669,52.35065],[-127.57665,52.18618],[-127.71809,51.98823],[-127.90217,51.96825],[-127.84179,52.16812],[-127.75105,52.25019],[-127.51159,52.31289],[-127.25878,52.43549],[-127.20669,52.35065]]],[[[-128.17317,52.25507],[-127.96085,52.29605],[-127.91552,52.18277],[-128.07128,52.18232],[-128.02164,52.25068],[-128.17317,52.25507]]],[[[-128.6796,52.26813],[-128.76382,52.44953],[-128.67284,52.48786],[-128.61278,52.37739],[-128.6796,52.26813]]],[[[-128.47208,52.48827],[-128.51602,52.43378],[-128.69888,52.51813],[-128.71972,52.48835],[-128.81745,52.52196],[-128.7001,52.52196],[-128.73888,52.59081],[-128.58332,52.60049],[-128.55065,52.6647],[-128.47208,52.48827]]],[[[-128.42723,52.42548],[-128.44689,52.74103],[-128.37173,52.79572],[-128.28173,52.48871],[-128.37857,52.378],[-128.46642,52.38272],[-128.42723,52.42548]]],[[[-128.98127,52.45368],[-129.27611,52.72744],[-129.27505,52.82465],[-128.93008,52.61445],[-128.98127,52.45368]]],[[[-128.32405,52.77509],[-128.17317,52.82364],[-128.27497,52.60252],[-128.32405,52.77509]]],[[[-128.48493,52.86547],[-128.45556,52.78905],[-128.51671,52.65396],[-128.53596,52.76642],[-128.48493,52.86547]]],[[[-129.36619,52.8145],[-129.31202,52.83933],[-129.32892,52.79961],[-129.36619,52.8145]]],[[[-129.0445,52.73452],[-129.1254,52.86787],[-129.01683,52.85932],[-129.07067,52.89252],[-128.83796,53.03587],[-129.01545,53.14574],[-128.86461,53.03587],[-129.10001,52.90298],[-129.17711,52.93684],[-129.18981,53.02334],[-129.07897,53.11107],[-129.07811,53.3028],[-128.90502,53.29336],[-128.62194,53.15571],[-128.52196,52.9335],[-128.59459,52.61445],[-128.75536,52.60391],[-128.74307,52.76374],[-128.64843,52.91608],[-128.66446,52.97089],[-128.66934,52.9079],[-128.74853,52.91303],[-128.76041,52.66909],[-128.89147,52.66022],[-129.0445,52.73452]]],[[[-129.33357,53.20181],[-129.24942,53.28294],[-129.27575,53.331],[-129.19782,53.32168],[-129.13956,53.1048],[-129.27672,53.09199],[-129.33357,53.20181]]],[[[-128.92073,53.33808],[-129.10375,53.31883],[-129.14818,53.36371],[-128.99722,53.54393],[-128.92073,53.33808]]],[[[-129.15998,53.62702],[-129.03771,53.69184],[-128.82364,53.70808],[-128.88427,53.57624],[-128.98054,53.58466],[-129.09386,53.50894],[-129.16625,53.3854],[-129.15998,53.62702]]],[[[-123.30289,48.59699],[-123.33747,48.64842],[-123.28034,48.6013],[-123.30289,48.59699]]],[[[-123.32262,48.81281],[-123.18668,48.7364],[-123.307,48.76463],[-123.32262,48.81281]]],[[[-123.10171,48.76187],[-123.2235,48.83267],[-123.04231,48.78449],[-123.10171,48.76187]]],[[[-123.44042,48.72211],[-123.54092,48.74632],[-123.59557,48.95181],[-123.36901,48.77424],[-123.4584,48.7674],[-123.44042,48.72211]]],[[[-123.69725,49.10932],[-123.54674,48.97622],[-123.31713,48.86982],[-123.53075,48.94196],[-123.69725,49.10932]]],[[[-123.69701,49.14769],[-123.84284,49.15103],[-123.86978,49.1905],[-123.69701,49.14769]]],[[[-125.94498,49.19782],[-126.01171,49.15913],[-126.03502,49.20181],[-125.94498,49.19782]]],[[[-125.84173,49.13378],[-125.91499,49.1763],[-125.90107,49.22552],[-125.797,49.22704],[-125.84173,49.13378]]],[[[-126.04849,49.26703],[-126.22354,49.27709],[-126.23144,49.37861],[-126.10802,49.3841],[-126.04849,49.26703]]],[[[-123.416,49.33723],[-123.41812,49.38093],[-123.31517,49.4134],[-123.35936,49.34292],[-123.416,49.33723]]],[[[-124.17174,49.46426],[-124.35228,49.47492],[-124.37906,49.50727],[-124.17174,49.46426]]],[[[-123.43969,49.52131],[-123.36217,49.54076],[-123.3238,49.46186],[-123.45157,49.44522],[-123.43969,49.52131]]],[[[-124.59415,49.52163],[-124.67178,49.49722],[-124.7025,49.53766],[-124.59415,49.52163]]],[[[-124.74641,49.48847],[-124.82722,49.60297],[-124.69083,49.48286],[-124.74641,49.48847]]],[[[-123.35704,48.40058],[-123.43733,48.44465],[-123.55061,48.31306],[-123.65392,48.31428],[-125.09398,48.73005],[-125.18517,48.80097],[-124.847,49.02045],[-124.77941,49.15205],[-124.80842,49.24657],[-124.88801,49.01398],[-125.24039,48.95547],[-125.33601,48.97223],[-125.26085,49.02753],[-125.34284,49.04116],[-125.48937,48.91865],[-125.87169,49.09016],[-125.61294,49.20637],[-125.74669,49.14814],[-125.74055,49.2674],[-125.80211,49.2534],[-125.77477,49.3701],[-125.84374,49.26703],[-125.95604,49.2329],[-126.02807,49.27387],[-125.95092,49.32026],[-125.91198,49.43838],[-126.01439,49.32233],[-126.07649,49.38373],[-126.05508,49.4453],[-126.1857,49.40424],[-126.25479,49.45051],[-126.29735,49.36254],[-126.44835,49.47053],[-126.46434,49.39566],[-126.52782,49.37885],[-126.57266,49.41429],[-126.56257,49.58739],[-126.09203,49.66999],[-126.45324,49.6743],[-126.48738,49.69505],[-126.4112,49.77822],[-126.46736,49.7923],[-126.49356,49.71894],[-126.57311,49.70694],[-126.64973,49.89802],[-126.72639,49.88239],[-126.84362,49.97346],[-126.80264,49.92813],[-126.83947,49.88817],[-126.89159,49.89102],[-126.91934,49.97346],[-126.93615,49.86664],[-127.14192,49.86664],[-127.23754,49.96182],[-127.08873,50.11075],[-127.09691,50.15095],[-127.18969,50.09565],[-127.28527,50.15095],[-127.28332,50.06244],[-127.36254,50.03254],[-127.46744,50.0895],[-127.41902,50.13044],[-127.4879,50.13044],[-127.42642,50.17886],[-127.46345,50.18696],[-127.61417,50.1188],[-127.61083,50.18505],[-127.64989,50.17805],[-127.79638,50.08271],[-127.8981,50.11408],[-127.74698,50.24323],[-127.85098,50.28124],[-127.80891,50.32176],[-127.96809,50.34223],[-127.92577,50.4621],[-127.59118,50.48575],[-127.44693,50.3769],[-127.56249,50.52106],[-127.41902,50.60346],[-127.54581,50.57022],[-127.87767,50.63011],[-127.5926,50.54361],[-128.05004,50.4958],[-128.06017,50.45258],[-128.31981,50.60981],[-128.33869,50.64716],[-128.27774,50.66913],[-128.37344,50.68232],[-128.41723,50.77188],[-128.07698,50.87031],[-127.88248,50.86689],[-127.51806,50.77977],[-127.47362,50.69896],[-127.40534,50.74738],[-127.35009,50.67853],[-126.86425,50.5301],[-126.19311,50.46971],[-125.95751,50.39501],[-125.45446,50.3288],[-125.36954,50.13858],[-125.17833,49.92499],[-124.88207,49.72492],[-124.87584,49.67744],[-124.97623,49.66804],[-124.79475,49.47256],[-124.15917,49.31045],[-124.10949,49.2801],[-124.17838,49.26024],[-123.97769,49.24095],[-123.93078,49.14354],[-123.81338,49.1186],[-123.75137,49.02798],[-123.83511,49.00019],[-123.57994,48.8216],[-123.57299,48.74624],[-123.65079,48.75312],[-123.52668,48.67805],[-123.53547,48.54011],[-123.43733,48.65009],[-123.47204,48.68488],[-123.39924,48.68154],[-123.28063,48.44839],[-123.35704,48.40058]]],[[[-124.65429,49.78799],[-124.34789,49.70417],[-124.12316,49.49982],[-124.43883,49.61188],[-124.66442,49.74689],[-124.65429,49.78799]]],[[[-124.20507,49.70527],[-124.02013,49.78099],[-124.16369,49.65982],[-124.20507,49.70527]]],[[[-124.99568,50.23208],[-124.89098,50.06904],[-124.98648,50.01439],[-125.0598,50.11547],[-124.99568,50.23208]]],[[[-125.16308,49.99315],[-125.34944,50.24168],[-125.26317,50.29401],[-125.16568,50.20596],[-125.22765,50.1208],[-125.16308,49.99315]]],[[[-124.94864,50.26765],[-124.81575,50.27383],[-124.81566,50.21158],[-124.75377,50.16828],[-124.84252,50.12222],[-124.86937,50.16633],[-124.82893,50.18505],[-124.92593,50.19986],[-124.94864,50.26765]]],[[[-124.80826,50.23188],[-124.72509,50.30451],[-124.66145,50.26284],[-124.66454,50.19123],[-124.7307,50.16795],[-124.7233,50.29287],[-124.75666,50.21939],[-124.80826,50.23188]]],[[[-125.32917,50.34272],[-125.28795,50.4374],[-125.1715,50.3911],[-125.04796,50.20555],[-125.1422,50.1258],[-125.1361,50.23237],[-125.21247,50.32225],[-125.39806,50.30785],[-125.39436,50.34951],[-125.32917,50.34272]]],[[[-125.33959,50.45254],[-125.44774,50.3537],[-125.54479,50.37783],[-125.33959,50.45254]]],[[[-125.59203,50.38801],[-125.78336,50.39741],[-125.50227,50.4138],[-125.59203,50.38801]]],[[[-125.94864,50.42499],[-125.80582,50.47504],[-125.73917,50.42862],[-125.80427,50.4086],[-125.94864,50.42499]]],[[[-126.24462,50.55414],[-126.44815,50.51923],[-126.6245,50.53457],[-126.32486,50.6048],[-126.24462,50.55414]]],[[[-126.36352,50.61884],[-126.50011,50.57892],[-126.5585,50.60318],[-126.36352,50.61884]]],[[[-126.61767,50.67231],[-126.27229,50.83002],[-126.17886,50.7508],[-126.28808,50.65461],[-126.61767,50.67231]]],[[[-114.06384,48.99251],[-122.75302,48.99251],[-122.90661,49.08832],[-123.09051,48.99251],[-123.14297,49.06094],[-123.04068,49.15103],[-123.21198,49.12995],[-123.19831,49.20563],[-123.1376,49.1957],[-123.2469,49.27464],[-122.96085,49.28189],[-122.8557,49.4418],[-122.93814,49.32583],[-123.27001,49.33535],[-123.17101,49.70527],[-123.25642,49.593],[-123.50267,49.50544],[-123.47321,49.43452],[-123.53356,49.38849],[-123.88557,49.47728],[-124.06111,49.63081],[-124.02013,49.73261],[-123.93928,49.7436],[-123.77709,49.50532],[-123.76008,49.60969],[-123.53352,49.70527],[-123.79454,49.64403],[-123.9276,49.76362],[-123.88362,49.90111],[-123.9536,49.98969],[-123.75455,50.09374],[-123.82836,50.15839],[-123.99348,50.21979],[-123.80785,50.10318],[-123.99315,50.01081],[-123.989,49.93378],[-123.91088,49.86978],[-123.93822,49.8288],[-124.00113,49.81184],[-124.03746,49.92499],[-124.08161,49.8083],[-124.28303,49.74657],[-124.51325,49.79751],[-124.82893,50.05476],[-124.68488,49.98648],[-124.70539,50.10318],[-124.60294,50.2403],[-124.71345,50.33137],[-124.65982,50.39208],[-124.4112,50.44575],[-124.359,50.50926],[-124.67199,50.43085],[-124.83015,50.31761],[-124.95177,50.32844],[-125.00699,50.43212],[-124.99519,50.3603],[-125.08153,50.32469],[-125.05744,50.47728],[-124.86986,50.58295],[-124.82364,50.73452],[-124.91047,50.79361],[-124.78726,50.88459],[-124.81383,50.92719],[-124.98648,50.80825],[-124.90001,50.73526],[-124.90819,50.62739],[-125.17833,50.41909],[-125.24352,50.5041],[-125.32543,50.4737],[-125.35668,50.54312],[-125.43224,50.46605],[-125.57706,50.47069],[-125.45458,50.72036],[-125.55557,50.6662],[-125.67024,50.43944],[-125.78722,50.53164],[-126.00772,50.4715],[-126.28063,50.51944],[-125.93863,50.63011],[-126.26895,50.63028],[-125.71646,50.67853],[-125.62023,50.75772],[-125.64542,50.85493],[-125.55968,50.86563],[-125.50731,50.93919],[-125.63703,51.1037],[-125.54206,50.93919],[-125.67927,50.87031],[-125.64769,50.78242],[-125.92125,50.68488],[-126.21227,50.67512],[-126.03124,50.78937],[-126.17886,50.78095],[-126.18383,50.86787],[-126.54735,50.83739],[-126.49893,50.92235],[-126.22326,50.90501],[-126.17309,50.93879],[-126.45946,50.95173],[-126.51472,51.07636],[-126.53506,50.94172],[-126.67422,50.87816],[-126.84618,50.94343],[-126.89916,50.90693],[-127.16576,50.93919],[-126.92199,50.87226],[-127.0218,50.82193],[-127.42903,50.9431],[-127.42369,50.98322],[-127.53075,51.00373],[-127.48107,51.10993],[-127.66194,51.09748],[-127.77701,51.16722],[-127.78954,51.23338],[-127.57144,51.3006],[-127.22102,51.28925],[-127.1385,51.32282],[-127.11734,51.39851],[-127.28185,51.30231],[-127.51521,51.3166],[-127.48449,51.35757],[-127.75186,51.32193],[-127.77843,51.36489],[-127.55187,51.47089],[-127.46801,51.6284],[-126.67723,51.64574],[-126.60342,51.71381],[-126.66613,51.80256],[-126.6444,51.72004],[-126.69933,51.66543],[-127.35009,51.71381],[-127.42321,51.67186],[-127.43269,51.75479],[-127.36238,51.78022],[-127.35009,51.87018],[-127.49267,51.69872],[-127.64558,51.70014],[-127.46744,51.6623],[-127.55883,51.61884],[-127.62271,51.47818],[-127.71386,51.45775],[-127.76163,51.49409],[-127.65925,51.51459],[-127.80272,51.53766],[-127.87369,51.67341],[-127.88256,51.86555],[-127.8496,51.92011],[-127.66609,51.95962],[-127.58263,52.12783],[-127.46801,52.14118],[-127.57653,52.09369],[-127.62442,52.02851],[-127.43049,52.08881],[-127.45173,52.18187],[-127.14826,52.31904],[-126.99763,52.29751],[-126.67227,51.98749],[-126.67219,52.04735],[-126.88512,52.19452],[-126.93855,52.30585],[-126.73375,52.37116],[-127.04161,52.33784],[-127.18969,52.38788],[-127.22765,52.52285],[-126.98233,52.64472],[-126.92553,52.73428],[-126.96955,52.82941],[-127.0764,52.88508],[-126.98689,52.71088],[-127.25866,52.55329],[-127.26887,52.46898],[-127.61657,52.29853],[-127.75544,52.28181],[-127.73664,52.3544],[-127.87243,52.21955],[-127.93293,52.31647],[-127.84748,52.37132],[-127.91869,52.45026],[-127.88825,52.51512],[-127.92614,52.44685],[-127.90258,52.38532],[-127.96768,52.3227],[-128.01594,52.34675],[-128.05309,52.48517],[-127.93423,52.50593],[-127.87767,52.58405],[-128.09236,52.51325],[-128.2967,52.27558],[-128.39224,52.29605],[-128.22623,52.46052],[-128.24205,52.57038],[-128.1256,52.75283],[-128.13223,52.87311],[-128.0288,52.91665],[-128.13834,52.92666],[-128.2482,52.80317],[-128.44298,52.8277],[-128.53624,53.08027],[-128.49527,53.09736],[-128.55675,53.12873],[-128.48103,53.14574],[-128.84911,53.27855],[-128.88634,53.42695],[-128.83104,53.48835],[-128.91763,53.45869],[-128.97448,53.55663],[-128.78946,53.5703],[-128.49389,53.34406],[-128.50837,53.41266],[-128.35192,53.48151],[-128.12702,53.45087],[-128.07014,53.39899],[-128.10424,53.33759],[-127.97696,53.34235],[-127.95344,53.2652],[-127.87149,53.22834],[-128.11107,53.48835],[-128.37413,53.50357],[-128.52941,53.43374],[-128.80773,53.61538],[-128.77514,53.79828],[-128.67785,53.85932],[-128.47374,53.8415],[-128.69392,53.89932],[-128.5983,54.03022],[-128.93285,53.77635],[-128.90616,53.84467],[-128.94713,53.81049],[-128.9403,53.86514],[-129.00919,53.89932],[-128.97322,53.77757],[-129.06383,53.81049],[-129.03327,53.7495],[-129.22834,53.63272],[-129.28978,53.3854],[-130.10473,53.94709],[-130.05012,54.15619],[-129.96133,54.16681],[-129.71496,53.95384],[-129.92723,54.18732],[-129.83812,54.22207],[-129.63695,54.18114],[-129.47533,54.23505],[-129.59512,54.20034],[-129.82897,54.24213],[-130.12491,54.16087],[-130.28148,54.21442],[-130.19473,54.26301],[-130.24938,54.4064],[-130.34887,54.33373],[-130.48253,54.37368],[-130.4654,54.44424],[-130.37971,54.46101],[-130.43537,54.50218],[-130.43122,54.56778],[-130.37971,54.5777],[-130.43122,54.63296],[-130.05297,54.33739],[-129.95889,54.32209],[-130.08487,54.39208],[-130.0631,54.47895],[-129.98144,54.51545],[-130.06379,54.50194],[-130.10115,54.42634],[-130.37243,54.66425],[-130.23445,54.71141],[-130.01163,54.61986],[-129.87955,54.62059],[-130.20153,54.7285],[-130.05012,54.89301],[-130.17365,54.84455],[-130.02204,54.97386],[-129.95665,54.95742],[-129.98925,54.92032],[-129.82482,54.99543],[-129.64135,54.98957],[-130.00105,55.02245],[-129.63923,55.44107],[-129.4757,55.46406],[-129.63467,55.46162],[-129.71296,55.4208],[-129.82482,55.61921],[-129.77701,55.47944],[-129.83845,55.37279],[-129.79003,55.40009],[-129.7862,55.35676],[-130.05647,55.00935],[-130.12483,55.00528],[-130.16739,55.08539],[-129.94937,55.29316],[-130.09398,55.55264],[-130.08072,55.685],[-130.13061,55.73627],[-129.96133,55.92084],[-130.01962,55.90795],[-130.07154,56.08412],[-130.40397,56.1219],[-130.47229,56.22489],[-130.76033,56.34519],[-131.10055,56.40767],[-131.56036,56.59407],[-131.82559,56.59334],[-131.87156,56.79346],[-132.10738,56.85875],[-132.03186,57.02841],[-132.34122,57.08039],[-132.23099,57.19682],[-133.16559,58.14731],[-133.41503,58.33055],[-133.39224,58.40388],[-133.83113,58.71802],[-134.22219,58.84271],[-134.39939,58.97495],[-134.38717,59.03686],[-134.45101,59.09789],[-134.61077,59.14456],[-134.69208,59.23525],[-134.95783,59.28098],[-135.0162,59.33617],[-134.99325,59.38191],[-135.09575,59.41886],[-135.02325,59.47715],[-135.01852,59.55936],[-135.46514,59.78968],[-136.35033,59.59238],[-136.24473,59.5282],[-136.32,59.45906],[-136.46756,59.46164],[-136.46655,59.2878],[-136.56949,59.17215],[-136.84082,59.14817],[-137.48687,58.90008],[-137.61136,59.23933],[-138.59921,59.75382],[-138.70489,59.89846],[-139.06021,60.00006],[-119.99996,60.00006],[-120.00102,53.82281],[-119.73248,53.62313],[-119.92652,53.61494],[-119.90492,53.5219],[-119.64163,53.35382],[-119.39328,53.36449],[-119.26339,53.1983],[-119.02878,53.13464],[-118.99666,53.23649],[-118.85023,53.18329],[-118.75138,53.11505],[-118.7766,53.0532],[-118.67218,53.03408],[-118.62428,52.88695],[-118.49824,52.89966],[-118.42065,52.84034],[-118.43246,52.79089],[-118.30621,52.67746],[-118.34804,52.61643],[-118.2074,52.48207],[-118.2589,52.44533],[-118.2266,52.37034],[-118.04328,52.40812],[-117.99199,52.48465],[-117.73627,52.39127],[-117.82177,52.27955],[-117.75369,52.20028],[-117.5908,52.13041],[-117.37619,52.13413],[-117.31885,52.18198],[-117.26994,52.04507],[-117.04737,51.91523],[-116.93766,51.71989],[-116.82268,51.71299],[-116.76372,51.79188],[-116.67155,51.80591],[-116.57637,51.64424],[-116.29576,51.45068],[-116.25747,51.31436],[-116.05126,51.24121],[-115.97708,51.11458],[-115.77859,51.07296],[-115.62035,50.97022],[-115.57193,50.90028],[-115.64671,50.85204],[-115.33474,50.72517],[-115.22061,50.5504],[-114.99972,50.56286],[-114.77511,50.35414],[-114.72439,50.12604],[-114.66111,50.06428],[-114.68643,49.90708],[-114.62483,49.78022],[-114.74389,49.58762],[-114.57633,49.5562],[-114.57804,49.39451],[-114.37981,49.25787],[-114.3764,49.20459],[-114.22537,49.18594],[-114.03745,49.03427],[-114.06384,48.99251]]]]}},{"type":"Feature","properties":{"id":"ca-mb","lat":54.53144,"lng":-97.19022},"geometry":{"type":"Polygon","coordinates":[[[-95.16189,49.00115],[-101.36434,48.99267],[-102.00105,55.81649],[-102.0016,60.00006],[-94.80313,60.00007],[-94.7733,59.78962],[-94.81945,59.63866],[-94.72423,59.44383],[-94.73852,59.34772],[-94.66015,59.35875],[-94.77221,59.29804],[-94.79312,59.09382],[-94.96728,59.08592],[-94.99918,59.0528],[-94.80403,59.06306],[-94.80744,59.01813],[-94.68326,58.95038],[-94.74596,58.83312],[-94.60814,58.88154],[-94.48526,58.82005],[-94.43688,58.72382],[-94.20409,58.80646],[-94.208,58.68378],[-94.3085,58.57514],[-94.28661,58.43651],[-94.36172,58.22301],[-94.23204,58.40111],[-94.24673,58.59081],[-94.14289,58.7368],[-94.1774,58.77912],[-93.496,58.77351],[-93.40909,58.70506],[-93.32649,58.75995],[-93.15575,58.74437],[-93.12344,58.51288],[-92.80777,58.07575],[-92.7858,57.83942],[-92.73058,57.82575],[-92.42357,57.35444],[-92.43952,57.25328],[-92.59716,57.04833],[-92.7049,56.95539],[-92.88199,56.91454],[-92.67658,56.94188],[-92.49096,57.03807],[-92.21813,57.06281],[-92.47053,56.93505],[-92.33739,56.95954],[-91.03112,57.26463],[-90.58552,57.22993],[-89.96296,57.00397],[-88.947,56.85322],[-91.3784,55.31598],[-93.62017,53.7469],[-95.15377,52.82135],[-95.16189,49.00115]]]}},{"type":"Feature","properties":{"id":"ca-nb","lat":46.5784,"lng":-66.25086},"geometry":{"type":"MultiPolygon","coordinates":[[[[-66.82575,44.78758],[-66.73247,44.76882],[-66.69039,44.62],[-66.78328,44.66121],[-66.90599,44.60617],[-66.82575,44.78758]]],[[[-66.92056,44.85033],[-66.98176,44.87246],[-66.90494,44.9558],[-66.89322,44.90632],[-66.92056,44.85033]]],[[[-66.98567,44.92585],[-67.01692,44.97923],[-66.93879,45.02481],[-66.98567,44.92585]]],[[[-67.17602,45.17866],[-67.31922,45.15389],[-67.4713,45.26628],[-67.42883,45.38705],[-67.49321,45.49314],[-67.42619,45.53345],[-67.43131,45.59794],[-67.80705,45.71287],[-67.75785,45.91947],[-67.81356,47.08191],[-68.24645,47.36057],[-68.88972,47.19061],[-69.06356,47.29081],[-68.58384,47.42225],[-68.40809,47.5363],[-68.37786,47.92834],[-68.11346,47.92834],[-68.11346,47.99754],[-67.61284,47.99754],[-67.60597,47.93806],[-67.36371,47.83928],[-67.31989,47.89615],[-66.96164,47.89455],[-66.89418,47.99208],[-66.38589,48.07514],[-66.23835,47.98517],[-65.77221,47.88292],[-65.63573,47.62226],[-65.20934,47.81969],[-65.02575,47.8496],[-64.97777,47.84199],[-65.07335,47.77989],[-64.82628,47.8155],[-64.7897,47.77131],[-64.86046,47.75255],[-64.66861,47.73212],[-64.81261,47.67748],[-64.89216,47.56151],[-64.92931,47.45091],[-64.86783,47.4857],[-64.95963,47.2943],[-65.36754,47.08779],[-65.20303,47.09463],[-65.20645,47.04678],[-64.79963,47.08161],[-64.80647,46.98542],[-64.90583,46.88687],[-64.79214,46.72472],[-64.83943,46.71686],[-64.85424,46.67634],[-64.71361,46.68716],[-64.71109,46.48045],[-64.61339,46.4193],[-64.62767,46.35415],[-64.70401,46.3275],[-64.5585,46.36913],[-64.52343,46.3216],[-64.5594,46.22378],[-64.25329,46.23444],[-64.15127,46.16633],[-63.97322,46.18346],[-63.77111,46.11522],[-64.07274,46.05996],[-64.0513,45.97683],[-64.15954,45.96376],[-64.27342,45.83567],[-64.36148,45.88508],[-64.49498,45.72102],[-64.54577,45.73159],[-64.49055,45.81672],[-64.53148,45.90225],[-64.57242,45.88561],[-64.70397,46.06216],[-64.76488,46.08727],[-64.57242,45.8607],[-64.6761,45.75153],[-64.64135,45.72419],[-64.77164,45.61433],[-64.90478,45.62824],[-65.75235,45.24437],[-65.92931,45.21304],[-66.13598,45.31265],[-66.00186,45.39859],[-66.00975,45.46434],[-66.09496,45.35423],[-66.19677,45.33381],[-66.06021,45.25804],[-66.20214,45.15949],[-66.24938,45.20466],[-66.31005,45.20482],[-66.2589,45.16177],[-66.44066,45.0799],[-66.49096,45.15563],[-66.8889,45.0607],[-66.91104,45.11392],[-66.84789,45.12832],[-66.94347,45.18977],[-67.02115,45.16836],[-67.04007,45.07563],[-67.17719,45.22899],[-67.17602,45.17866]]],[[[-64.47745,47.9444],[-64.53893,47.8072],[-64.64879,47.73212],[-64.6966,47.75943],[-64.64879,47.79047],[-64.68977,47.79361],[-64.68053,47.8614],[-64.52013,47.8736],[-64.47745,47.9444]]],[[[-64.48428,48.02009],[-64.48742,47.94123],[-64.59044,47.90347],[-64.52579,48.0207],[-64.48428,48.02009]]]]}},{"type":"Feature","properties":{"id":"ca-nl","lat":49.1201,"lng":-56.72898},"geometry":{"type":"MultiPolygon","coordinates":[[[[-57.2925,54.28374],[-57.34101,54.24745],[-57.3677,54.26938],[-57.2925,54.28374]]],[[[-57.85725,54.80337],[-58.15709,54.76386],[-58.22737,54.87141],[-57.9453,54.92658],[-57.98754,54.80366],[-57.85725,54.80337]]],[[[-64.38061,60.24518],[-64.63654,60.29304],[-64.75866,60.23835],[-64.55736,60.26984],[-64.46325,60.23835],[-64.56627,60.17634],[-64.41617,60.22337],[-64.38061,60.17011],[-64.49791,60.11481],[-64.46325,60.08751],[-64.63244,60.07152],[-64.82828,59.99116],[-64.45153,60.06615],[-64.37719,60.12975],[-64.39322,60.01447],[-64.53954,60.01093],[-64.40193,59.94147],[-64.51842,59.90253],[-64.22423,59.9975],[-64.32604,60.06025],[-64.18261,60.03229],[-64.14786,59.98448],[-64.29874,59.94355],[-64.18261,59.9156],[-64.25772,59.87462],[-64.12637,59.90746],[-64.19254,59.77851],[-64.26456,59.76476],[-64.14786,59.68285],[-63.92199,59.6555],[-64.03161,59.64496],[-64.12059,59.51838],[-64.00731,59.62401],[-63.86408,59.61131],[-63.9807,59.50641],[-63.87414,59.57298],[-63.72769,59.51996],[-63.79503,59.42219],[-64.06066,59.38727],[-63.70963,59.36815],[-63.82575,59.24462],[-63.73013,59.26508],[-63.65168,59.36815],[-63.52408,59.32311],[-63.62898,59.21699],[-63.38073,59.27875],[-63.44904,59.24462],[-63.46325,59.1931],[-63.36083,59.19823],[-63.44221,59.12055],[-63.74718,59.0528],[-63.97354,59.07897],[-64.03991,59.01793],[-63.89464,59.05968],[-63.88231,58.96198],[-63.87076,59.03319],[-63.81212,59.04601],[-63.5358,59.03632],[-63.35277,59.10444],[-63.13158,59.06232],[-63.33975,59.03234],[-63.22248,59.00507],[-63.30557,58.94298],[-63.18318,58.98436],[-63.22985,58.94298],[-63.16161,58.92247],[-63.32608,58.86103],[-63.16784,58.88154],[-63.15478,58.82628],[-63.01452,58.89741],[-63.0524,58.86103],[-62.92691,58.82319],[-62.91462,58.75117],[-63.04491,58.71019],[-62.84459,58.68517],[-63.16784,58.50483],[-63.44221,58.52464],[-63.52408,58.47748],[-63.33975,58.4632],[-63.59301,58.30553],[-63.26403,58.47004],[-63.08585,58.45637],[-63.15713,58.39501],[-63.16161,58.36762],[-63.0633,58.45161],[-62.55826,58.47748],[-62.65392,58.41478],[-62.62344,58.30927],[-62.85554,58.26866],[-62.90758,58.21434],[-62.66759,58.27147],[-62.58332,58.23522],[-62.63524,58.18675],[-63.07909,58.15534],[-63.01081,58.14106],[-63.33975,57.984],[-63.11954,58.00487],[-62.92618,58.13288],[-62.58117,58.16527],[-62.55211,58.12934],[-62.46207,58.18199],[-62.51732,58.05854],[-62.3767,58.1129],[-62.42858,58.08641],[-62.30504,58.03119],[-62.53449,58.00568],[-62.67496,57.93561],[-62.42113,57.96357],[-62.42077,57.87067],[-62.33918,57.984],[-62.32409,57.90904],[-62.27774,57.95673],[-62.20885,57.90827],[-62.14086,57.97826],[-62.06574,57.89891],[-62.14053,57.8332],[-62.11872,57.79747],[-62.00715,57.78136],[-61.88671,57.63764],[-62.08967,57.54076],[-62.27033,57.5384],[-62.34895,57.45775],[-62.53368,57.49604],[-62.37707,57.42853],[-62.15937,57.46906],[-61.90038,57.41547],[-61.8048,57.36705],[-61.92764,57.36705],[-61.87149,57.34284],[-61.88048,57.27766],[-62.01163,57.24299],[-61.8651,57.17064],[-61.78527,57.19627],[-61.78429,57.15477],[-61.61978,57.22993],[-61.69644,57.1579],[-61.47179,57.15607],[-61.35912,57.08959],[-61.34484,56.95551],[-61.50178,56.97895],[-61.64342,56.88353],[-61.66417,56.80895],[-61.90465,56.79377],[-61.88671,56.70234],[-61.81847,56.7569],[-61.69494,56.7296],[-61.81994,56.70897],[-61.67162,56.65546],[-61.6881,56.62035],[-62.50308,56.78486],[-62.04442,56.82579],[-62.08869,56.8413],[-62.49376,56.8546],[-62.5856,56.79784],[-61.91405,56.62653],[-62.24299,56.62035],[-61.71203,56.57538],[-61.66759,56.50328],[-62.03677,56.50804],[-62.08593,56.48322],[-61.94807,56.46564],[-62.14737,56.45527],[-61.81395,56.40339],[-61.84577,56.38703],[-61.60554,56.28392],[-62.07848,56.2982],[-61.93529,56.21735],[-61.34484,56.22248],[-61.40941,56.13231],[-61.33861,56.11103],[-61.45531,56.05805],[-61.23497,56.04377],[-61.50308,56.0102],[-61.38305,55.99657],[-61.46215,56.00275],[-61.40274,55.95991],[-61.13899,55.97215],[-61.07852,55.89289],[-61.19327,55.87962],[-61.0985,55.84833],[-60.7285,55.82526],[-60.94392,55.7298],[-60.74901,55.73652],[-60.60196,55.81957],[-60.59138,55.70856],[-60.65624,55.67638],[-60.6813,55.56456],[-60.50792,55.80402],[-60.33471,55.78197],[-60.37511,55.68549],[-60.52538,55.61677],[-60.39953,55.61298],[-60.45474,55.50312],[-60.34089,55.58271],[-60.30403,55.53046],[-60.45474,55.44786],[-60.48209,55.35228],[-60.32771,55.49482],[-60.36539,55.43488],[-60.28376,55.44062],[-60.25402,55.50495],[-60.19408,55.42744],[-60.36242,55.39045],[-60.40396,55.29218],[-60.50255,55.27037],[-60.61242,55.16791],[-60.35534,55.2591],[-60.6739,55.05065],[-60.68757,54.99543],[-60.26903,55.24299],[-60.13952,55.284],[-60.19408,55.19465],[-60.02282,55.27656],[-60.29711,55.02338],[-60.02282,55.23558],[-59.77636,55.33185],[-59.7202,55.27424],[-59.73542,55.20148],[-59.97448,55.15595],[-59.96398,55.11713],[-59.64342,55.13353],[-59.53059,55.21406],[-59.49523,55.14008],[-59.43004,55.14203],[-59.73542,54.96809],[-59.92199,54.74323],[-59.79198,54.78681],[-59.79345,54.87596],[-59.44762,55.06196],[-59.41324,55.03022],[-59.26867,55.20832],[-59.21605,55.21821],[-59.22151,55.16791],[-59.15978,55.23871],[-59.14265,55.15473],[-59.38622,55.00458],[-59.38256,54.97801],[-59.12792,55.12727],[-59.10481,55.0786],[-59.02741,55.16197],[-58.95425,55.13109],[-59.04479,54.99885],[-58.98778,55.01952],[-58.89249,54.95441],[-59.01545,54.89301],[-58.90567,54.92247],[-58.91381,54.84821],[-58.79841,54.85777],[-58.75129,54.80292],[-58.713,54.84984],[-58.42235,54.74409],[-58.38634,54.79523],[-58.20352,54.79743],[-58.15949,54.74217],[-57.86482,54.74494],[-57.6859,54.63793],[-57.48644,54.6588],[-57.35041,54.58942],[-57.432,54.5572],[-57.37548,54.52668],[-57.41161,54.49132],[-57.70702,54.47529],[-57.41902,54.46101],[-57.63386,54.38341],[-58.18615,54.35859],[-58.2613,54.31017],[-58.0974,54.33185],[-58.72741,54.1457],[-59.57966,54.05036],[-59.51081,54.00117],[-59.30285,54.01838],[-58.69811,54.12438],[-58.37116,54.22822],[-58.62633,54.0443],[-59.04271,54.03022],[-58.91979,54.01598],[-59.47452,53.82811],[-59.84398,53.84467],[-59.87877,53.82416],[-59.8072,53.79845],[-60.13268,53.78315],[-60.01659,53.70808],[-60.09415,53.70038],[-60.07103,53.56647],[-60.1361,53.52936],[-60.38854,53.66791],[-60.82128,53.77973],[-60.85945,53.83515],[-60.92028,53.7143],[-60.63671,53.70384],[-60.10163,53.50202],[-60.06371,53.50886],[-60.0371,53.43993],[-60.13268,53.46105],[-60.41226,53.35798],[-60.18126,53.33637],[-60.42064,53.26862],[-60.12898,53.27546],[-60.09105,53.30622],[-60.14265,53.33369],[-60.02904,53.3581],[-59.87312,53.48774],[-59.7838,53.48151],[-59.87947,53.53815],[-59.60725,53.5338],[-59.31705,53.687],[-59.02221,53.7143],[-59.07067,53.79625],[-58.84069,53.94709],[-58.12808,54.09789],[-57.79577,54.07123],[-58.15062,54.14057],[-58.32177,54.09284],[-58.41552,54.14045],[-58.35607,54.20958],[-58.01159,54.23973],[-57.61701,54.16681],[-57.46618,54.2003],[-57.35692,54.13947],[-57.26203,53.97801],[-57.15803,53.95112],[-57.21345,53.8791],[-57.07579,53.82416],[-57.13781,53.82416],[-57.12414,53.74164],[-57.54939,53.59077],[-57.44628,53.62556],[-57.31778,53.58519],[-57.30915,53.49518],[-57.37743,53.4337],[-57.28116,53.43993],[-56.98347,53.72748],[-56.59602,53.7143],[-56.61767,53.76952],[-56.47989,53.79002],[-56.41161,53.72797],[-56.72692,53.687],[-55.9796,53.54979],[-56.01549,53.50401],[-56.2635,53.55366],[-55.96593,53.41266],[-56.04109,53.37165],[-55.92467,53.40156],[-55.81652,53.3404],[-55.91137,53.30964],[-55.8192,53.29967],[-55.8636,53.24815],[-55.74547,53.2556],[-55.84309,53.21467],[-55.7469,53.14574],[-55.82876,53.09736],[-55.94546,53.11848],[-55.87719,53.07685],[-55.93139,53.02582],[-56.05875,53.04267],[-56.16519,53.02843],[-56.08202,53.0222],[-56.12279,52.97309],[-55.90416,52.98351],[-55.80211,52.84068],[-55.97517,52.7779],[-56.16246,52.81798],[-55.96593,52.68708],[-55.77758,52.6811],[-55.75373,52.62499],[-56.09724,52.66218],[-55.97814,52.61774],[-56.04849,52.57722],[-55.98644,52.55671],[-56.1171,52.57038],[-56.21817,52.54027],[-56.29849,52.57262],[-56.50036,52.59772],[-56.26671,52.53856],[-55.82876,52.52196],[-55.74059,52.49291],[-55.75862,52.44953],[-55.64757,52.44318],[-55.65388,52.36506],[-55.80826,52.38544],[-55.78356,52.33869],[-56.19872,52.44685],[-55.82258,52.33019],[-55.85676,52.30345],[-55.70934,52.29601],[-55.79467,52.24079],[-55.61653,52.22032],[-55.78039,52.20665],[-55.69225,52.18614],[-55.6848,52.11168],[-55.80211,52.08373],[-55.76114,52.05646],[-55.81013,52.02253],[-55.96593,52.02167],[-55.89769,51.97044],[-55.93419,51.92524],[-56.68248,51.64814],[-56.82535,51.48998],[-56.92553,51.50092],[-56.94986,51.43407],[-57.04845,51.41901],[-57.10088,51.41921],[-57.10098,52.00008],[-63.73871,51.9998],[-63.81956,52.06811],[-63.64006,52.05062],[-63.78321,52.29123],[-63.74951,52.32239],[-63.97266,52.35358],[-64.08117,52.47344],[-63.87593,52.60841],[-63.3791,52.65115],[-63.59578,52.77089],[-63.61204,52.8612],[-63.71866,52.77866],[-64.16578,52.67548],[-64.18985,52.5723],[-64.12794,52.38657],[-64.22081,52.26619],[-64.15546,52.13206],[-64.25176,52.11486],[-64.23457,51.98072],[-64.33775,52.01168],[-64.36182,51.96697],[-64.27928,51.73997],[-64.53035,51.59208],[-64.77111,51.76405],[-64.95683,51.72277],[-65.18383,51.77436],[-65.27669,51.86723],[-65.3386,51.81907],[-65.39363,51.89818],[-65.37644,51.98416],[-65.50025,52.09766],[-65.6619,51.9876],[-65.65502,52.10798],[-65.99208,52.05983],[-66.08838,52.09078],[-66.07807,52.16989],[-66.28443,52.30747],[-66.26379,52.15613],[-66.37385,52.14238],[-66.48047,52.33498],[-66.34978,52.35905],[-66.40481,52.64796],[-66.28787,52.61013],[-66.40137,52.84401],[-66.28787,52.84745],[-66.42544,53.03661],[-66.62493,52.93687],[-66.65588,52.79586],[-66.76938,52.7649],[-66.76938,52.67892],[-66.85192,52.73051],[-66.86568,52.66172],[-67.04109,52.77522],[-67.06172,52.87496],[-67.16491,52.81993],[-67.30248,52.86808],[-67.38503,53.1054],[-67.24057,53.16731],[-66.99638,53.08132],[-66.96198,53.29456],[-67.01013,53.35303],[-66.88976,53.41494],[-67.03077,53.51468],[-67.32312,53.56627],[-67.41254,53.69353],[-67.59483,53.78295],[-67.5226,53.83798],[-67.80807,54.03403],[-67.77367,54.12689],[-67.63954,54.1888],[-67.7496,54.42612],[-67.50884,54.48802],[-67.49853,54.59464],[-67.26809,54.48458],[-67.26121,54.57057],[-67.0858,54.68063],[-67.0858,54.73222],[-67.42286,54.99705],[-67.40808,55.08062],[-67.27413,55.06599],[-67.3094,55.01566],[-67.02518,54.89603],[-66.93617,54.79908],[-66.70135,54.74017],[-66.72106,54.77547],[-66.60712,54.80394],[-66.72881,54.93866],[-66.66076,54.98424],[-66.76233,55.10421],[-66.68872,55.20175],[-66.83715,55.31724],[-66.77041,55.33879],[-66.25432,54.99812],[-66.03992,54.91102],[-65.85598,54.9075],[-65.68061,54.71482],[-65.47987,54.73095],[-65.47258,54.84208],[-65.29587,54.82568],[-65.10276,54.95685],[-64.78213,54.83479],[-64.76756,54.73824],[-64.57628,54.72731],[-64.39228,54.78925],[-64.05161,54.60707],[-63.89858,54.6016],[-63.72916,54.64715],[-63.90405,54.78196],[-63.82389,54.82932],[-63.81478,54.94045],[-63.60528,54.90219],[-63.58888,55.1208],[-63.41035,55.25197],[-63.55063,55.22647],[-63.65993,55.27019],[-63.54152,55.30845],[-63.57795,55.33942],[-63.33019,55.3886],[-63.76741,55.46147],[-63.68544,55.51977],[-63.66904,55.62361],[-63.7492,55.65458],[-63.69637,55.77664],[-63.84029,55.91327],[-63.44493,56.02283],[-63.80432,56.04325],[-63.8779,56.07859],[-63.86181,56.12329],[-64.01032,56.06976],[-64.01095,56.15559],[-63.8769,56.21729],[-64.09107,56.26282],[-64.16967,56.42565],[-63.87713,56.43935],[-64.12572,56.70928],[-63.99286,56.78863],[-63.99743,56.85477],[-63.87137,56.87813],[-63.91539,56.9366],[-63.87604,57.0592],[-63.79525,57.10091],[-63.74331,57.22674],[-63.82049,57.27454],[-63.85018,57.19181],[-63.8692,57.24979],[-63.83798,57.32534],[-63.70791,57.38523],[-63.76494,57.56439],[-63.58394,57.70805],[-63.64921,57.73115],[-63.69593,57.65896],[-63.76951,57.73053],[-63.81752,57.68852],[-63.89188,57.73035],[-63.93942,57.80097],[-64.05389,57.7679],[-64.22137,58.04524],[-64.42764,58.0748],[-64.38963,58.18771],[-64.20918,58.238],[-64.15644,58.34812],[-63.81987,58.47411],[-63.89041,58.56684],[-64.078,58.55203],[-64.05942,58.66903],[-63.48374,58.75864],[-63.57182,58.83527],[-63.76042,58.87909],[-64.15706,58.75078],[-64.26152,58.78179],[-64.31041,58.88468],[-64.88216,58.93506],[-64.75421,59.06508],[-64.4379,58.98291],[-64.29206,59.00725],[-64.46911,59.08838],[-64.53399,59.1953],[-64.50342,59.42952],[-64.34937,59.5051],[-64.45345,59.52588],[-64.70201,59.44728],[-64.90318,59.60381],[-64.88504,59.6638],[-64.77446,59.69922],[-64.8141,59.81898],[-64.74772,59.84317],[-64.7677,59.88007],[-64.65439,59.91668],[-64.84534,59.96828],[-64.90422,60.04776],[-64.59918,60.11783],[-64.636,60.17426],[-64.80955,60.19772],[-64.84467,60.26412],[-64.76421,60.2896],[-64.53141,60.3039],[-64.38061,60.24518]]],[[[-60.68757,55.92829],[-60.86514,55.86587],[-60.89981,55.87678],[-60.81786,55.8867],[-60.8793,55.92084],[-60.85204,55.96186],[-60.68757,55.92829]]],[[[-60.94066,56.01895],[-61.17414,56.03242],[-61.23233,56.0998],[-61.04381,56.16108],[-60.94078,56.09219],[-61.00967,56.03754],[-60.94066,56.01895]]],[[[-61.42683,56.33442],[-61.59699,56.33324],[-61.79735,56.42113],[-61.46215,56.40811],[-61.42683,56.33442]]],[[[-61.14684,56.44221],[-61.49942,56.44196],[-61.63964,56.49689],[-61.42805,56.48322],[-61.63345,56.51048],[-61.5714,56.52416],[-61.60554,56.5583],[-61.46231,56.55004],[-61.31135,56.49689],[-61.36657,56.47574],[-61.19323,56.48505],[-61.22883,56.45527],[-61.14684,56.44221]]],[[[-61.23257,56.61945],[-61.13378,56.66132],[-61.15518,56.6944],[-61.05748,56.63398],[-61.20067,56.58438],[-61.23257,56.61945]]],[[[-61.62572,56.86636],[-61.47883,56.95767],[-61.33869,56.93505],[-61.40689,56.87983],[-61.37076,56.84707],[-61.58471,56.77167],[-61.38439,56.77216],[-61.38842,56.62324],[-61.64713,56.73648],[-61.62572,56.86636]]],[[[-61.88907,57.45523],[-61.67935,57.53754],[-61.64713,57.4831],[-61.82527,57.43529],[-61.61295,57.41547],[-61.84895,57.41511],[-61.88907,57.45523]]],[[[-61.91405,57.45954],[-62.01708,57.51789],[-61.99828,57.5727],[-61.79271,57.55663],[-61.79393,57.50731],[-61.91405,57.45954]]],[[[-61.8004,57.84492],[-61.65412,57.78998],[-61.67797,57.72793],[-61.90038,57.76431],[-61.8004,57.84492]]],[[[-61.95983,57.78954],[-62.10578,57.83857],[-61.98233,57.91511],[-61.87173,57.84846],[-61.95983,57.78954]]],[[[-63.96288,59.75178],[-64.13903,59.70087],[-64.20311,59.74494],[-64.12743,59.75861],[-64.15534,59.78653],[-64.0797,59.86644],[-64.03185,59.80573],[-64.07897,59.79955],[-63.96288,59.75178]]],[[[-64.43236,60.37275],[-64.47745,60.33393],[-64.42667,60.2862],[-64.51924,60.31933],[-64.49022,60.36122],[-64.43236,60.37275]]],[[[-55.93895,47.27188],[-55.88805,47.29491],[-55.84309,47.27342],[-55.871,47.25165],[-55.93895,47.27188]]],[[[-55.87719,47.61603],[-56.09765,47.62979],[-56.10827,47.65412],[-55.9405,47.68561],[-55.87719,47.61603]]],[[[-52.69058,47.46459],[-52.65661,47.43708],[-52.80045,47.30695],[-52.75951,47.30012],[-52.81408,47.27342],[-52.85945,47.1153],[-52.93761,47.08784],[-52.84919,47.06981],[-52.85448,47.02635],[-52.94127,46.79133],[-53.06688,46.6656],[-53.19286,46.62763],[-53.26598,46.739],[-53.38947,46.68378],[-53.35534,46.739],[-53.55468,46.61835],[-53.63646,46.71137],[-53.48571,46.9029],[-53.64489,46.80117],[-53.52115,46.94465],[-53.64338,46.98542],[-53.49869,47.13565],[-53.57103,47.15615],[-53.56017,47.20453],[-53.94783,46.85814],[-54.09862,46.80048],[-54.18855,46.82844],[-54.18541,46.9278],[-54.01041,47.23387],[-53.93175,47.23436],[-53.99621,47.31721],[-53.92227,47.31322],[-53.89289,47.39289],[-53.80785,47.42365],[-53.92345,47.45409],[-53.89257,47.59882],[-54.08153,47.87547],[-54.12507,47.82811],[-54.17097,47.87547],[-54.26651,47.90347],[-54.19823,47.83332],[-54.45836,47.49942],[-54.40368,47.45091],[-54.61596,47.36896],[-54.41735,47.6092],[-54.66442,47.3758],[-54.82201,47.36896],[-54.78726,47.42365],[-54.82824,47.3758],[-54.83788,47.41926],[-55.02746,47.23867],[-55.02697,47.17255],[-55.0738,47.15697],[-55.088,47.20624],[-55.1361,47.16974],[-55.08894,47.16974],[-55.0747,47.081],[-55.15461,47.0126],[-55.19616,47.06965],[-55.25088,46.91885],[-55.41784,46.8666],[-55.52782,46.94383],[-55.73941,46.85444],[-55.95031,46.90436],[-55.97997,46.97036],[-55.86986,47.07514],[-55.48717,47.14029],[-55.30126,47.26765],[-55.25528,47.41144],[-55.18399,47.46035],[-54.95519,47.50617],[-54.69856,47.67064],[-55.08849,47.60171],[-54.9381,47.78734],[-55.13117,47.58356],[-55.12987,47.6638],[-55.36238,47.65412],[-55.35582,47.73212],[-55.42732,47.71955],[-55.4702,47.6269],[-55.3968,47.61603],[-55.40705,47.50145],[-55.5985,47.39932],[-55.58922,47.45775],[-55.6643,47.43724],[-55.58922,47.5124],[-55.63842,47.54532],[-55.6643,47.49189],[-55.77416,47.45775],[-55.75373,47.54027],[-55.80525,47.46223],[-55.91759,47.43724],[-55.7469,47.58808],[-56.10578,47.4667],[-56.16194,47.49193],[-55.62955,47.67748],[-55.84309,47.62226],[-55.91442,47.65925],[-55.73941,47.9239],[-55.78039,47.95808],[-55.86001,47.7912],[-56.05932,47.69953],[-56.11083,47.70405],[-56.05533,47.77993],[-56.10106,47.75971],[-56.15095,47.84199],[-56.18078,47.63068],[-56.30175,47.6291],[-56.30858,47.75259],[-56.33585,47.61603],[-56.69957,47.62226],[-56.63756,47.58808],[-56.67614,47.57734],[-56.75426,47.63654],[-56.70588,47.56761],[-56.79149,47.5301],[-57.1466,47.57233],[-57.17199,47.63654],[-57.31457,47.58369],[-57.33292,47.64273],[-57.62784,47.60175],[-57.734,47.6564],[-57.76781,47.61603],[-57.91861,47.65013],[-57.88451,47.69733],[-58.35473,47.64912],[-58.2613,47.75259],[-58.34972,47.73965],[-58.42577,47.63654],[-58.53189,47.66568],[-58.62755,47.61205],[-59.14635,47.56098],[-59.30846,47.6225],[-59.28287,47.75943],[-59.40583,47.89663],[-58.57042,48.44033],[-58.49462,48.45832],[-58.60448,48.40371],[-58.27221,48.5209],[-58.70324,48.55451],[-59.26244,48.4726],[-59.2069,48.55533],[-58.76895,48.78046],[-58.95885,48.61616],[-58.89269,48.5539],[-58.85094,48.63646],[-58.8131,48.5716],[-58.71373,48.56818],[-58.66658,48.72582],[-58.39843,49.1367],[-58.34878,49.14492],[-58.35749,49.06167],[-58.21337,49.0742],[-58.06859,48.97919],[-57.88451,48.97223],[-58.04621,48.99641],[-58.13541,49.12694],[-57.91246,49.12995],[-57.85041,49.18452],[-58.07999,49.1468],[-58.10066,49.18281],[-57.9261,49.24657],[-58.19343,49.24307],[-58.22867,49.371],[-58.00121,49.56192],[-57.92028,49.53193],[-57.89745,49.43919],[-57.87145,49.50666],[-57.70031,49.46284],[-57.82307,49.56192],[-57.87768,49.53229],[-57.94811,49.67951],[-57.35529,50.60659],[-57.19839,50.59691],[-57.15478,50.62568],[-57.27562,50.62393],[-57.24022,50.63752],[-57.39696,50.70864],[-57.16552,50.75312],[-56.92553,50.91816],[-57.08943,51.02114],[-56.90071,51.01821],[-56.98013,51.05533],[-56.79524,51.13784],[-56.80948,51.19245],[-56.74682,51.19929],[-56.79524,51.24087],[-56.7202,51.31932],[-55.82258,51.62385],[-55.89025,51.50092],[-55.60969,51.48041],[-55.73786,51.555],[-55.63215,51.61005],[-55.61034,51.56664],[-55.51407,51.60395],[-55.4042,51.56297],[-55.47252,51.56297],[-55.45572,51.50092],[-55.53458,51.50837],[-55.45812,51.46328],[-55.50048,51.37743],[-55.60969,51.35008],[-55.59606,51.30915],[-56.08951,51.37055],[-56.01439,51.27505],[-56.07579,51.23338],[-55.96569,51.159],[-55.95914,51.19929],[-55.76447,51.21748],[-55.71911,51.18431],[-55.73314,51.08308],[-55.80468,51.06908],[-55.77416,51.03539],[-55.87719,50.86347],[-55.92504,50.88459],[-56.08064,50.72065],[-56.13728,50.77473],[-56.10375,50.90501],[-56.16137,50.87824],[-56.16218,50.72085],[-56.10009,50.66861],[-56.25023,50.52766],[-56.32225,50.52766],[-56.26643,50.50629],[-56.41161,50.3769],[-56.50036,50.3911],[-56.42951,50.36213],[-56.44416,50.30439],[-56.52343,50.19644],[-56.67227,50.13044],[-56.64631,50.09919],[-56.77575,49.95075],[-56.71947,49.94855],[-56.76842,49.83027],[-56.9051,49.75373],[-56.78157,49.72944],[-56.85668,49.54825],[-56.55777,49.84813],[-56.46687,49.89765],[-56.42528,49.84569],[-56.31705,50.03925],[-56.11681,50.15839],[-56.06216,50.08271],[-56.19188,49.92499],[-56.01008,50.03119],[-56.00341,49.97158],[-55.95914,50.04108],[-55.74641,49.93195],[-55.49299,50.01439],[-55.46508,49.96255],[-55.71496,49.82221],[-56.00194,49.75251],[-56.16544,49.57465],[-55.96849,49.70283],[-55.8356,49.69164],[-55.93863,49.60969],[-55.87719,49.59602],[-55.90079,49.5624],[-56.13073,49.42914],[-55.82201,49.52204],[-55.71923,49.47565],[-55.78783,49.45205],[-55.67858,49.47256],[-55.65746,49.38373],[-55.5209,49.4936],[-55.56932,49.3627],[-55.4862,49.47997],[-55.37011,49.50666],[-55.43155,49.42475],[-55.31485,49.45205],[-55.44522,49.35586],[-55.38313,49.33535],[-55.28856,49.40078],[-55.34215,49.35586],[-55.31485,49.31489],[-55.23632,49.38996],[-55.31485,49.53461],[-55.19884,49.50666],[-55.21247,49.53461],[-55.15567,49.5493],[-55.1361,49.54076],[-55.22289,49.26455],[-55.36506,49.17227],[-55.31395,49.10179],[-55.38313,49.04731],[-55.18448,49.12303],[-55.27766,49.10602],[-55.28844,49.19457],[-55.05419,49.29438],[-55.08214,49.3627],[-55.01317,49.34903],[-55.03401,49.23021],[-54.88048,49.28901],[-54.83373,49.40961],[-54.81697,49.27562],[-54.46931,49.54609],[-54.53405,49.44522],[-54.43102,49.47256],[-54.48347,49.26765],[-54.37291,49.42231],[-54.21935,49.4173],[-54.23233,49.3627],[-54.04475,49.48176],[-53.98595,49.45889],[-54.0406,49.43838],[-53.92394,49.45205],[-53.49254,49.28754],[-53.45368,49.24217],[-53.6223,49.11717],[-53.58991,49.05207],[-53.83825,49.03368],[-53.72525,49.01386],[-53.88292,48.99274],[-53.81094,48.9313],[-54.19762,48.77424],[-54.02086,48.81538],[-53.99063,48.76838],[-53.84447,48.83906],[-53.8004,48.8146],[-53.91771,48.80097],[-53.84138,48.77424],[-53.87792,48.74795],[-54.02013,48.74632],[-53.94518,48.72866],[-53.95124,48.6706],[-53.89599,48.65009],[-53.93139,48.62962],[-53.79357,48.67805],[-53.91666,48.67276],[-53.83519,48.75039],[-53.85497,48.70474],[-53.75023,48.71214],[-53.72619,48.65998],[-53.60412,48.6767],[-53.90343,48.58869],[-53.95865,48.54707],[-53.71101,48.56074],[-53.79357,48.54023],[-53.74889,48.51976],[-54.16413,48.39069],[-54.13679,48.35529],[-53.85538,48.47525],[-53.81404,48.46516],[-53.8767,48.4099],[-53.85603,48.36839],[-53.65685,48.54658],[-53.61539,48.49934],[-53.72525,48.43159],[-53.6328,48.45148],[-53.5819,48.5266],[-53.58812,48.47883],[-53.54711,48.49242],[-53.61539,48.4099],[-53.47501,48.51097],[-53.43724,48.61591],[-53.34219,48.61274],[-53.24352,48.52635],[-53.07681,48.70356],[-52.98477,48.55451],[-53.18741,48.35529],[-53.35489,48.38666],[-53.36901,48.29385],[-53.63947,48.16934],[-53.92528,48.23701],[-53.94127,48.1767],[-53.90518,48.08511],[-53.6632,48.0611],[-53.90836,48.02106],[-53.77595,47.99942],[-53.60855,48.05427],[-53.69734,47.89663],[-53.78734,47.90347],[-53.72525,47.8898],[-53.79162,47.7746],[-53.8675,47.84345],[-53.92894,47.85244],[-53.76317,47.62568],[-53.66617,47.68403],[-53.71174,47.60993],[-53.65233,47.57685],[-53.67003,47.52668],[-53.55386,47.53925],[-53.49869,47.74641],[-53.27648,48.01642],[-53.06103,48.05191],[-52.92333,48.17097],[-52.83674,48.10545],[-52.91442,48.08959],[-53.20739,47.73591],[-53.15612,47.68374],[-53.26207,47.6142],[-53.1704,47.6092],[-53.25975,47.55854],[-53.18399,47.56078],[-53.2045,47.47138],[-53.14928,47.47822],[-53.19522,47.43708],[-53.12938,47.41681],[-52.87637,47.58828],[-52.77253,47.80101],[-52.70421,47.75601],[-52.71793,47.67064],[-52.65754,47.66059],[-52.69058,47.55394],[-52.61661,47.52269],[-52.69058,47.46459]]],[[[-55.70849,49.50849],[-55.72574,49.56192],[-55.65746,49.56192],[-55.65709,49.54145],[-55.70849,49.50849]]],[[[-55.82389,50.20414],[-55.86752,50.19321],[-55.886,50.19746],[-55.82389,50.20414]]],[[[-55.70904,50.18953],[-55.78952,50.20747],[-55.79999,50.23032],[-55.72993,50.23017],[-55.70904,50.18953]]],[[[-57.20293,50.83442],[-57.24021,50.79565],[-57.27706,50.81736],[-57.25026,50.84064],[-57.20293,50.83442]]],[[[-55.81186,52.77013],[-55.8613,52.73037],[-55.89536,52.76331],[-55.81186,52.77013]]],[[[-55.78682,53.0165],[-55.80234,52.94458],[-55.85041,53.00353],[-55.78682,53.0165]]],[[[-55.75877,53.03409],[-55.87069,53.02649],[-55.87444,53.05708],[-55.79035,53.09383],[-55.75877,53.03409]]],[[[-55.98993,53.47041],[-55.75172,53.46399],[-55.81339,53.43299],[-55.76948,53.40263],[-55.98993,53.47041]]],[[[-57.04494,53.71508],[-57.09261,53.64926],[-57.17214,53.65962],[-57.12978,53.70463],[-57.04494,53.71508]]],[[[-56.81771,53.79004],[-56.98428,53.75938],[-56.99955,53.81039],[-56.81771,53.79004]]],[[[-57.19764,54.44933],[-57.29334,54.4686],[-57.22893,54.49194],[-57.19764,54.44933]]],[[[-57.27508,54.57965],[-57.26804,54.50352],[-57.36567,54.52385],[-57.27508,54.57965]]],[[[-54.8124,47.23178],[-54.79423,47.27939],[-54.77814,47.27356],[-54.8124,47.23178]]],[[[-54.20963,47.3599],[-54.17804,47.41819],[-54.14459,47.40044],[-54.15335,47.36836],[-54.20963,47.3599]]],[[[-54.24405,47.4077],[-54.3627,47.40998],[-54.12605,47.67011],[-54.15665,47.53352],[-54.24405,47.4077]]],[[[-54.08153,47.47822],[-54.08153,47.69115],[-54.06111,47.6564],[-54.08153,47.47822]]],[[[-52.91644,47.63446],[-53.01918,47.61904],[-52.91876,47.65264],[-52.91644,47.63446]]],[[[-53.54353,48.20702],[-53.5655,48.08218],[-53.82388,48.09626],[-53.93139,48.20844],[-53.67748,48.14985],[-53.54353,48.20702]]],[[[-54.65762,49.48745],[-54.73038,49.41128],[-54.75377,49.44522],[-54.65762,49.48745]]],[[[-54.885,49.5952],[-54.73266,49.55508],[-54.6337,49.63377],[-54.53938,49.66104],[-54.52929,49.62507],[-54.74401,49.4938],[-54.87662,49.4936],[-54.80687,49.51561],[-54.885,49.5952]]],[[[-55.57079,49.60285],[-55.69311,49.56835],[-55.72574,49.58177],[-55.67174,49.63703],[-55.57079,49.60285]]],[[[-54.30748,49.67178],[-54.26985,49.72724],[-54.1914,49.67797],[-54.11022,49.75446],[-53.9785,49.66429],[-54.26334,49.57119],[-54.30748,49.67178]]],[[[-55.46947,50.78559],[-55.58239,50.69896],[-55.64639,50.73261],[-55.61107,50.79564],[-55.46947,50.78559]]],[[[-55.56737,50.91527],[-55.62336,50.91193],[-55.63915,50.96149],[-55.5419,50.98778],[-55.56737,50.91527]]],[[[-55.4274,51.89134],[-55.27013,52.0056],[-55.33239,51.89761],[-55.4274,51.89134]]]]}},{"type":"Feature","properties":{"id":"ca-ns","lat":44.73355,"lng":-64.37099},"geometry":{"type":"MultiPolygon","coordinates":[[[[-65.55993,43.51081],[-65.61059,43.42817],[-65.62881,43.42207],[-65.65612,43.46304],[-65.55993,43.51081]]],[[[-59.75712,43.96606],[-59.96322,43.91407],[-60.07512,43.92722],[-60.13016,43.96047],[-59.87155,43.94208],[-59.70718,44.01442],[-59.75712,43.96606]]],[[[-66.20446,44.38117],[-66.31347,44.25068],[-66.32775,44.25812],[-66.24177,44.37739],[-66.20446,44.38117]]],[[[-64.02424,46.00182],[-63.66975,45.82339],[-63.65909,45.87385],[-63.49193,45.88264],[-63.4086,45.85448],[-63.51594,45.8109],[-63.22985,45.80606],[-63.38073,45.77196],[-63.28795,45.72419],[-63.18887,45.7788],[-63.20255,45.73717],[-63.06542,45.7589],[-63.10066,45.81135],[-62.67496,45.77196],[-62.75695,45.7589],[-62.63341,45.71735],[-62.77058,45.67442],[-62.74974,45.61286],[-62.6129,45.69066],[-62.47574,45.66271],[-62.50914,45.61498],[-62.47045,45.61449],[-61.91149,45.88898],[-61.87629,45.69269],[-61.61978,45.61433],[-61.49254,45.69066],[-61.33869,45.55284],[-61.23721,45.50576],[-61.24853,45.45311],[-61.46154,45.35484],[-60.99865,45.33316],[-60.96866,45.27163],[-61.03698,45.29963],[-61.11974,45.21345],[-61.11954,45.27163],[-61.1647,45.26366],[-61.17479,45.20279],[-61.27855,45.25401],[-61.38915,45.16356],[-61.68712,45.17536],[-61.63964,45.08731],[-61.82527,45.09903],[-61.83894,45.04637],[-62.05061,45.01097],[-61.98884,44.98493],[-62.39342,44.91026],[-62.44839,44.83348],[-62.47574,44.90111],[-62.5515,44.86758],[-62.53099,44.80622],[-62.60676,44.83714],[-62.80533,44.78506],[-62.83043,44.71776],[-62.98949,44.71101],[-63.05858,44.77822],[-63.01403,44.7106],[-63.05858,44.6752],[-63.11937,44.79068],[-63.14049,44.68887],[-63.15478,44.7298],[-63.21394,44.68122],[-63.23668,44.73729],[-63.28515,44.62743],[-63.4169,44.68293],[-63.43895,44.59634],[-63.66186,44.71678],[-63.52326,44.51813],[-63.6328,44.44074],[-63.76488,44.5045],[-63.79337,44.46841],[-63.78478,44.53185],[-63.92943,44.51134],[-63.94302,44.62051],[-63.88842,44.69636],[-64.06599,44.63426],[-64.01134,44.51134],[-64.07584,44.47663],[-64.16218,44.57966],[-64.22737,44.53701],[-64.30553,44.56598],[-64.33971,44.41515],[-64.21056,44.36734],[-64.34716,44.36734],[-64.23729,44.29914],[-64.26903,44.26708],[-64.42907,44.33999],[-64.36018,44.2718],[-64.49791,44.14077],[-64.60619,44.1586],[-64.54577,44.11726],[-64.57649,44.06924],[-64.71703,44.05882],[-64.66698,43.99787],[-64.8474,43.9291],[-64.78596,43.8745],[-64.83898,43.82966],[-64.91503,43.88072],[-64.90661,43.805],[-64.96679,43.87364],[-64.93248,43.80626],[-64.98396,43.75788],[-65.03917,43.83234],[-65.02497,43.71621],[-65.08698,43.75788],[-65.12857,43.67467],[-65.14159,43.75104],[-65.17846,43.71007],[-65.23786,43.80557],[-65.25036,43.67341],[-65.32722,43.6964],[-65.32299,43.76545],[-65.36754,43.74356],[-65.34081,43.54491],[-65.4569,43.59951],[-65.40168,43.50397],[-65.4501,43.56045],[-65.47484,43.47093],[-65.56599,43.57404],[-65.66918,43.49714],[-65.72956,43.51349],[-65.86164,43.80557],[-65.87719,43.7696],[-65.93716,43.82599],[-65.97134,43.7801],[-65.99665,43.85407],[-65.9796,43.70596],[-66.06021,43.71621],[-66.07942,43.77237],[-66.12169,43.74356],[-66.19058,44.16535],[-66.09496,44.37417],[-65.84048,44.57339],[-65.94254,44.5834],[-66.19677,44.39094],[-65.99877,44.57966],[-65.78588,44.69636],[-65.75707,44.61091],[-65.69229,44.62071],[-65.42894,44.77822],[-65.74177,44.66783],[-65.72346,44.72744],[-64.86319,45.13955],[-64.4154,45.27163],[-64.47777,45.34113],[-64.32974,45.30956],[-64.36754,45.10782],[-64.30553,45.14879],[-64.22346,45.10838],[-64.15534,44.98371],[-64.1007,45.05939],[-64.19933,45.14867],[-64.11506,45.21605],[-63.71589,45.32632],[-63.46947,45.29214],[-63.36022,45.36107],[-63.81578,45.39517],[-63.89086,45.35289],[-64.10534,45.41515],[-64.38805,45.3673],[-64.57616,45.41564],[-64.75866,45.29963],[-64.82274,45.34797],[-64.92931,45.32632],[-64.90201,45.43],[-64.79963,45.47085],[-64.83312,45.484],[-64.45702,45.68317],[-64.38061,45.79239],[-64.30553,45.82657],[-64.33348,45.74462],[-64.26456,45.76512],[-64.30553,45.7788],[-64.17507,45.95001],[-64.02424,46.00182]]],[[[-60.88923,45.57392],[-61.00353,45.46076],[-61.11172,45.54877],[-61.00967,45.5808],[-60.88923,45.57392]]],[[[-62.50691,45.82807],[-62.55584,45.79925],[-62.60314,45.80421],[-62.57442,45.824],[-62.50691,45.82807]]],[[[-59.70808,45.9947],[-59.77815,46.01244],[-59.68863,46.03026],[-59.70808,45.9947]]],[[[-60.07457,45.79678],[-60.39538,45.64252],[-60.67178,45.57368],[-60.87108,45.64566],[-61.15673,45.55659],[-61.20832,45.6081],[-61.28458,45.54767],[-61.44205,45.68179],[-61.5515,46.0218],[-61.45897,46.14533],[-61.28063,46.24555],[-61.08617,46.4665],[-61.04308,46.62531],[-61.02379,46.59321],[-60.64208,47.00373],[-60.39611,47.02635],[-60.49576,46.89545],[-60.31078,46.85444],[-60.34488,46.694],[-60.39953,46.67011],[-60.3518,46.60126],[-60.60578,46.21133],[-60.47525,46.32001],[-60.41885,46.32978],[-60.42691,46.284],[-60.63223,46.11799],[-60.87414,46.07917],[-61.11864,45.94941],[-61.00992,45.94139],[-60.88394,46.03465],[-60.73595,46.05659],[-60.81505,45.93696],[-61.07116,45.89549],[-61.09846,45.85448],[-60.98925,45.88866],[-60.91413,45.85448],[-61.10285,45.77888],[-61.14761,45.70791],[-60.91283,45.75617],[-60.80736,45.72077],[-60.83837,45.64228],[-60.73249,45.68439],[-60.73721,45.77375],[-60.39953,45.99795],[-60.69913,45.89094],[-60.78165,45.95429],[-60.30101,46.21869],[-60.40071,46.21817],[-60.6527,46.07221],[-60.28352,46.32754],[-60.20466,46.24185],[-60.29027,46.15619],[-60.20499,46.14228],[-60.1361,46.25178],[-59.93383,46.15852],[-59.81054,46.16987],[-59.88561,46.08047],[-59.81054,46.10782],[-59.95792,46.02749],[-59.8321,46.00312],[-59.80529,45.93553],[-60.12735,45.86945],[-60.15559,45.83796],[-60.07457,45.79678]]]]}},{"type":"Feature","properties":{"id":"ca-nt","lat":65.31834,"lng":-121.43331},"geometry":{"type":"MultiPolygon","coordinates":[[[[-135.85367,68.83731],[-135.40978,68.68098],[-135.14904,68.66047],[-135.50536,68.84544],[-135.34089,68.83861],[-136.00499,68.9479],[-135.92308,68.96214],[-135.99059,69.01594],[-135.95417,69.04841],[-135.76993,68.99152],[-135.51903,69.02977],[-135.69498,69.01537],[-135.91942,69.09349],[-135.96776,69.22215],[-135.89452,69.25165],[-135.58804,69.1249],[-135.41592,69.0987],[-135.85538,69.29047],[-135.6822,69.33027],[-135.56737,69.22907],[-135.61315,69.3216],[-135.56932,69.34467],[-135.16666,69.26301],[-135.28433,69.41454],[-135.15538,69.47972],[-134.80647,69.50275],[-134.47631,69.44379],[-134.41641,69.49746],[-134.59447,69.51288],[-134.47126,69.54434],[-134.40551,69.63687],[-134.48095,69.72748],[-134.22423,69.68154],[-134.14916,69.63312],[-134.24242,69.57722],[-134.12092,69.54434],[-133.91466,69.51166],[-133.80773,69.57612],[-133.75129,69.55117],[-134.1007,69.29792],[-134.22224,69.27261],[-134.31298,69.15396],[-134.16291,69.25568],[-133.68204,69.34317],[-133.63191,69.39916],[-133.04552,69.43452],[-132.96984,69.51704],[-132.97566,69.61432],[-132.88728,69.66108],[-132.5301,69.63199],[-132.333,69.68464],[-132.62719,69.67406],[-132.54841,69.74299],[-132.27741,69.77432],[-132.48379,69.73615],[-132.1389,69.68793],[-131.45128,69.89631],[-131.40831,69.96149],[-131.24059,69.93305],[-131.18847,69.8249],[-131.16796,69.88695],[-131.08483,69.89265],[-130.92781,70.03034],[-131.024,70.03034],[-130.89362,70.10602],[-130.91723,70.07502],[-130.72281,70.13202],[-130.72297,70.0786],[-130.51529,70.17719],[-130.46158,70.17495],[-130.53807,70.1529],[-130.51977,70.1048],[-130.38508,70.16568],[-130.29092,70.10602],[-130.33812,70.0856],[-130.15998,70.10602],[-130.18688,70.05256],[-130.09822,70.11286],[-129.93171,70.07612],[-129.79003,70.18122],[-129.83096,70.2023],[-129.67394,70.26992],[-129.59203,70.19546],[-129.63297,70.16755],[-129.4549,70.14704],[-129.49942,70.11774],[-129.46817,70.09077],[-129.40648,70.12116],[-129.59976,69.9912],[-130.52709,69.78388],[-130.59114,69.70771],[-130.78966,69.67756],[-130.94115,69.5659],[-131.04796,69.64374],[-131.33186,69.57787],[-131.66828,69.57787],[-131.66344,69.53579],[-131.98355,69.53685],[-132.14061,69.41401],[-132.07852,69.38605],[-132.11433,69.36148],[-132.34667,69.30756],[-132.32486,69.24921],[-132.4348,69.30415],[-132.49747,69.16014],[-132.54467,69.29047],[-132.77123,69.25633],[-132.90795,69.13084],[-132.83263,69.11298],[-132.89981,69.07636],[-132.892,68.98273],[-132.92886,69.08161],[-133.10074,69.07201],[-133.20275,69.03791],[-133.23672,68.91376],[-133.35399,68.86591],[-133.40124,68.89326],[-133.3629,68.91181],[-133.47012,68.89326],[-133.42854,68.85847],[-133.49132,68.84252],[-133.45104,68.79116],[-133.06574,68.694],[-132.92203,68.7014],[-133.14891,68.72382],[-133.26183,68.77936],[-133.15673,68.77562],[-133.38817,68.84544],[-132.92886,68.8039],[-132.9403,68.86327],[-132.7257,68.79072],[-132.70539,68.83698],[-132.48323,68.80541],[-132.39387,68.86591],[-132.5502,68.92011],[-132.48379,68.88581],[-132.78454,68.85102],[-132.70979,68.88581],[-132.8109,68.93732],[-132.67565,68.9274],[-132.84984,68.98579],[-132.82649,69.04409],[-132.87365,69.05777],[-132.48379,69.14712],[-132.41527,69.23786],[-132.46955,69.11298],[-132.32698,69.23371],[-132.29577,69.20539],[-132.34667,69.19489],[-132.30089,69.18195],[-132.20263,69.21882],[-132.2163,69.15396],[-132.16137,69.24608],[-131.88044,69.28465],[-131.71544,69.40034],[-131.97672,69.40778],[-131.91124,69.42813],[-131.64712,69.42829],[-131.67357,69.46369],[-131.61303,69.47606],[-131.42756,69.43513],[-131.51488,69.33592],[-131.31705,69.4938],[-131.24372,69.40778],[-131.25206,69.50385],[-131.21117,69.39842],[-131.41438,69.29792],[-131.34781,69.31708],[-131.16112,69.39354],[-131.16112,69.49592],[-131.24307,69.58535],[-131.11514,69.51675],[-131.13805,69.36978],[-131.06176,69.48908],[-131.19469,69.59211],[-131.1278,69.62104],[-131.03018,69.46182],[-131.11954,69.32526],[-131.04113,69.36685],[-130.94774,69.53889],[-130.93883,69.4243],[-131.05126,69.33894],[-131.02278,69.30923],[-130.90087,69.38565],[-131.02619,69.206],[-131.01187,69.14509],[-130.92781,69.13963],[-130.94514,69.27668],[-130.6466,69.46182],[-130.75023,69.45433],[-130.44738,69.58535],[-130.33812,69.68154],[-130.37971,69.69452],[-129.12291,69.85611],[-128.88606,69.97626],[-128.95792,69.89411],[-128.93285,69.8454],[-129.1737,69.83234],[-129.15364,69.70352],[-128.94152,69.68244],[-128.96764,69.73241],[-128.31037,69.96271],[-128.37023,70.0974],[-128.33723,70.12983],[-127.51521,70.22211],[-128.03238,70.29369],[-128.11107,70.36677],[-127.9584,70.34821],[-127.90624,70.39411],[-128.17821,70.37995],[-128.16344,70.49551],[-128.00182,70.59272],[-127.13646,70.25288],[-126.88463,70.01048],[-126.77477,69.97574],[-126.80578,69.89863],[-126.70177,69.7674],[-126.24523,69.52534],[-125.44884,69.31916],[-125.37011,69.35252],[-125.45954,69.41401],[-125.16124,69.38605],[-125.08898,69.45433],[-125.62401,69.42084],[-125.48396,69.51366],[-125.11685,69.48969],[-125.29434,69.55117],[-125.21931,69.58535],[-125.43838,69.61262],[-125.38634,69.61473],[-125.41857,69.64057],[-125.37011,69.69452],[-125.06798,69.75096],[-124.97012,69.73322],[-124.93692,69.64997],[-124.82201,69.71503],[-125.28136,69.81122],[-125.18053,69.85733],[-125.16894,69.80207],[-125.06461,69.79938],[-124.91511,69.93513],[-124.63024,69.98627],[-124.99275,70.01048],[-125.20946,69.93549],[-125.20621,70.00308],[-125.01382,70.0856],[-124.98766,70.04556],[-125.04796,70.03034],[-125.00609,70.01996],[-124.82201,70.07136],[-124.65046,70.07486],[-124.57653,70.01484],[-124.41735,70.05146],[-124.58243,70.0856],[-124.50674,70.10602],[-124.75325,70.1201],[-124.55455,70.16132],[-124.40811,70.15542],[-124.44392,70.11115],[-124.3627,70.07136],[-124.39037,70.02045],[-124.50674,70.01048],[-124.41735,69.99624],[-124.54088,69.96955],[-124.43537,69.95527],[-124.50691,69.91633],[-124.40372,69.85969],[-124.50674,69.73615],[-124.32608,69.69798],[-124.07478,69.72866],[-124.03441,69.68154],[-124.42911,69.47346],[-124.41735,69.41401],[-124.52107,69.40778],[-124.42284,69.36665],[-124.15884,69.34809],[-124.05427,69.39354],[-124.00646,69.34512],[-123.98314,69.40436],[-123.66356,69.35936],[-123.38268,69.41401],[-123.44323,69.47687],[-123.16564,69.50043],[-123.16356,69.61603],[-123.10045,69.67536],[-123.15734,69.77025],[-122.951,69.83857],[-122.77253,69.79487],[-122.74584,69.83234],[-121.64387,69.78905],[-120.80736,69.62352],[-120.68082,69.55667],[-120.66961,67.99699],[-112.50385,65.5013],[-110.66942,65.49611],[-109.51633,64.90188],[-108.97288,64.77817],[-101.99909,64.2274],[-102.0016,60.00006],[-124.02555,60.0199],[-123.98082,60.09845],[-124.1957,60.33006],[-124.21616,60.46132],[-124.4164,60.47931],[-124.6197,60.68208],[-124.47873,60.78787],[-124.59862,60.96455],[-124.80579,60.96816],[-124.89188,60.85515],[-125.17861,60.8497],[-125.36415,60.78203],[-125.90135,60.89473],[-126.01419,60.80347],[-126.20123,60.86399],[-126.28851,60.77965],[-126.51026,60.81453],[-126.67487,60.74565],[-126.83393,60.7549],[-126.9162,60.85233],[-126.93651,61.05901],[-127.10001,61.07074],[-127.0072,61.18769],[-127.14575,61.46519],[-127.31271,61.52162],[-127.54795,61.51247],[-127.80687,61.61086],[-127.98133,61.69399],[-128.08429,61.85005],[-128.22467,61.8584],[-128.2772,61.94671],[-128.54659,62.12179],[-128.68496,62.12034],[-128.77909,62.05688],[-128.89375,62.11729],[-129.28761,62.15336],[-129.2018,62.21052],[-129.30939,62.32121],[-129.21575,62.37756],[-129.30469,62.42299],[-129.17162,62.47908],[-129.45155,62.59039],[-129.55196,62.56636],[-129.49547,62.60765],[-129.51692,62.67256],[-129.6242,62.70537],[-129.77329,62.86864],[-129.70244,62.89231],[-129.61381,63.0722],[-129.84468,63.09132],[-129.90535,63.19692],[-130.15006,63.2681],[-130.12942,63.31655],[-129.91889,63.37334],[-129.90909,63.43907],[-129.82285,63.47793],[-129.95581,63.61725],[-130.09373,63.63327],[-130.09451,63.69753],[-130.31796,63.70301],[-130.10789,63.76662],[-130.1144,63.80396],[-130.36248,63.84153],[-130.73995,63.97341],[-130.75674,64.04671],[-130.86257,64.04188],[-130.94198,64.1289],[-130.87265,64.19048],[-131.06052,64.27951],[-131.0035,64.32522],[-131.14561,64.42413],[-131.38446,64.4679],[-131.59891,64.36894],[-131.81861,64.37752],[-131.68172,64.52115],[-131.9376,64.59652],[-132.05377,64.69641],[-132.61531,64.81553],[-132.48121,64.87992],[-132.50746,64.96451],[-132.33442,65.03148],[-132.37065,65.08094],[-132.55294,65.10305],[-132.55358,65.18062],[-132.71582,65.15644],[-132.78132,65.2262],[-132.55446,65.28413],[-132.52986,65.35255],[-132.32215,65.4398],[-132.27613,65.54473],[-132.17257,65.59455],[-132.37073,65.77149],[-132.56942,65.84415],[-132.33473,65.96745],[-132.58273,66.03184],[-132.90209,65.90836],[-132.99387,65.92311],[-132.90721,66.00313],[-132.95542,66.02972],[-133.38759,65.94696],[-133.61179,65.96187],[-133.6084,66.04995],[-133.70468,66.07201],[-133.56716,66.15384],[-133.56432,66.26063],[-133.81909,66.31016],[-133.75966,66.43713],[-133.62938,66.44532],[-133.69248,66.51976],[-133.59192,66.56922],[-133.83415,66.72585],[-133.77002,66.80895],[-134.09119,66.96382],[-133.83108,67.0034],[-136.16739,67.00599],[-136.23744,67.17804],[-136.09518,67.29718],[-136.11608,67.37728],[-136.20091,67.40806],[-136.15734,67.5042],[-136.24654,67.62016],[-136.42332,67.65742],[-136.44477,67.72558],[-136.44487,68.9099],[-135.85367,68.83731]]],[[[-136.03907,69.08701],[-136.22191,69.10568],[-136.18074,69.13355],[-136.24774,69.17172],[-136.03907,69.08701]]],[[[-135.56676,69.38605],[-135.28099,69.36176],[-135.29157,69.3159],[-135.56676,69.38605]]],[[[-135.63616,69.45133],[-135.84109,69.49574],[-135.59118,69.46711],[-135.63616,69.45133]]],[[[-134.0183,69.58251],[-133.90144,69.6269],[-133.81273,69.60578],[-133.92878,69.56489],[-134.0183,69.58251]]],[[[-135.59288,69.59365],[-135.40294,69.6542],[-135.48888,69.57925],[-135.59288,69.59365]]],[[[-124.95922,70.16755],[-125.09634,70.1402],[-125.06615,70.1208],[-125.12369,70.12661],[-125.08458,70.16486],[-124.95922,70.16755]]],[[[-116.5712,70.46979],[-116.83194,70.51073],[-116.61091,70.49335],[-116.5712,70.46979]]],[[[-116.1256,70.53807],[-116.45311,70.51195],[-116.49617,70.52383],[-116.29748,70.55463],[-116.1256,70.53807]]],[[[-116.50975,70.5517],[-116.74446,70.54243],[-116.77733,70.5517],[-116.50975,70.5517]]],[[[-116.90832,70.54316],[-117.30427,70.5716],[-116.87975,70.5517],[-116.90832,70.54316]]],[[[-128.09341,70.60586],[-128.24128,70.59943],[-128.34447,70.54487],[-128.23461,70.66096],[-128.09341,70.60586]]],[[[-125.96361,71.98282],[-125.90909,71.96434],[-125.99694,71.97704],[-125.96361,71.98282]]],[[[-115.32055,73.48066],[-119.16389,72.62983],[-119.34016,72.34675],[-119.80565,72.22321],[-120.25475,72.26081],[-120.15807,72.12836],[-120.43399,71.9643],[-120.38244,71.69172],[-120.63524,71.49144],[-121.42317,71.38032],[-121.60814,71.40144],[-121.53795,71.43065],[-121.70055,71.46809],[-122.12296,71.27082],[-122.62955,71.17495],[-122.79776,71.08779],[-123.25528,71.13044],[-123.66918,71.49482],[-124.06457,71.70038],[-125.25341,71.95571],[-124.95889,71.96662],[-125.87755,71.96402],[-125.74157,72.02485],[-125.7202,72.09349],[-125.79528,72.11396],[-125.75207,72.14769],[-125.56941,72.17544],[-125.67927,72.23066],[-125.49055,72.2779],[-125.52038,72.3229],[-125.39061,72.402],[-125.43838,72.41568],[-124.95238,72.56965],[-125.10261,72.63471],[-124.94555,72.70303],[-125.02066,72.70303],[-124.97663,72.76171],[-125.11343,72.8675],[-124.47598,72.93305],[-124.52721,72.95686],[-124.50007,72.98412],[-124.72631,73.00877],[-124.85993,73.09032],[-124.64391,73.16983],[-124.67097,73.19367],[-124.40372,73.37466],[-124.43432,73.42853],[-124.06794,73.5397],[-124.07384,73.65278],[-123.84142,73.70112],[-123.77375,73.76561],[-123.8828,73.83877],[-124.21325,73.87922],[-124.19762,73.92329],[-124.46581,74.07416],[-124.43908,74.13556],[-124.54564,74.26512],[-124.69392,74.2757],[-124.60294,74.31371],[-124.75569,74.34858],[-121.5808,74.55585],[-121.1324,74.50996],[-120.97753,74.42357],[-120.15657,74.279],[-119.5183,74.23115],[-119.66222,74.225],[-119.81798,74.10431],[-119.76525,74.03535],[-119.74694,74.09732],[-119.47989,74.22614],[-119.14436,74.20905],[-119.06924,74.09052],[-119.18932,73.99217],[-118.95189,74.01756],[-118.80508,74.10139],[-118.88317,74.1787],[-118.72541,74.22077],[-118.06599,74.28071],[-117.41649,74.23249],[-115.61905,73.66885],[-115.33357,73.52411],[-115.32055,73.48066]]],[[[-117.46251,76.08828],[-117.94172,75.78726],[-117.93546,75.73469],[-118.27066,75.61591],[-118.20238,75.60163],[-118.61392,75.50373],[-119.40905,75.60163],[-118.62121,75.92207],[-118.17447,75.97223],[-117.79869,76.11164],[-117.46251,76.08828]]],[[[-120.87499,75.90184],[-120.91413,75.81045],[-121.05871,75.73945],[-121.29345,75.75996],[-121.02261,75.82347],[-120.99796,75.86982],[-121.04369,75.90827],[-120.99796,75.93061],[-120.87499,75.90184]]],[[[-119.4685,76.27875],[-119.48632,76.36107],[-119.71687,76.33527],[-119.65543,76.29743],[-119.71068,76.26704],[-119.56461,76.17182],[-119.70324,76.16401],[-119.5524,76.12299],[-119.80565,76.11563],[-119.52335,76.05256],[-119.48595,75.97492],[-119.63532,75.99555],[-119.70324,75.94428],[-119.607,75.91694],[-119.86294,75.85912],[-120.04434,75.84268],[-120.16088,75.89834],[-120.38744,75.80671],[-120.489,75.84707],[-120.3885,75.97223],[-120.68375,76.00617],[-120.73249,76.05508],[-120.64916,76.10252],[-120.75158,76.10252],[-120.66222,76.1435],[-120.86498,76.201],[-121.01122,76.13886],[-121.0253,76.06159],[-120.95348,75.9582],[-121.11779,76.00015],[-121.29967,75.91079],[-121.84708,76.04523],[-122.12548,76.04121],[-122.13573,75.97842],[-122.42589,75.93281],[-122.73156,75.97842],[-122.59797,76.00336],[-122.56029,76.0268],[-122.69807,76.02066],[-122.48298,76.10236],[-122.7049,76.11563],[-122.49258,76.1435],[-122.60582,76.17426],[-123.04068,76.08828],[-122.83165,76.23729],[-122.74698,76.23017],[-122.71109,76.23163],[-122.61726,76.34321],[-122.40323,76.4042],[-121.51187,76.44823],[-121.18733,76.68818],[-120.36799,76.81452],[-120.42943,76.86909],[-120.2281,76.90265],[-119.82698,77.09858],[-119.38732,77.19253],[-119.16271,77.3249],[-117.85237,77.39045],[-117.96223,77.37002],[-117.03921,77.29279],[-117.18139,77.34886],[-116.8131,77.3166],[-116.64696,77.39045],[-116.99401,77.39956],[-117.15404,77.45873],[-116.75683,77.51337],[-116.90075,77.53636],[-116.40673,77.5624],[-115.39257,77.30793],[-116.40054,77.13727],[-116.22167,77.04165],[-115.73204,76.94855],[-115.90709,76.89704],[-116.36579,76.93179],[-116.04015,76.82832],[-115.89281,76.69843],[-116.32482,76.58173],[-117.00792,76.55215],[-117.07763,76.5196],[-116.93432,76.35578],[-117.13634,76.29023],[-117.5714,76.27163],[-118.05842,76.41039],[-117.9901,76.46564],[-118.01012,76.50503],[-117.90758,76.53335],[-117.97647,76.6022],[-117.90075,76.64321],[-117.91857,76.69334],[-117.73624,76.78034],[-117.81851,76.82469],[-118.01061,76.76728],[-118.33983,76.77131],[-118.31428,76.71149],[-118.49665,76.7189],[-118.34821,76.6446],[-118.30541,76.555],[-118.5349,76.50381],[-118.82921,76.55939],[-118.77774,76.53335],[-118.94628,76.52285],[-118.97643,76.49234],[-118.67431,76.4466],[-118.56896,76.3452],[-118.6516,76.29108],[-118.89973,76.27509],[-118.93692,76.22968],[-118.8876,76.18448],[-119.08385,76.08959],[-119.28551,76.12922],[-119.4685,76.27875]]],[[[-112.9464,70.29043],[-113.1634,70.28343],[-113.2071,70.29784],[-112.9464,70.29043]]],[[[-112.32262,70.35619],[-112.28677,70.36896],[-111.6715,70.31216],[-112.10847,70.30093],[-112.32262,70.35619]]],[[[-115.81579,70.57368],[-115.94213,70.5423],[-116.06412,70.5517],[-115.81579,70.57368]]],[[[-116.63476,69.62996],[-117.25207,69.76411],[-117.44205,69.98941],[-116.96508,70.12905],[-114.50943,70.31525],[-112.58625,70.20002],[-112.1376,70.27733],[-112.30895,70.29784],[-112.26089,70.30931],[-111.93741,70.26366],[-111.44563,70.29043],[-111.58959,70.31216],[-111.48656,70.33198],[-111.51561,70.35236],[-111.98107,70.3791],[-112.17243,70.50332],[-112.86657,70.5432],[-113.2071,70.64794],[-113.50304,70.68378],[-113.56135,70.64313],[-113.98839,70.71621],[-115.5607,70.57905],[-116.03856,70.57917],[-116.23339,70.63972],[-116.98864,70.60248],[-117.69782,70.63565],[-117.73388,70.71345],[-118.18684,70.83942],[-118.4215,70.99055],[-117.798,71.1704],[-115.72891,71.38715],[-116.19026,71.44452],[-115.74201,71.51069],[-115.41902,71.45185],[-115.05675,71.52497],[-115.43033,71.48945],[-115.557,71.51069],[-115.45466,71.53864],[-115.8236,71.54816],[-117.39025,71.38715],[-117.38061,71.45234],[-117.56493,71.50385],[-117.63158,71.46259],[-117.48302,71.42133],[-117.55134,71.37417],[-118.16198,71.37897],[-118.30826,71.46992],[-118.12731,71.53864],[-117.67211,71.55874],[-117.96931,71.62173],[-117.6953,71.66836],[-118.07632,71.66498],[-118.40933,71.57978],[-118.39826,71.62482],[-118.59069,71.66987],[-118.86319,71.65892],[-118.88858,71.58295],[-119.05089,71.62678],[-119.1376,71.77436],[-119.05431,71.93529],[-118.57673,72.17943],[-118.10558,72.24775],[-118.17447,72.33836],[-118.56558,72.38801],[-118.59341,72.4287],[-118.51285,72.51044],[-117.59561,72.79816],[-117.36925,72.91779],[-114.5843,73.38459],[-114.26513,73.33568],[-113.95836,73.14012],[-114.05679,72.88862],[-113.98107,72.80915],[-114.33666,72.7556],[-114.33397,72.6931],[-114.24804,72.6894],[-114.60424,72.60749],[-114.54613,72.56782],[-113.50878,72.70303],[-113.73404,72.61424],[-113.65958,72.61311],[-113.43981,72.68525],[-113.44327,72.7519],[-113.60399,72.77753],[-113.39094,72.91157],[-113.015,73.01602],[-111.21963,72.72411],[-111.2893,72.56598],[-111.88752,72.36774],[-111.82116,72.32392],[-111.6588,72.35952],[-111.7882,72.22321],[-111.75333,72.2071],[-111.6647,72.29214],[-111.41828,72.34675],[-111.58959,72.38154],[-111.29524,72.47069],[-111.20539,72.46345],[-111.36986,72.40819],[-111.28112,72.402],[-111.3767,72.35419],[-111.23957,72.37165],[-111.0279,72.2853],[-111.08629,72.40827],[-110.97053,72.4798],[-110.78767,72.47712],[-110.83605,72.52489],[-110.70409,72.5788],[-110.4855,72.5583],[-110.60334,72.50438],[-110.3343,72.42731],[-110.53441,72.50438],[-110.34952,72.55903],[-110.00369,72.45812],[-109.99997,70.0001],[-112.49998,70.0001],[-112.49977,69.91051],[-112.65914,69.9023],[-112.4005,69.86948],[-112.87489,69.83233],[-112.89876,70.0001],[-117.12367,70.00115],[-117.14362,69.88798],[-116.63476,69.62996]]],[[[-110.19713,72.57233],[-110.00371,72.49657],[-110.25943,72.55903],[-110.19713,72.57233]]],[[[-110.54255,72.57209],[-110.59586,72.60065],[-110.47232,72.57331],[-110.54255,72.57209]]],[[[-110.49348,72.62051],[-110.36856,72.62104],[-110.34887,72.60749],[-110.49348,72.62051]]],[[[-110.41088,72.64224],[-110.31469,72.65522],[-110.2799,72.64842],[-110.41088,72.64224]]],[[[-110.00369,72.62731],[-110.29426,72.67573],[-110.17073,72.6894],[-110.1975,72.72712],[-110.00369,72.71044],[-110.00369,72.62731]]],[[[-110.00369,72.75544],[-110.26675,72.74266],[-110.17272,72.79133],[-110.52904,72.84927],[-110.75414,72.98481],[-110.00369,72.98505],[-110.00369,72.75544]]],[[[-110.00369,74.85262],[-110.66613,74.79133],[-110.58902,74.72529],[-111.65754,74.50121],[-112.43741,74.41352],[-113.22106,74.40461],[-113.69302,74.44449],[-114.43981,74.68366],[-113.97191,74.8076],[-113.2176,74.84589],[-113.32999,74.88288],[-112.79784,74.98505],[-111.5858,75.00642],[-111.47973,75.04678],[-111.57592,75.06037],[-111.54296,75.0729],[-111.28795,75.08771],[-111.36364,75.10822],[-110.91804,75.23237],[-111.24352,75.26651],[-111.37218,75.18724],[-111.62434,75.1634],[-111.56163,75.14981],[-111.75349,75.19074],[-112.34606,75.12153],[-112.47346,75.14981],[-112.29528,75.20502],[-112.39151,75.21125],[-112.3369,75.22553],[-112.58951,75.1833],[-112.63793,75.20816],[-112.5952,75.2499],[-112.67886,75.27953],[-112.74096,75.20502],[-112.69937,75.14232],[-112.85709,75.10985],[-113.0546,75.0974],[-113.13817,75.14981],[-113.20645,75.08771],[-113.88663,75.05817],[-113.95763,75.07445],[-113.92903,75.14427],[-113.64533,75.19074],[-113.93952,75.1833],[-113.81298,75.32392],[-113.78429,75.33967],[-113.60139,75.36538],[-113.32315,75.41669],[-113.32315,75.42414],[-113.87393,75.37377],[-114.07067,75.47492],[-114.04646,75.36644],[-114.19579,75.22517],[-114.51122,75.31696],[-114.61514,75.28327],[-114.30329,75.18179],[-114.44083,75.06794],[-115.05769,74.96674],[-115.19595,75.00243],[-115.22517,75.06855],[-115.17341,75.09951],[-115.26281,75.1833],[-115.40575,75.10293],[-115.66657,75.14851],[-115.53718,75.03994],[-115.71544,74.97036],[-116.25593,75.06037],[-116.04369,75.12873],[-116.33849,75.11563],[-116.24966,75.16242],[-116.2565,75.21125],[-116.76724,75.12222],[-117.68847,75.25967],[-117.20222,75.48078],[-116.0419,75.48481],[-115.26281,75.60163],[-115.25487,75.64924],[-115.00211,75.69847],[-116.11563,75.57779],[-117.24901,75.60908],[-116.88536,75.78901],[-114.82738,75.87938],[-116.20255,75.86807],[-116.73632,75.93744],[-116.46133,75.97842],[-116.53026,76.01313],[-116.49617,76.0268],[-116.70157,76.04047],[-116.63028,76.12043],[-116.16271,76.20384],[-114.66698,76.16401],[-115.77945,76.23729],[-115.92699,76.28685],[-115.85188,76.32225],[-115.91332,76.34903],[-115.51232,76.4562],[-114.70051,76.52021],[-114.76256,76.49234],[-114.15925,76.45881],[-114.09093,76.38988],[-114.17976,76.35578],[-113.98485,76.25593],[-114.06363,76.21857],[-113.96304,76.19062],[-112.99421,76.27326],[-112.42565,76.17084],[-112.52575,76.121],[-112.36461,76.03364],[-111.7268,75.91694],[-112.22704,75.81452],[-111.45906,75.84186],[-111.59642,75.81452],[-111.36986,75.73261],[-111.4108,75.61591],[-111.25084,75.52188],[-110.51358,75.57331],[-110.00369,75.54466],[-110.00369,74.85262]]],[[[-110.00369,75.91144],[-110.00369,75.87869],[-110.0546,75.89647],[-110.00369,75.91144]]],[[[-110.32836,76.3415],[-110.38362,76.43085],[-110.00369,76.48615],[-110.00369,76.22641],[-110.38362,76.30052],[-110.32836,76.3415]]],[[[-114.87857,76.76728],[-114.43456,76.88239],[-113.84606,76.89887],[-113.51036,76.83633],[-113.45348,76.77351],[-113.67317,76.70425],[-114.87857,76.76728]]],[[[-110.90372,77.85322],[-110.71996,77.76618],[-110.12951,77.78148],[-110.041,77.64436],[-110.16369,77.60017],[-110.09557,77.55492],[-110.23542,77.50422],[-112.10924,77.32575],[-112.46931,77.37059],[-112.63744,77.46406],[-113.19961,77.52765],[-113.24128,77.58226],[-113.08975,77.62324],[-113.25426,77.67162],[-113.18603,77.73994],[-113.32315,77.80817],[-113.24128,77.90497],[-112.98152,77.89761],[-112.2709,78.01533],[-111.27807,78.09003],[-110.00369,78.09931],[-110.00369,77.9314],[-110.90372,77.85322]]],[[[-114.16259,77.70673],[-114.62133,77.75682],[-114.5161,77.76044],[-115.11823,77.95966],[-114.32726,78.0808],[-114.28279,78.06208],[-114.35098,78.03473],[-114.2578,77.98945],[-114.11461,78.00043],[-113.57702,77.81501],[-114.16259,77.70673]]],[[[-110.33243,78.28596],[-111.15461,78.39053],[-111.31526,78.36994],[-111.2401,78.33637],[-111.27868,78.32184],[-111.41149,78.32982],[-111.42056,78.27652],[-111.77847,78.27021],[-112.17553,78.37739],[-113.06151,78.27436],[-113.33617,78.33637],[-113.21422,78.40656],[-112.68204,78.49828],[-111.81603,78.5489],[-110.74096,78.75796],[-110.42691,78.76634],[-110.00369,78.68692],[-110.00369,78.32901],[-110.33243,78.28596]]]]}},{"type":"Feature","properties":{"id":"ca-nu","lat":65.99122,"lng":-100.11367},"geometry":{"type":"MultiPolygon","coordinates":[[[[-102.2318,67.69505],[-102.14342,67.77196],[-102.02571,67.75047],[-101.98058,67.79157],[-101.79796,67.70812],[-101.43643,67.6881],[-101.39977,67.69404],[-101.44766,67.73436],[-101.26256,67.72199],[-101.25243,67.76972],[-101.09484,67.78661],[-101.09765,67.74909],[-100.95686,67.74921],[-100.8922,67.77057],[-100.9073,67.82856],[-100.83129,67.79597],[-100.70739,67.85114],[-100.59276,67.84703],[-100.5904,67.79645],[-100.41283,67.85114],[-99.76781,67.82648],[-98.93643,67.69684],[-98.68261,67.81269],[-98.36335,67.79462],[-98.72704,67.95783],[-98.73388,68.07087],[-98.58458,68.09638],[-97.92723,67.69688],[-97.55793,67.5954],[-97.27465,67.66673],[-97.21325,67.62458],[-97.06115,67.68041],[-97.22623,67.71455],[-97.12084,67.79304],[-97.24958,67.92463],[-97.36352,67.87694],[-97.69323,68.02265],[-97.7296,67.97325],[-98.00154,67.95946],[-98.06603,67.89924],[-98.04865,67.83808],[-98.09504,67.83661],[-98.58992,68.15278],[-98.45613,68.18378],[-98.41145,68.08246],[-98.31554,68.16706],[-98.54149,68.23591],[-98.48746,68.24958],[-98.71337,68.37926],[-98.51476,68.33153],[-98.54149,68.36506],[-98.45954,68.36506],[-98.52599,68.4254],[-98.21312,68.30419],[-98.08259,68.3238],[-98.09557,68.3675],[-97.74763,68.36872],[-98.01049,68.49909],[-97.97964,68.54707],[-97.70547,68.52782],[-97.63585,68.45543],[-97.52937,68.42072],[-97.62096,68.4621],[-97.43,68.50556],[-97.26036,68.46869],[-97.10953,68.39301],[-97.16198,68.37763],[-96.99348,68.33771],[-97.08064,68.26569],[-96.69001,68.28644],[-96.63036,68.24958],[-96.68126,68.21113],[-96.62096,68.18565],[-96.59203,68.25422],[-96.4038,68.31786],[-96.63769,68.11347],[-96.79503,68.07197],[-96.76452,68.01716],[-96.61677,68.06818],[-96.44481,68.05036],[-96.54845,68.08507],[-96.3981,68.17137],[-95.89672,68.29674],[-96.08165,68.14594],[-96.0244,68.11571],[-96.21679,67.81025],[-96.18187,67.64289],[-96.3439,67.6894],[-96.33495,67.61213],[-96.46524,67.54951],[-96.46524,67.47801],[-96.21003,67.42561],[-96.09594,67.46747],[-96.06802,67.44086],[-96.253,67.24775],[-96.11075,67.22187],[-95.76098,67.37116],[-95.67805,67.33503],[-95.58137,67.38483],[-95.55411,67.32416],[-95.83528,67.16584],[-95.52188,67.21959],[-95.48257,67.14134],[-95.43741,67.20063],[-95.3828,67.15965],[-95.41763,67.06977],[-95.33031,67.01036],[-95.42146,66.94929],[-95.6035,66.94684],[-95.60192,66.98835],[-95.91373,66.94782],[-95.9923,67.00886],[-95.9558,67.07453],[-96.04874,67.01655],[-96.02701,66.97407],[-96.12707,66.95698],[-96.25984,66.99144],[-96.28034,67.07026],[-96.45568,67.05976],[-96.09691,66.83063],[-95.85204,66.75812],[-95.78002,66.66246],[-95.82095,66.59113],[-95.64346,66.6693],[-95.66478,66.74144],[-95.75438,66.68305],[-95.90954,66.81928],[-96.0935,66.92023],[-95.97615,66.95392],[-95.7338,66.90306],[-95.31631,66.90021],[-95.21833,66.97407],[-95.30089,67.00886],[-95.34813,67.1527],[-95.25561,67.26227],[-95.17284,67.27863],[-95.33019,67.34345],[-95.41381,67.45661],[-95.32494,67.51081],[-95.33812,67.55223],[-95.70767,67.73334],[-95.54548,67.8083],[-95.53653,67.88671],[-95.58202,67.89952],[-95.42174,68.01996],[-95.47838,68.06342],[-95.21833,68.07762],[-95.27294,68.03669],[-95.0948,68.0913],[-94.79825,68.03807],[-94.21093,68.26948],[-94.21142,68.36388],[-94.12238,68.42235],[-93.37487,68.63874],[-93.75227,68.61213],[-93.69762,68.7486],[-93.57067,68.84406],[-93.64924,68.89948],[-93.63492,68.96214],[-93.90929,68.99567],[-93.82714,69.0692],[-93.93659,69.02977],[-93.92296,68.982],[-94.08056,68.85228],[-93.82624,68.87934],[-94.09423,68.76288],[-94.41251,68.72301],[-94.6361,68.75605],[-94.55053,68.89073],[-94.60196,68.96833],[-94.44298,68.94416],[-94.00548,69.16014],[-94.32404,69.15583],[-94.28165,69.32213],[-93.84618,69.3498],[-93.52571,69.44135],[-93.88195,69.2495],[-93.8131,69.27001],[-93.88195,69.22907],[-93.8131,69.22215],[-93.84032,69.16869],[-93.36189,69.37299],[-93.58776,69.3662],[-93.45059,69.48969],[-93.55797,69.53071],[-93.87279,69.48652],[-93.93041,69.43541],[-94.32217,69.45299],[-94.62987,69.68773],[-94.87511,69.57164],[-95.66906,69.78844],[-95.78686,69.74299],[-95.80748,69.80341],[-95.9759,69.7862],[-96.2058,69.86583],[-96.08165,69.8795],[-96.1101,69.95653],[-96.25642,69.97028],[-96.48632,70.09699],[-96.57372,70.23444],[-96.54601,70.34056],[-96.34708,70.41413],[-96.23298,70.57119],[-96.18887,70.53221],[-96.07486,70.59272],[-95.79369,70.53807],[-96.05394,70.60704],[-95.81481,70.71556],[-96.19034,70.62474],[-96.60245,70.79133],[-96.49999,71.04515],[-96.37605,71.0941],[-96.56151,71.12706],[-96.37588,71.16059],[-96.4591,71.19538],[-96.43114,71.26427],[-96.50691,71.2779],[-96.30553,71.30329],[-96.13353,71.41417],[-95.53645,71.29609],[-95.58825,71.36046],[-95.43741,71.38032],[-95.54621,71.42772],[-95.37597,71.51069],[-95.80736,71.51069],[-95.94449,71.55223],[-95.87621,71.59325],[-95.91039,71.60688],[-95.49205,71.72297],[-95.27721,71.72431],[-95.21605,71.82954],[-94.74071,71.82929],[-94.60814,71.86762],[-95.1787,71.84715],[-95.25455,71.87922],[-95.22517,71.94953],[-94.54869,72.00214],[-94.39342,71.93932],[-94.50573,71.90168],[-94.46032,71.85741],[-94.64916,71.81977],[-94.59512,71.74348],[-94.4921,71.826],[-94.35489,71.79869],[-94.41552,71.66547],[-94.21076,71.7923],[-93.76122,71.77928],[-93.70678,71.71552],[-93.82055,71.65534],[-92.99063,71.35712],[-92.85871,71.15864],[-92.90933,70.92784],[-92.85411,70.85961],[-93.04084,70.86237],[-92.69294,70.77464],[-92.66226,70.73603],[-92.71752,70.72301],[-92.64184,70.70934],[-92.67658,70.68146],[-92.41588,70.66779],[-92.3026,70.63365],[-92.3402,70.59947],[-92.30329,70.57335],[-92.21544,70.61628],[-92.15518,70.57905],[-92.26089,70.54865],[-92.19319,70.51008],[-92.28555,70.48961],[-92.11172,70.47264],[-92.13475,70.435],[-91.97643,70.36677],[-92.08629,70.30467],[-91.95865,70.25776],[-91.85359,70.30467],[-91.87853,70.36473],[-91.72321,70.35578],[-91.69652,70.20226],[-91.64098,70.23408],[-91.51098,70.16132],[-91.99547,70.12303],[-92.29922,70.2569],[-92.36754,70.23644],[-92.26537,70.20653],[-92.4842,70.18122],[-92.38858,70.14704],[-92.58723,70.0788],[-92.47802,70.0456],[-92.11172,70.08861],[-91.94294,70.02411],[-92.26472,69.87523],[-92.5476,69.81684],[-92.56786,69.76459],[-92.64867,69.79418],[-92.8684,69.70197],[-92.53881,69.70881],[-92.923,69.67406],[-92.6691,69.65416],[-92.36742,69.70873],[-92.37491,69.66783],[-92.09118,69.62592],[-92.29922,69.64672],[-92.12792,69.55805],[-91.79833,69.48969],[-91.4973,69.66108],[-91.16759,69.65571],[-91.09325,69.64057],[-91.57238,69.52326],[-91.18908,69.56419],[-91.10998,69.51329],[-90.89769,69.53685],[-90.88781,69.48969],[-90.7506,69.48969],[-90.68432,69.53889],[-90.31176,69.45433],[-90.70279,69.45433],[-90.58552,69.42084],[-90.79776,69.3662],[-90.80525,69.25633],[-90.96972,69.27001],[-90.91511,69.30415],[-91.08633,69.27001],[-90.95604,69.35936],[-91.18908,69.29047],[-91.44953,69.35936],[-90.67064,69.0882],[-90.70897,69.00719],[-90.61213,68.98749],[-90.57925,68.94786],[-90.62108,68.91633],[-90.43529,68.87897],[-90.48306,68.85228],[-90.42162,68.84544],[-90.59976,68.8039],[-90.44213,68.83116],[-90.56501,68.62572],[-90.47716,68.53441],[-90.60704,68.44392],[-90.31859,68.37926],[-90.47566,68.33771],[-90.33837,68.35204],[-90.23705,68.23212],[-90.11998,68.26264],[-90.16413,68.31517],[-90.00015,68.37926],[-90.0039,68.4339],[-89.82095,68.54454],[-89.9383,68.588],[-89.90087,68.66047],[-89.79442,68.71507],[-89.77058,68.62572],[-89.71593,68.64619],[-89.68798,68.81749],[-89.7364,68.83116],[-89.75072,68.94847],[-89.70531,69.02021],[-89.19872,69.27806],[-88.94196,69.23359],[-88.72859,69.08393],[-88.02261,68.80866],[-87.79223,68.33124],[-87.94376,68.20087],[-88.17955,68.24531],[-88.19937,68.38337],[-88.39843,68.2908],[-88.28332,68.12604],[-88.37365,67.97582],[-88.14053,67.67072],[-87.4838,67.36311],[-87.44738,67.26386],[-87.36294,67.2672],[-87.50194,67.19379],[-87.51618,67.11872],[-87.37218,67.18012],[-87.2893,67.0976],[-87.22814,67.22809],[-87.1372,67.22883],[-87.11413,67.17894],[-87.07067,67.26337],[-86.96068,67.25523],[-87.07771,67.35765],[-86.97667,67.32331],[-86.77896,67.41865],[-86.65343,67.36371],[-86.61514,67.41437],[-86.58385,67.34919],[-86.50194,67.37938],[-86.53612,67.44701],[-86.48082,67.45905],[-86.45295,67.60594],[-86.52929,67.6872],[-86.12833,67.95783],[-86.13061,68.01606],[-86.08019,67.98151],[-85.90172,68.05439],[-85.88732,68.19269],[-85.78942,68.22167],[-85.84374,68.24519],[-85.84407,68.32404],[-85.66527,68.45441],[-85.74104,68.47858],[-85.74283,68.62482],[-85.66812,68.727],[-85.45983,68.75605],[-85.56286,68.784],[-85.22476,68.7213],[-85.23937,68.76586],[-84.78824,68.73558],[-84.75475,68.76288],[-84.80923,68.81407],[-85.19294,68.86933],[-85.00056,68.88581],[-85.11872,68.96357],[-84.79573,68.93732],[-84.98746,69.00934],[-84.95311,69.01854],[-84.52819,69.02363],[-85.02847,69.11921],[-84.96638,69.13963],[-85.13829,69.12665],[-85.01228,69.18049],[-85.27025,69.13788],[-85.31648,69.15392],[-85.20661,69.18806],[-85.4735,69.2768],[-85.48819,69.32636],[-85.33698,69.31843],[-85.50829,69.40778],[-85.34439,69.44135],[-85.53405,69.46332],[-85.48034,69.56419],[-85.38536,69.56419],[-85.5441,69.65351],[-85.44001,69.7119],[-85.51448,69.77025],[-85.33316,69.79137],[-85.5902,69.83234],[-85.56322,69.8581],[-85.05578,69.77709],[-84.86286,69.86164],[-84.33983,69.85969],[-83.73119,69.70897],[-82.63028,69.70258],[-82.25341,69.64057],[-82.61644,69.64672],[-82.65746,69.61945],[-82.55435,69.59955],[-82.75365,69.57787],[-82.61799,69.57001],[-82.47932,69.50275],[-82.5161,69.49372],[-83.25329,69.55805],[-83.29381,69.5399],[-82.28157,69.41942],[-82.22545,69.39354],[-82.38996,69.40034],[-82.14346,69.29792],[-82.25341,69.29047],[-82.2696,69.23823],[-81.75304,69.26789],[-81.34472,69.19489],[-81.2733,69.09186],[-82.06159,68.87897],[-81.7025,68.90754],[-81.56176,68.83165],[-81.39615,68.87275],[-81.23302,68.77391],[-81.26651,68.63874],[-81.64965,68.50825],[-81.81457,68.5301],[-81.82559,68.47101],[-81.95373,68.43065],[-82.27383,68.53697],[-82.17687,68.48811],[-82.2661,68.45812],[-82.61164,68.53022],[-82.63557,68.49714],[-82.49694,68.46394],[-82.65062,68.4339],[-82.34895,68.33771],[-82.50658,68.31786],[-82.44176,68.284],[-82.27269,68.29157],[-82.3448,68.17552],[-82.31485,68.14659],[-82.17479,68.12499],[-81.99364,68.21503],[-82.01838,68.13048],[-82.12304,68.1118],[-82.08165,68.08246],[-82.17764,68.00938],[-82.10155,67.91039],[-81.45718,67.6284],[-81.23794,67.46052],[-81.50292,67.00104],[-81.9549,66.97679],[-82.17618,66.78087],[-82.15657,66.71398],[-82.37316,66.72765],[-82.59089,66.57087],[-82.99865,66.55516],[-83.02742,66.49519],[-83.36937,66.35029],[-83.5891,66.35712],[-83.63874,66.43553],[-83.52868,66.39692],[-83.67813,66.52534],[-83.98078,66.59235],[-84.00451,66.69701],[-83.93175,66.70722],[-83.89586,66.64732],[-83.8566,66.68671],[-83.95897,66.74811],[-83.88451,66.81708],[-83.91808,66.88593],[-84.13793,66.71223],[-84.41194,66.80732],[-84.43944,66.83067],[-84.24014,66.83751],[-84.58283,66.98151],[-84.37051,66.97407],[-84.91006,67.06188],[-84.93908,67.03681],[-84.8435,67.015],[-84.88451,66.99457],[-84.63744,66.98151],[-85.2128,66.91942],[-85.14513,66.90575],[-85.21524,66.86766],[-85.1278,66.83751],[-84.91076,66.90144],[-84.97452,66.92915],[-84.60334,66.93993],[-84.59122,66.90481],[-84.7473,66.8996],[-84.50837,66.82323],[-84.6927,66.84496],[-84.65014,66.82408],[-84.32213,66.77607],[-84.45246,66.72081],[-84.1446,66.68671],[-84.21101,66.59455],[-83.93175,66.46015],[-83.86278,66.31676],[-83.68529,66.21373],[-83.80663,66.16319],[-83.8566,66.15851],[-83.79141,66.21373],[-83.97118,66.20409],[-84.17756,66.31916],[-84.37084,66.28364],[-84.53746,66.40522],[-84.63671,66.34386],[-84.37833,66.17304],[-84.98371,66.25434],[-85.11783,66.33039],[-85.24157,66.27009],[-85.32234,66.47953],[-85.46548,66.57443],[-85.78287,66.5001],[-86.34374,66.55634],[-86.39273,66.51537],[-86.59752,66.55634],[-86.62047,66.50694],[-86.78254,66.5222],[-86.6317,66.44025],[-86.80785,66.44627],[-86.62059,66.3144],[-85.85666,66.16283],[-85.97483,66.09828],[-85.97436,66.03559],[-86.42626,65.89838],[-86.49454,65.81586],[-86.46451,65.74348],[-86.54979,65.67247],[-86.98794,65.53535],[-87.11413,65.4604],[-87.0786,65.40209],[-87.38077,65.3297],[-88.06387,65.35948],[-88.46158,65.55357],[-88.83141,65.64521],[-88.41369,65.63154],[-89.10936,65.72846],[-89.68798,65.94684],[-90.0039,65.94684],[-89.76708,65.89265],[-89.73046,65.85887],[-89.77058,65.8227],[-90.04426,65.89159],[-90.43529,65.88475],[-90.23697,65.92687],[-91.4973,65.94684],[-91.03165,65.80834],[-91.10765,65.92304],[-89.95812,65.7943],[-89.46813,65.6059],[-89.39379,65.50117],[-89.18423,65.43895],[-89.03987,65.32819],[-87.37279,65.27521],[-87.04695,65.23798],[-86.93822,65.14195],[-86.99478,65.10395],[-86.97362,65.05756],[-87.27501,64.84996],[-87.3002,64.76439],[-87.44473,64.70759],[-87.49649,64.74323],[-87.57763,64.56952],[-87.80988,64.51606],[-87.89953,64.33307],[-88.04174,64.25731],[-87.98168,64.19151],[-88.11266,64.14086],[-88.73461,63.97236],[-89.00276,63.99348],[-89.25235,64.15892],[-89.29068,64.13691],[-89.04931,63.94636],[-89.54556,64.07978],[-89.55769,64.00719],[-89.48253,63.95258],[-89.69424,64.07844],[-89.7069,64.03168],[-89.82579,64.10957],[-89.7364,64.14777],[-89.78637,64.25023],[-89.80606,64.20136],[-89.8872,64.2058],[-89.83235,64.14142],[-90.12743,64.13007],[-89.93212,64.1175],[-89.94351,64.06867],[-89.8531,64.02765],[-89.91393,64.00096],[-89.81334,63.94603],[-89.95922,63.9184],[-89.99527,63.98957],[-90.09203,63.95258],[-90.16836,64.00719],[-90.27766,64.00719],[-89.96589,63.81334],[-90.11998,63.78124],[-90.06151,63.74348],[-90.22057,63.61323],[-90.2696,63.65107],[-90.44685,63.62067],[-90.64818,63.70551],[-90.70279,63.66454],[-90.58922,63.6776],[-90.54454,63.60993],[-90.91015,63.5692],[-91.50756,63.73054],[-91.67341,63.72223],[-91.70055,63.78022],[-91.99071,63.78124],[-91.88829,63.80915],[-91.99816,63.81879],[-92.06404,63.74889],[-92.37377,63.77912],[-92.50626,63.831],[-92.75109,63.86315],[-92.78624,63.90099],[-93.44815,64.02314],[-93.62499,64.10651],[-93.63492,64.16486],[-93.77953,64.19151],[-93.55557,64.03364],[-93.76594,63.99348],[-93.64729,63.88146],[-93.36852,63.81721],[-93.21719,63.84272],[-93.45059,63.93207],[-93.40062,63.97736],[-93.10407,63.88056],[-92.63492,63.78388],[-92.49938,63.82062],[-92.41246,63.74653],[-92.09996,63.69929],[-92.54564,63.55476],[-92.46744,63.52839],[-92.33397,63.57518],[-92.23034,63.541],[-92.18102,63.62189],[-91.77843,63.71442],[-91.39094,63.48774],[-91.0174,63.47114],[-90.78474,63.39765],[-90.97647,63.42438],[-90.68912,63.35668],[-90.7506,63.32136],[-90.68725,63.22423],[-90.73009,63.18476],[-90.62645,63.06126],[-90.7838,62.94505],[-91.03112,62.9514],[-91.42219,62.82225],[-91.35387,62.80121],[-91.39428,62.78681],[-92.13475,62.8769],[-92.09887,62.8039],[-92.45275,62.82494],[-92.22411,62.69196],[-92.27774,62.67878],[-91.88805,62.62043],[-91.98347,62.5316],[-92.17569,62.54731],[-92.14151,62.5821],[-92.18322,62.61254],[-92.42894,62.54108],[-92.61852,62.62255],[-92.53881,62.53368],[-92.55923,62.49278],[-92.50064,62.51313],[-92.53197,62.44489],[-92.70494,62.46882],[-92.68277,62.37665],[-92.82738,62.35554],[-92.61978,62.32286],[-92.59032,62.29405],[-92.63561,62.25995],[-92.47053,62.15009],[-92.59667,62.16096],[-92.74425,62.29405],[-93.25202,62.36982],[-92.76472,62.21837],[-93.11522,62.15973],[-92.9298,62.11656],[-93.16149,62.04759],[-93.17015,61.98558],[-93.28474,62.04967],[-93.41649,62.034],[-93.21719,61.95832],[-93.38854,61.95148],[-93.27929,61.89684],[-93.61701,61.95234],[-93.49157,61.88939],[-93.6136,61.86103],[-93.34752,61.82111],[-93.43692,61.80744],[-93.25154,61.78803],[-93.26456,61.74445],[-93.47175,61.76655],[-93.31338,61.73237],[-93.83357,61.57469],[-93.98498,61.45799],[-93.83357,61.32832],[-94.11473,61.32832],[-93.99865,61.2246],[-94.10106,61.16319],[-93.98624,61.10065],[-94.12694,61.06712],[-94.24234,60.90339],[-94.35155,60.8581],[-94.52001,60.54682],[-94.80061,60.4984],[-94.68017,60.47456],[-94.61559,60.39228],[-94.71182,60.26569],[-94.70434,60.09435],[-94.80313,60.00007],[-102.0016,60.00006],[-101.99909,64.2274],[-108.97288,64.77817],[-109.51633,64.90188],[-110.66942,65.49611],[-112.50385,65.5013],[-120.66961,67.99699],[-120.68082,69.55667],[-120.0858,69.36359],[-118.66637,69.22549],[-118.04088,69.0246],[-117.1654,68.89395],[-116.98135,68.90681],[-116.97362,68.94627],[-116.84708,68.88768],[-116.38614,68.88532],[-115.97118,68.80927],[-116.31798,68.96833],[-115.87922,68.9274],[-115.76993,68.94038],[-115.94123,69.00312],[-115.56725,68.97187],[-114.98778,68.86742],[-114.52257,68.71723],[-114.40119,68.61693],[-114.07994,68.49445],[-114.05679,68.44082],[-114.11083,68.41348],[-113.96715,68.44082],[-113.90538,68.39981],[-114.05679,68.30419],[-114.03547,68.2412],[-114.94152,68.29133],[-114.75512,68.19432],[-114.89607,68.15135],[-115.24169,68.18692],[-115.17951,68.14183],[-115.24913,68.04291],[-115.11197,68.01618],[-115.54336,67.92341],[-115.25601,67.88589],[-115.11823,67.8039],[-114.53527,67.79694],[-114.32982,67.72822],[-113.85875,67.69623],[-112.42101,67.68244],[-112.32763,67.74555],[-112.02774,67.74868],[-111.88549,67.68521],[-111.93155,67.74868],[-111.54564,67.72138],[-111.57592,67.74868],[-111.53498,67.76923],[-111.42492,67.73957],[-111.16739,67.8461],[-111.21223,67.76236],[-111.01895,67.76813],[-110.34264,67.96841],[-110.15819,67.9184],[-110.17785,67.99885],[-110.05964,68.00507],[-109.97118,67.96727],[-109.96691,67.83381],[-109.91063,67.85855],[-109.95222,67.88589],[-109.83202,67.8736],[-109.69835,67.81013],[-109.74617,67.77603],[-109.62263,67.74189],[-109.74275,67.74531],[-109.71671,67.71918],[-109.51846,67.69135],[-109.40587,67.76976],[-109.06705,67.72016],[-108.92943,67.53181],[-109.01309,67.46133],[-108.82413,67.35716],[-108.75691,67.41462],[-108.7307,67.61579],[-108.63988,67.62946],[-108.58113,67.60847],[-108.47126,67.35147],[-108.44396,67.43403],[-108.37027,67.44758],[-107.99254,67.28246],[-107.88231,67.15518],[-107.88536,67.04824],[-108.13939,67.08002],[-108.21496,67.02741],[-108.62206,67.15282],[-108.5183,67.03718],[-108.465,67.0749],[-108.11946,66.9394],[-108.13606,66.86009],[-108.23168,66.85114],[-107.99523,66.83222],[-107.8889,66.66975],[-107.85774,66.76008],[-107.24153,66.34854],[-107.20177,66.37848],[-107.79967,66.76862],[-107.68981,66.76862],[-107.76586,66.99632],[-107.6079,66.97407],[-107.64297,67.07709],[-107.524,67.02041],[-107.48436,66.91942],[-107.69725,66.95356],[-107.53279,66.87848],[-107.56298,66.8395],[-107.40925,66.81708],[-107.48436,66.88593],[-107.39562,66.89216],[-107.4414,66.96296],[-107.40103,66.97431],[-107.08772,66.83071],[-107.40339,67.04116],[-107.2032,67.1249],[-107.52701,67.21235],[-107.71642,67.40461],[-107.63516,67.40607],[-107.58585,67.50117],[-108.00573,67.70966],[-107.94164,67.85431],[-107.65933,67.94672],[-107.90954,67.9951],[-107.87951,68.093],[-107.69725,68.07762],[-107.81395,68.0572],[-107.73819,68.04291],[-107.83438,68.00943],[-107.77408,67.98859],[-107.68175,68.04873],[-107.37267,68.04743],[-107.14664,68.13182],[-107.10757,68.12604],[-107.13488,68.0913],[-106.75817,68.10497],[-106.81338,68.20799],[-106.68244,68.22846],[-106.64489,68.17329],[-106.6315,68.24958],[-106.44347,68.15278],[-106.34659,68.18692],[-106.48412,68.22866],[-106.44567,68.35126],[-106.12243,68.36603],[-105.81843,68.45515],[-105.72712,68.42658],[-105.69758,68.48884],[-105.77868,68.55069],[-105.64835,68.63874],[-105.94123,68.64008],[-106.55333,68.51586],[-106.42235,68.51586],[-106.53889,68.5078],[-106.53222,68.44758],[-106.63524,68.46869],[-106.48794,68.40742],[-106.55272,68.29678],[-106.78673,68.41494],[-106.80997,68.3708],[-107.02562,68.36506],[-107.15514,68.27009],[-107.54654,68.35175],[-107.82698,68.34455],[-107.88903,68.26948],[-107.61465,68.16706],[-108.14908,68.17329],[-108.38923,68.11103],[-108.43399,68.15615],[-108.35424,68.14045],[-108.32787,68.20458],[-108.36197,68.23591],[-108.45759,68.18692],[-108.41661,68.30419],[-108.73217,68.23493],[-108.80704,68.26264],[-108.34716,68.60008],[-107.29259,68.7014],[-106.1975,68.9444],[-105.7965,68.88272],[-105.46959,68.72199],[-105.53917,68.65005],[-105.32413,68.48249],[-105.43733,68.49042],[-105.54394,68.41389],[-105.33308,68.41348],[-105.32307,68.35444],[-105.03921,68.2591],[-104.99665,68.27692],[-105.08601,68.31037],[-104.89419,68.35139],[-104.84219,68.2919],[-104.93517,68.23591],[-104.60196,68.23534],[-104.67569,68.13972],[-104.48388,68.03392],[-103.79259,68.02627],[-103.55793,68.06342],[-103.52843,68.133],[-103.41487,68.16938],[-103.33877,68.1118],[-103.36352,68.01146],[-102.2318,67.69505]]],[[[-107.85424,66.88618],[-107.95051,66.85798],[-107.81151,67.0152],[-107.79727,66.97354],[-107.85424,66.88618]]],[[[-107.93684,66.95356],[-108.04898,66.9101],[-108.11498,67.03681],[-107.93684,66.95356]]],[[[-107.51749,67.08198],[-107.62418,67.20454],[-107.32046,67.10444],[-107.51749,67.08198]]],[[[-108.14908,67.41291],[-108.03987,67.3924],[-108.08088,67.4265],[-107.97159,67.48115],[-107.88158,67.46747],[-107.92968,67.31049],[-108.14908,67.41291]]],[[[-108.45271,67.48884],[-108.49234,67.56371],[-108.2882,67.54759],[-108.31359,67.48835],[-108.45271,67.48884]]],[[[-108.00381,67.66055],[-107.93456,67.53701],[-108.0703,67.5395],[-108.0349,67.50438],[-108.10578,67.46821],[-108.13756,67.55052],[-108.07339,67.56371],[-108.12865,67.59789],[-108.11197,67.67597],[-108.00381,67.66055]]],[[[-109.03978,67.7897],[-109.21174,67.7897],[-109.07071,67.81098],[-109.03978,67.7897]]],[[[-114.00841,67.87222],[-114.29646,67.89956],[-113.9265,67.8791],[-114.00841,67.87222]]],[[[-110.80818,67.96101],[-110.87865,67.89252],[-111.08934,67.86542],[-110.80818,67.96101]]],[[[-113.60375,67.90632],[-113.3413,67.93895],[-113.24804,67.91999],[-113.60375,67.90632]]],[[[-108.25894,67.89273],[-108.17707,67.96101],[-108.05354,67.95478],[-108.09219,67.88471],[-108.25894,67.89273]]],[[[-109.19811,67.9951],[-108.93513,67.97065],[-108.8734,67.9007],[-109.13923,67.93285],[-109.19811,67.9951]]],[[[-112.76134,67.96408],[-113.12148,67.9154],[-113.1551,67.92177],[-112.76134,67.96408]]],[[[-109.54752,68.0572],[-109.48518,68.04365],[-109.50658,68.08511],[-109.45132,68.09813],[-109.30822,68.00837],[-109.38345,67.98941],[-109.54752,68.0572]]],[[[-109.87584,68.13227],[-110.23241,68.03856],[-110.25943,68.04291],[-109.87584,68.13227]]],[[[-112.90421,68.16035],[-112.85534,68.17595],[-112.7178,68.15592],[-112.7897,68.13009],[-112.90421,68.16035]]],[[[-109.56798,68.24958],[-109.78197,68.14265],[-109.85603,68.15961],[-109.56798,68.24958]]],[[[-111.50023,68.30419],[-111.67699,68.22533],[-111.78136,68.2558],[-111.71276,68.30419],[-111.50023,68.30419]]],[[[-104.71524,68.41462],[-104.90136,68.45783],[-105.08601,68.55069],[-104.6813,68.57856],[-104.4785,68.51333],[-104.42943,68.44497],[-104.71524,68.41462]]],[[[-110.69888,68.48859],[-111.0952,68.48005],[-110.83605,68.55069],[-110.69888,68.48859]]],[[[-110.76049,68.56623],[-110.62999,68.57856],[-110.52074,68.55069],[-110.61433,68.52261],[-110.76049,68.56623]]],[[[-113.96744,68.61213],[-113.83528,68.61445],[-113.76203,68.5978],[-113.79577,68.58173],[-113.96744,68.61213]]],[[[-114.19274,68.68098],[-114.07177,68.6446],[-114.04776,68.62718],[-114.19274,68.68098]]],[[[-101.70311,68.64448],[-101.82494,68.65302],[-101.8662,68.57246],[-102.35192,68.6872],[-101.97956,68.826],[-101.70775,68.78783],[-101.70311,68.64448]]],[[[-114.35098,68.87275],[-114.47395,68.89326],[-114.33047,68.88618],[-114.35098,68.87275]]],[[[-101.50455,69.17573],[-101.7014,69.0987],[-101.60521,69.15054],[-101.72191,69.18061],[-101.68908,69.21117],[-101.50455,69.17573]]],[[[-100.95934,69.47248],[-101.2425,69.37434],[-101.30354,69.44815],[-101.18684,69.48225],[-101.38146,69.53815],[-101.17321,69.57168],[-100.95934,69.47248]]],[[[-102.15648,69.73493],[-102.11897,69.67097],[-102.23583,69.68464],[-102.22619,69.72606],[-102.15648,69.73493]]],[[[-109.83873,72.71442],[-109.77343,72.7167],[-110.00369,72.75544],[-110.00369,72.98505],[-109.85489,72.92194],[-109.62263,72.91596],[-109.75235,72.88117],[-109.40416,72.75202],[-109.18326,72.76704],[-108.94603,72.67377],[-109.0336,72.64842],[-109.04723,72.57331],[-108.84179,72.57331],[-108.86783,72.60594],[-108.63341,72.56558],[-108.58967,72.50381],[-108.66308,72.36103],[-108.54015,72.14875],[-108.40242,72.14875],[-108.41661,71.99047],[-108.29312,71.97626],[-108.34093,71.93586],[-108.19152,71.96296],[-108.2943,71.8815],[-108.24596,71.83283],[-108.28694,71.79873],[-108.17032,71.7541],[-108.24596,71.72297],[-108.0467,71.71674],[-107.98522,71.63483],[-107.83251,71.60822],[-107.72452,71.63483],[-107.83308,71.67919],[-107.80114,71.73436],[-107.66845,71.70816],[-107.56363,71.77521],[-107.25158,71.80614],[-107.47248,71.87027],[-107.25158,71.90168],[-107.60481,72.01093],[-107.63516,72.12763],[-107.77916,72.1413],[-107.79479,72.25104],[-107.86486,72.29584],[-107.71776,72.30268],[-107.84805,72.36042],[-107.80651,72.38776],[-107.8719,72.4348],[-107.786,72.46345],[-107.98522,72.51805],[-107.87536,72.52489],[-107.87536,72.57331],[-108.01317,72.62051],[-107.95792,72.64224],[-108.08365,72.76008],[-108.14249,72.88837],[-108.10473,72.91218],[-108.16784,72.95816],[-108.1361,72.98481],[-108.23469,73.04291],[-108.15657,73.05248],[-108.29833,73.13377],[-108.16495,73.20612],[-107.86791,73.18964],[-108.15657,73.30634],[-108.01317,73.31318],[-108.08764,73.35415],[-107.66202,73.32844],[-107.07323,73.17805],[-107.01138,73.19709],[-107.12873,73.24429],[-107.08772,73.28583],[-106.87344,73.31558],[-106.67593,73.22956],[-106.50471,73.23436],[-106.234,73.08723],[-105.85009,73.05996],[-105.36718,72.79243],[-105.40127,72.77131],[-105.31876,72.73778],[-105.51057,72.77875],[-105.42862,72.73037],[-105.45653,72.70303],[-105.28966,72.65445],[-105.34667,72.62051],[-105.31876,72.55903],[-105.19587,72.48395],[-105.30508,72.45661],[-104.9663,72.19355],[-105.02457,72.07298],[-104.88565,72.00088],[-104.81461,71.86188],[-104.6695,71.82404],[-104.36535,71.57722],[-104.40758,71.51069],[-104.31884,71.46971],[-104.34508,71.42186],[-104.28132,71.35025],[-104.48697,71.3476],[-104.44054,71.24909],[-104.64782,71.1197],[-104.59118,71.07319],[-104.2025,70.95527],[-103.99812,70.76191],[-103.84337,70.74311],[-103.57185,70.60554],[-103.30846,70.59797],[-103.13931,70.51056],[-102.92785,70.49909],[-103.12523,70.57608],[-103.16124,70.66096],[-103.0869,70.67748],[-102.85973,70.59658],[-102.85106,70.51634],[-102.19221,70.33344],[-101.92015,70.26374],[-101.79027,70.30557],[-101.59496,70.27733],[-101.64745,70.20441],[-101.52945,70.11286],[-101.37426,70.17691],[-101.23941,70.13801],[-101.02229,70.18622],[-100.87829,69.78294],[-100.96434,69.66446],[-101.29479,69.67048],[-101.43017,69.76683],[-101.45739,69.90615],[-101.67345,69.64672],[-101.85066,69.74714],[-101.93725,69.73957],[-102.0467,69.85529],[-102.16454,69.83609],[-102.22496,69.92048],[-102.23583,69.85285],[-102.34569,69.83234],[-102.29723,69.79759],[-102.33593,69.76704],[-102.39538,69.81761],[-102.58227,69.74348],[-102.6726,69.76944],[-102.48717,69.69066],[-102.50959,69.56419],[-102.57022,69.54873],[-102.81794,69.53872],[-103.2976,69.69452],[-103.48961,69.69452],[-103.51008,69.61945],[-103.22077,69.55549],[-103.12556,69.43989],[-103.08519,69.52326],[-103.01667,69.48225],[-103.02351,69.28026],[-103.2084,69.20112],[-103.19807,69.12031],[-102.84293,69.38471],[-102.28258,69.50365],[-101.93908,69.42064],[-102.17317,69.35252],[-102.03783,69.28803],[-102.09081,69.23998],[-102.21056,69.27928],[-102.22155,69.22907],[-102.08983,69.18244],[-101.92748,69.26154],[-101.75601,69.16014],[-101.86588,69.04409],[-101.81127,69.00625],[-101.84679,68.98835],[-102.40713,68.95474],[-102.39566,68.91694],[-102.52306,68.86555],[-102.74913,68.89948],[-102.71402,68.83975],[-102.96589,68.79865],[-103.16356,68.84296],[-103.41544,68.78327],[-104.09972,68.85847],[-104.26423,68.9479],[-104.30525,68.94038],[-104.27042,68.90693],[-104.44685,68.94155],[-104.59362,68.86449],[-105.12304,68.89643],[-105.27782,68.95474],[-105.06485,68.98745],[-104.91845,69.07514],[-106.4121,69.18806],[-106.27424,69.28807],[-106.31754,69.40131],[-106.58389,69.50361],[-106.74108,69.44473],[-106.75133,69.37987],[-106.96345,69.36274],[-106.99275,69.32722],[-106.93737,69.21564],[-107.33483,69.02558],[-107.94123,68.94111],[-108.53946,68.94697],[-108.56481,68.87596],[-109.02855,68.72675],[-110.37609,68.57636],[-110.56945,68.61909],[-110.98009,68.54841],[-111.04157,68.56428],[-110.8452,68.59516],[-111.41828,68.57856],[-111.20539,68.55069],[-111.25105,68.51968],[-112.2967,68.52554],[-113.24401,68.45441],[-113.29809,68.49103],[-113.03913,68.49494],[-113.35049,68.59154],[-113.66812,68.81538],[-113.61921,68.8454],[-113.67211,68.9099],[-113.57189,68.96515],[-113.57022,69.02977],[-113.63785,69.02977],[-113.54971,69.04409],[-113.65217,69.08845],[-113.69311,69.19489],[-113.50878,69.17446],[-113.54113,69.19074],[-114.25479,69.28368],[-115.18895,69.24266],[-115.97484,69.3002],[-116.5277,69.41389],[-116.63268,69.46182],[-116.55761,69.49592],[-116.61962,69.57168],[-116.76305,69.57787],[-116.7329,69.54377],[-116.90563,69.5926],[-116.85584,69.64763],[-116.63476,69.62996],[-117.14362,69.88798],[-117.12367,70.00115],[-112.89876,70.0001],[-112.87489,69.83233],[-112.64994,69.83341],[-112.39548,69.8746],[-112.65914,69.9023],[-112.49977,69.91051],[-112.49998,70.0001],[-109.99997,70.0001],[-110.00369,72.45812],[-109.78026,72.43618],[-110.00371,72.49657],[-109.78771,72.50438],[-110.00369,72.62731],[-110.00369,72.71044],[-109.81994,72.67219],[-109.83873,72.71442]]],[[[-104.48957,73.53229],[-104.57266,73.33218],[-104.76183,73.173],[-104.99039,73.07978],[-105.01578,73.01386],[-105.23062,72.93643],[-105.35973,72.9501],[-105.20336,72.8675],[-105.28498,72.85139],[-105.89415,73.16234],[-106.10765,73.19709],[-106.04564,73.22382],[-106.19579,73.28583],[-106.12072,73.29267],[-106.50878,73.41413],[-107.0393,73.48444],[-106.5996,73.71064],[-105.38142,73.77066],[-104.5598,73.59516],[-104.48957,73.53229]]],[[[-107.57994,73.60053],[-107.99397,73.54658],[-108.08764,73.59064],[-107.84887,73.63337],[-107.57994,73.60053]]],[[[-104.22948,75.01887],[-104.59586,75.04946],[-104.92955,75.1411],[-104.68879,75.26651],[-104.77066,75.27953],[-104.70226,75.33316],[-104.40323,75.4326],[-103.82055,75.36669],[-103.74694,75.23924],[-103.5858,75.17715],[-103.86726,75.06444],[-104.22948,75.01887]]],[[[-109.4254,76.03144],[-109.27257,76.05415],[-109.38988,76.06778],[-109.30797,76.10252],[-109.54223,76.18944],[-110.00369,76.22641],[-110.00369,76.48615],[-109.70519,76.52709],[-109.84919,76.54072],[-109.55431,76.63007],[-109.49446,76.72285],[-109.3251,76.78889],[-108.75927,76.86294],[-108.6494,76.81452],[-108.69001,76.77115],[-108.45079,76.73261],[-108.57653,76.64598],[-108.73192,76.64321],[-108.53869,76.56175],[-108.6289,76.52021],[-108.48493,76.45881],[-108.61588,76.42349],[-108.31884,76.39639],[-108.08088,76.28685],[-108.23168,76.25336],[-108.08764,76.22541],[-108.11994,76.21011],[-108.37755,76.17377],[-108.45759,76.10252],[-108.38248,76.08828],[-108.49918,76.04047],[-107.88903,76.06778],[-107.64013,75.98924],[-107.79345,75.93061],[-107.73819,75.91694],[-107.89737,75.90111],[-108.02623,75.78726],[-107.72057,75.88581],[-107.076,75.8994],[-107.10757,75.84186],[-106.95678,75.79409],[-107.03307,75.77359],[-106.94994,75.75251],[-106.96166,75.7104],[-106.88093,75.64924],[-106.88231,75.7661],[-106.61482,75.80093],[-106.88589,75.8382],[-106.87487,75.9654],[-106.63174,76.05854],[-106.33983,76.06159],[-105.6068,75.93744],[-105.46654,75.85773],[-105.42243,75.74567],[-105.46337,75.73261],[-105.38996,75.65339],[-105.51806,75.5539],[-105.7508,75.49238],[-105.59313,75.46507],[-105.70906,75.41975],[-105.66137,75.35521],[-105.93944,75.21467],[-105.83951,75.1833],[-106.0738,75.10456],[-106.0089,75.05663],[-107.23103,74.92011],[-107.68627,74.98225],[-107.72452,75.02253],[-107.69254,75.07587],[-107.77172,75.10139],[-107.77392,75.03441],[-107.99144,75.01264],[-107.94713,74.97211],[-108.01879,74.95059],[-107.94424,74.93692],[-108.41661,74.91706],[-108.80704,74.9853],[-108.5122,74.97846],[-108.82421,75.07152],[-109.53234,74.86701],[-110.00369,74.85262],[-110.00369,75.54466],[-108.93749,75.47744],[-108.89639,75.49238],[-108.92683,75.53026],[-109.0336,75.5539],[-108.85546,75.5607],[-108.89639,75.58861],[-108.83495,75.62275],[-108.93737,75.67797],[-108.85765,75.70026],[-109.69152,75.80707],[-109.62946,75.83442],[-109.70108,75.88036],[-110.00369,75.87869],[-109.38988,76.02066],[-109.4254,76.03144]]],[[[-103.31086,75.80707],[-103.05138,75.83442],[-103.13728,75.85106],[-103.04491,75.90615],[-102.4901,75.96931],[-101.98131,75.95173],[-102.38866,75.89037],[-102.60481,75.77261],[-103.38659,75.7661],[-103.24938,75.80707],[-103.31086,75.80707]]],[[[-103.69164,75.88898],[-103.97623,75.94428],[-103.11303,76.05036],[-102.44384,76.08991],[-102.31851,76.04413],[-103.69164,75.88898]]],[[[-104.39452,76.08149],[-104.47814,76.14704],[-104.312,76.21239],[-102.72663,76.31562],[-102.54157,76.23135],[-102.58528,76.18448],[-102.53063,76.15717],[-103.2364,76.04731],[-104.39452,76.08149]]],[[[-104.57209,76.49234],[-104.6813,76.6022],[-104.02465,76.67048],[-103.92471,76.64008],[-104.05818,76.56806],[-103.79613,76.62311],[-103.55793,76.56806],[-103.57974,76.52684],[-103.24938,76.50658],[-103.01041,76.42349],[-103.33625,76.33173],[-104.37767,76.32486],[-104.33312,76.36945],[-104.46223,76.39672],[-104.39802,76.46874],[-104.57209,76.49234]]],[[[-101.68712,76.58857],[-100.97248,76.73554],[-100.24771,76.73941],[-101.33812,76.56122],[-101.68712,76.58857]]],[[[-104.79117,77.10993],[-105.39513,77.21918],[-105.31876,77.22602],[-105.56579,77.3216],[-105.54406,77.37084],[-105.66137,77.38361],[-105.65974,77.44098],[-105.76505,77.46621],[-105.68163,77.51618],[-105.86067,77.54816],[-105.84423,77.62027],[-106.09366,77.72964],[-105.90876,77.76789],[-105.50304,77.7211],[-104.99608,77.53709],[-104.95202,77.48701],[-105.01586,77.41462],[-104.74853,77.41767],[-104.42125,77.30793],[-104.47647,77.28742],[-104.37108,77.23477],[-104.51358,77.14069],[-104.79117,77.10993]]],[[[-102.517,77.79515],[-102.49519,77.86473],[-102.39818,77.88886],[-101.72521,77.90648],[-101.21434,77.84073],[-100.932,77.74453],[-101.7906,77.67939],[-102.44872,77.7331],[-102.41332,77.76044],[-102.517,77.79515]]],[[[-109.68615,77.97138],[-110.00369,77.9314],[-110.00369,78.09931],[-109.58153,78.0541],[-109.68615,77.97138]]],[[[-102.79918,78.20014],[-103.08654,78.12238],[-103.28417,78.16136],[-103.02424,78.26984],[-102.79918,78.25666],[-102.79918,78.20014]]],[[[-110.00369,78.68692],[-109.40689,78.55903],[-109.25951,78.4593],[-109.40868,78.30988],[-110.00369,78.32901],[-110.00369,78.68692]]],[[[-105.62784,79.16502],[-105.40811,79.3343],[-105.15685,79.29987],[-103.72159,79.36335],[-103.12092,79.29068],[-102.61876,79.09675],[-102.66491,78.98599],[-102.77644,78.94595],[-102.57165,78.94595],[-102.62621,78.90497],[-102.59895,78.87763],[-102.40274,78.9348],[-102.42077,79.01423],[-101.64843,79.081],[-100.98819,78.93163],[-101.18517,78.80744],[-100.90636,78.77375],[-100.34976,78.82372],[-99.89208,78.69892],[-100.06338,78.63809],[-99.55793,78.5987],[-99.67785,78.48412],[-99.87165,78.43887],[-99.74812,78.3808],[-99.80272,78.3085],[-99.53392,78.2884],[-99.43277,78.21288],[-98.94616,78.06892],[-98.97008,78.00405],[-99.10383,77.96589],[-99.02904,77.88272],[-99.93859,77.7829],[-100.61002,77.86396],[-100.83068,78.01533],[-100.76207,78.08299],[-101.00231,78.13801],[-101.05972,78.20551],[-101.26256,78.18553],[-102.16076,78.28832],[-102.59252,78.24445],[-102.80223,78.28779],[-102.66714,78.36371],[-102.74413,78.38056],[-103.6588,78.32111],[-103.94652,78.24282],[-104.46569,78.27464],[-104.81957,78.36164],[-105.04638,78.50479],[-104.64098,78.58344],[-103.53954,78.50039],[-103.4536,78.53962],[-103.49429,78.56615],[-103.37975,78.58959],[-104.0445,78.6306],[-103.48278,78.67158],[-103.53059,78.70637],[-103.31827,78.73705],[-103.49844,78.78827],[-103.81794,78.74047],[-103.72094,78.80646],[-104.18806,78.77668],[-104.22326,78.78827],[-103.83218,78.90497],[-104.24722,78.99706],[-104.78498,78.80878],[-105.00561,78.80711],[-104.67854,79.01113],[-104.95336,79.05386],[-105.56347,79.02595],[-105.62784,79.16502]]],[[[-93.08751,61.83539],[-93.21605,61.88166],[-93.22468,61.90644],[-93.0664,61.93781],[-92.96398,61.88939],[-93.08751,61.83539]]],[[[-92.85066,61.9477],[-92.77187,61.93505],[-92.87497,61.93868],[-92.85066,61.9477]]],[[[-92.6417,62.06066],[-92.68867,62.04188],[-92.7009,62.07464],[-92.6417,62.06066]]],[[[-92.22883,62.36237],[-92.37491,62.39647],[-92.14151,62.40396],[-92.22883,62.36237]]],[[[-92.42003,62.39692],[-92.53881,62.38288],[-92.59923,62.40009],[-92.52892,62.43301],[-92.42003,62.39692]]],[[[-91.68908,62.67084],[-91.59288,62.65095],[-91.5751,62.62442],[-91.68908,62.67084]]],[[[-91.14782,62.66401],[-91.27135,62.69196],[-90.984,62.66401],[-91.14782,62.66401]]],[[[-90.64293,63.44318],[-90.75683,63.50007],[-90.59976,63.46654],[-90.64293,63.44318]]],[[[-90.81176,63.50007],[-90.96972,63.55476],[-90.67488,63.52119],[-90.81176,63.50007]]],[[[-91.4147,63.56778],[-91.53889,63.61677],[-91.29865,63.56778],[-91.4147,63.56778]]],[[[-92.9969,63.91324],[-92.96154,63.87938],[-93.09366,63.91096],[-92.9969,63.91324]]],[[[-97.36701,67.66918],[-97.51814,67.62425],[-97.562,67.69404],[-97.36742,67.73827],[-97.36701,67.66918]]],[[[-98.93248,68.00259],[-99.05232,68.03327],[-99.08336,68.0572],[-98.96666,68.07087],[-98.93248,68.00259]]],[[[-100.09069,68.29059],[-100.23404,68.32404],[-100.07775,68.36262],[-100.09069,68.29059]]],[[[-100.22106,68.77033],[-100.41828,68.71898],[-100.48843,68.80044],[-100.60334,68.75556],[-100.63036,68.8747],[-100.57974,68.94798],[-100.63134,68.99567],[-100.40412,69.02973],[-100.12487,68.90693],[-100.18008,68.89326],[-100.22106,68.77033]]],[[[-100.02184,68.94038],[-100.19762,68.98192],[-100.24962,69.069],[-100.13854,69.14712],[-100.05102,69.10688],[-99.98632,69.02961],[-100.02184,68.94038]]],[[[-95.21492,68.86221],[-95.53038,68.67841],[-95.59508,68.75605],[-95.7963,68.73676],[-95.84211,68.61953],[-95.99975,68.62572],[-96.29589,68.48013],[-96.5205,68.44758],[-97.10196,68.58983],[-97.14428,68.59154],[-97.09618,68.53913],[-97.15925,68.51813],[-97.46447,68.53522],[-97.78856,68.66047],[-98.11925,68.67499],[-98.29027,68.75821],[-98.25504,68.82575],[-98.36376,68.85757],[-98.4254,68.84886],[-98.41112,68.77033],[-98.52237,68.75031],[-98.86335,68.83442],[-98.81973,68.92772],[-98.96996,68.95474],[-99.12662,68.92064],[-99.04235,68.86591],[-99.19225,68.82978],[-99.44115,68.89936],[-99.59728,69.02668],[-99.46129,69.13459],[-99.0067,69.13907],[-98.71276,69.20213],[-98.65323,69.30101],[-98.40958,69.30781],[-98.41112,69.35252],[-98.61132,69.44916],[-98.41857,69.47606],[-98.59057,69.52025],[-98.54943,69.58511],[-98.02383,69.43464],[-98.37019,69.60578],[-98.28384,69.75715],[-97.92516,69.89594],[-97.34228,69.70881],[-97.49315,69.67406],[-97.39074,69.60017],[-97.28401,69.69697],[-96.89342,69.49775],[-96.2198,69.31395],[-96.17105,69.26313],[-96.253,69.16014],[-96.22558,69.05443],[-96.1234,69.03335],[-96.15478,69.16421],[-96.04821,69.22972],[-95.92467,69.08503],[-95.9746,69.04002],[-95.85534,68.96906],[-95.8282,68.87588],[-95.62902,68.83104],[-95.35326,68.90396],[-95.21492,68.86221]]],[[[-90.46736,69.22655],[-90.68541,69.22907],[-90.656,69.3498],[-90.77725,69.2768],[-90.77701,69.32868],[-90.61897,69.37637],[-90.46736,69.22655]]],[[[-90.32763,69.23896],[-90.50674,69.36665],[-90.30236,69.43537],[-90.23933,69.3946],[-90.20189,69.44815],[-90.14729,69.37299],[-90.32763,69.23896]]],[[[-96.74022,69.58535],[-96.3225,69.5314],[-96.16926,69.5705],[-96.10131,69.46727],[-96.14314,69.35252],[-96.23204,69.3627],[-96.74022,69.58535]]],[[[-95.99401,69.4986],[-95.91169,69.60025],[-95.7775,69.63569],[-95.36913,69.49592],[-95.41299,69.3863],[-95.71166,69.32176],[-95.71882,69.38618],[-95.65538,69.40949],[-95.69469,69.54059],[-95.83528,69.55805],[-95.78002,69.46865],[-95.88459,69.3439],[-95.9923,69.35936],[-95.94449,69.42084],[-95.99401,69.4986]]],[[[-91.53356,69.73066],[-91.73746,69.79759],[-91.40852,69.87954],[-91.53356,69.73066]]],[[[-91.8402,69.8249],[-91.80191,69.87836],[-91.64127,69.85969],[-91.67003,69.85008],[-91.8402,69.8249]]],[[[-97.32925,69.93476],[-97.35595,69.90746],[-97.22623,69.87954],[-97.49332,69.93171],[-97.32925,69.93476]]],[[[-100.76024,70.32298],[-100.79434,70.25605],[-100.87218,70.29784],[-100.76024,70.32298]]],[[[-100.65563,70.55158],[-100.71451,70.68146],[-100.4864,70.68154],[-100.19376,70.57905],[-100.3924,70.58527],[-100.28869,70.53807],[-100.26203,70.45612],[-100.65563,70.55158]]],[[[-95.36954,71.73615],[-95.49205,71.74348],[-95.36229,71.79181],[-95.45173,71.826],[-95.25927,71.83283],[-95.36954,71.73615]]],[[[-96.30556,72.43667],[-96.66441,72.31826],[-96.87681,72.32632],[-96.53416,72.24433],[-96.49998,72.09349],[-96.86928,72.04511],[-96.49323,72.02802],[-96.54075,71.95454],[-96.76695,71.92227],[-96.50132,71.93146],[-96.58877,71.82075],[-96.73765,71.79906],[-96.67755,71.83967],[-96.73964,71.85236],[-96.96157,71.80683],[-97.21189,71.66649],[-97.68528,71.61839],[-98.25279,71.66999],[-98.35927,71.73436],[-98.21312,71.88125],[-98.29502,71.90168],[-98.26032,71.86762],[-98.34349,71.86079],[-98.50047,71.72297],[-98.04181,71.53119],[-98.21519,71.40941],[-98.72996,71.27172],[-98.96763,71.38325],[-99.23509,71.34959],[-99.41225,71.54548],[-99.38523,71.58584],[-99.56167,71.62006],[-99.86436,71.85944],[-100.11863,71.89423],[-100.63654,72.18647],[-100.96775,72.17544],[-101.08384,72.26423],[-101.03599,72.2779],[-101.21617,72.3347],[-101.44863,72.24213],[-101.60228,72.31102],[-101.78204,72.30878],[-101.89317,72.39517],[-101.77647,72.39517],[-101.91982,72.40819],[-101.93398,72.48652],[-102.61424,72.66132],[-102.74229,72.73037],[-102.75596,72.81232],[-102.48476,73.04125],[-101.94782,73.09345],[-101.9813,73.06611],[-101.76284,73.01899],[-101.78953,72.98481],[-101.73493,72.97053],[-101.81749,72.97053],[-101.73924,72.92768],[-101.54376,72.92211],[-101.59837,72.90843],[-101.46861,72.8061],[-101.27684,72.77875],[-101.41339,72.75202],[-101.33356,72.7248],[-100.94725,72.6894],[-100.81012,72.72411],[-100.87217,72.73778],[-100.83608,72.76415],[-100.44835,72.73811],[-100.31663,72.8061],[-100.447,72.92211],[-100.3924,72.9501],[-100.50226,72.96369],[-100.46743,73.01899],[-100.31041,73.03266],[-100.41657,72.97834],[-100.26878,72.96003],[-100.32969,72.90843],[-100.30479,72.87499],[-100.07176,72.88858],[-100.03546,72.94383],[-100.18008,72.99103],[-100.11119,72.99848],[-100.22789,73.05248],[-100.17324,73.07978],[-100.32347,73.1009],[-100.22789,73.13443],[-100.52952,73.09345],[-100.61147,73.1481],[-100.46743,73.20332],[-100.55625,73.23127],[-100.35138,73.29267],[-100.03868,73.19367],[-99.76862,73.21076],[-100.05357,73.24519],[-100.3629,73.3996],[-100.40599,73.36782],[-100.33714,73.32624],[-100.85789,73.26284],[-101.62563,73.49136],[-101.22984,73.60615],[-100.91856,73.60297],[-100.65428,73.46149],[-100.42027,73.41926],[-100.60431,73.49877],[-100.54942,73.60053],[-100.87474,73.61864],[-100.91315,73.63532],[-100.85789,73.66885],[-101.11855,73.72407],[-100.88585,73.8321],[-100.41494,73.84365],[-100.0233,73.73778],[-99.84609,73.88833],[-100.08604,73.83177],[-100.30296,73.86123],[-100.11554,73.94009],[-99.80272,73.93696],[-99.83746,73.90225],[-99.78904,73.86807],[-99.39313,73.79955],[-99.19122,73.69025],[-99.12864,73.75178],[-98.78912,73.73774],[-98.09654,73.8183],[-97.77391,73.91889],[-97.7333,73.909],[-97.83576,73.86807],[-97.19371,73.84748],[-96.93821,73.68684],[-97.22003,73.55598],[-97.44859,73.58515],[-97.4317,73.53229],[-97.64394,73.5397],[-97.63222,73.4604],[-97.2202,73.47748],[-97.16478,73.44969],[-97.25413,73.4361],[-97.15049,73.39509],[-97.19367,73.35126],[-97.7333,73.30634],[-98.49404,73.01789],[-98.43162,72.94343],[-98.44619,72.8725],[-98.26772,72.97736],[-97.98517,73.04413],[-97.25596,72.96206],[-97.27383,72.87873],[-97.4186,72.86066],[-97.21938,72.84024],[-97.02562,72.72948],[-97.18528,72.66889],[-97.19391,72.61506],[-96.53758,72.75202],[-96.51365,72.72411],[-96.58877,72.69684],[-96.45225,72.64224],[-96.40379,72.56586],[-96.43858,72.53856],[-96.37929,72.54011],[-96.30556,72.43667]]],[[[-97.01399,72.77875],[-96.6918,72.88862],[-96.72598,72.83397],[-96.65087,72.77875],[-96.77245,72.72394],[-97.01399,72.77875]]],[[[-95.7495,72.80317],[-95.85578,72.86066],[-95.71178,72.83397],[-95.7495,72.80317]]],[[[-96.74828,73.17805],[-96.75943,73.11457],[-96.65087,73.14183],[-96.56827,73.05248],[-96.71011,72.94172],[-96.97301,72.92963],[-97.1407,73.0589],[-97.04381,73.15559],[-96.74828,73.17805]]],[[[-90.19571,73.90225],[-90.3789,73.85838],[-90.3732,73.79238],[-90.78637,73.55683],[-90.98339,73.55956],[-90.92125,73.49811],[-91.25768,73.2722],[-91.63386,73.23127],[-91.37633,73.20319],[-91.85765,72.84797],[-92.09582,72.74624],[-92.38488,72.70991],[-93.30102,72.81834],[-94.32079,72.76508],[-94.31432,72.71662],[-93.78742,72.74071],[-93.8168,72.64525],[-93.62833,72.60122],[-93.46422,72.46345],[-93.62279,72.35786],[-93.81103,72.31631],[-94.08776,72.06354],[-94.23388,72.03242],[-94.0266,72.06558],[-94.06013,71.98363],[-94.34496,72.02562],[-95.2115,71.99421],[-95.18708,72.069],[-95.08861,72.10033],[-95.20124,72.11091],[-94.79044,72.15994],[-95.17675,72.15497],[-95.21386,72.20478],[-95.16369,72.35419],[-95.23534,72.43952],[-95.13573,72.46345],[-95.31387,72.54536],[-95.36319,72.63972],[-95.59268,72.69945],[-95.5904,72.74339],[-95.51309,72.73778],[-95.66894,72.80215],[-95.62296,72.92963],[-95.7174,72.99714],[-95.6503,73.0395],[-95.69127,73.08723],[-95.6516,73.1186],[-95.51325,73.13373],[-95.58202,73.16234],[-95.5609,73.23802],[-95.6503,73.33369],[-95.60192,73.3889],[-95.68517,73.4632],[-95.63585,73.52814],[-95.70494,73.55956],[-95.54044,73.58071],[-95.72541,73.64151],[-95.68456,73.66791],[-95.71923,73.69058],[-95.41173,73.77644],[-95.02135,73.6706],[-94.62243,73.65575],[-94.91047,73.7104],[-95.11588,73.81403],[-94.95763,73.84138],[-95.15538,73.8273],[-95.33092,73.91747],[-95.24865,74.00991],[-94.72057,74.10139],[-93.91902,74.14008],[-93.75723,74.07713],[-93.72985,74.16083],[-93.27257,74.17797],[-92.43017,74.0624],[-92.27131,73.99217],[-92.33397,73.94318],[-91.57238,74.03315],[-90.19571,73.90225]]],[[[-98.98713,73.96088],[-99.02188,73.98477],[-98.173,74.09772],[-97.72525,74.12165],[-97.64322,74.07221],[-98.14342,73.8784],[-98.71837,73.86522],[-98.76317,73.8166],[-99.14338,73.8216],[-98.8192,73.83763],[-99.44026,73.909],[-98.98713,73.96088]]],[[[-97.79479,74.49189],[-97.45836,74.63056],[-97.26036,74.59797],[-97.37707,74.51236],[-97.63622,74.45995],[-97.79479,74.49189]]],[[[-95.87002,74.58124],[-95.56322,74.64289],[-95.25561,74.51878],[-95.7176,74.53254],[-95.87002,74.58124]]],[[[-93.44311,74.76927],[-93.56664,74.7451],[-93.45739,74.71776],[-93.60765,74.6542],[-94.72419,74.63178],[-94.8286,74.68513],[-95.06696,74.68207],[-95.05382,74.73143],[-95.30541,74.80549],[-95.46044,74.80427],[-95.45173,74.7451],[-95.51134,74.7436],[-95.51488,74.81411],[-95.89757,74.82587],[-95.87002,74.85497],[-96.13687,74.93692],[-96.03327,74.95059],[-96.14314,74.95799],[-96.06461,75.02359],[-96.15054,75.01887],[-96.26667,74.90961],[-96.4038,74.93692],[-96.32946,75.00414],[-96.61612,74.99152],[-96.46935,75.1944],[-95.98607,75.25218],[-96.09398,75.26097],[-95.90355,75.29316],[-96.17105,75.30744],[-95.78002,75.38251],[-96.15551,75.40803],[-95.70494,75.40302],[-95.84211,75.46507],[-95.59057,75.5489],[-94.89953,75.64472],[-94.39391,75.60423],[-93.64924,75.32787],[-93.80004,75.30744],[-93.49938,75.26801],[-93.58031,75.20502],[-93.46227,75.13508],[-93.49157,75.07404],[-93.6424,75.03994],[-93.53454,75.04466],[-93.43098,74.96747],[-93.44311,74.76927]]],[[[-96.78116,75.37568],[-96.98668,75.3968],[-96.94738,75.41437],[-97.05492,75.49921],[-96.43619,75.58779],[-96.37511,75.65998],[-95.91039,75.5607],[-96.20572,75.45799],[-96.40856,75.52228],[-96.36461,75.576],[-96.42431,75.5812],[-96.55207,75.51667],[-96.50267,75.46157],[-96.78116,75.37568]]],[[[-97.49755,75.44562],[-97.47948,75.49238],[-97.72423,75.57221],[-97.85627,75.54767],[-97.76122,75.50007],[-97.77383,75.46015],[-97.92369,75.5196],[-98.04182,75.48493],[-97.77428,75.42414],[-98.03531,75.41551],[-97.87999,75.37434],[-98.12296,75.36864],[-98.1647,75.33417],[-98.076,75.32787],[-98.11669,75.298],[-97.93053,75.33955],[-97.89098,75.32787],[-98.00084,75.27953],[-97.89778,75.30549],[-97.73331,75.21125],[-97.80223,75.19758],[-97.56884,75.14981],[-97.81286,75.11311],[-98.10326,75.22553],[-98.15103,75.17023],[-97.97326,75.11196],[-97.97582,75.01447],[-98.75023,74.98843],[-98.90022,75.06708],[-98.95417,75.00894],[-99.40551,74.99897],[-99.30578,75.13129],[-99.50105,75.03246],[-99.42593,74.99152],[-99.64542,74.97602],[-100.36876,75.0231],[-100.43334,75.14981],[-100.39855,75.1634],[-100.54943,75.20502],[-99.98705,75.23859],[-100.406,75.27334],[-100.24771,75.31428],[-100.50292,75.29263],[-100.78213,75.35521],[-100.4265,75.38251],[-100.72134,75.43773],[-100.04117,75.45722],[-100.00878,75.47134],[-100.31041,75.47875],[-100.03917,75.48021],[-99.95352,75.49921],[-100.28254,75.52717],[-99.82999,75.54767],[-100.04231,75.5607],[-99.66552,75.61591],[-99.86413,75.61591],[-99.82323,75.65624],[-98.89419,75.69965],[-101.44937,75.60765],[-102.63341,75.49811],[-102.88166,75.61782],[-102.63305,75.61591],[-102.70198,75.63581],[-102.68765,75.67797],[-102.53063,75.69847],[-102.56188,75.72553],[-102.24673,75.72443],[-102.10607,75.69798],[-102.00927,75.70466],[-102.23583,75.74567],[-102.11897,75.79951],[-102.37413,75.81049],[-102.26228,75.86982],[-101.833,75.90583],[-101.27579,75.74567],[-100.91316,75.81452],[-101.35875,75.77973],[-101.32746,75.81794],[-101.37182,75.85179],[-101.55061,75.86982],[-101.58947,75.92451],[-101.30354,76.02066],[-101.70995,75.98969],[-101.84382,76.027],[-101.9029,76.1059],[-101.38549,76.25336],[-102.16755,76.23908],[-102.05769,76.28002],[-102.19481,76.29434],[-101.95466,76.36945],[-102.03515,76.41279],[-101.81127,76.45881],[-101.32165,76.41454],[-101.05712,76.32844],[-101.13207,76.24519],[-100.62511,76.12299],[-100.7412,76.09569],[-100.42028,76.12299],[-100.62511,76.08149],[-100.35391,76.06558],[-100.07022,75.95173],[-100.15217,75.91694],[-99.99958,75.92666],[-99.94709,75.87519],[-99.44026,75.97223],[-99.86413,75.93744],[-100.22106,76.13605],[-99.68375,76.12377],[-99.41853,76.16401],[-99.69961,76.14106],[-100.47875,76.23383],[-100.51098,76.24994],[-100.44457,76.28376],[-100.07706,76.27326],[-100.21422,76.30801],[-100.17809,76.31757],[-100.0631,76.28685],[-99.84366,76.28685],[-100.18008,76.36323],[-100.13854,76.38312],[-100.67528,76.38105],[-100.98819,76.50658],[-100.33259,76.64472],[-99.64094,76.63744],[-99.54947,76.60961],[-99.68663,76.6022],[-99.16369,76.5135],[-99.25731,76.46894],[-99.0703,76.4042],[-99.13854,76.45506],[-98.85058,76.43769],[-99.05602,76.54072],[-99.02872,76.6022],[-98.75182,76.58222],[-98.48746,76.65742],[-98.8568,76.67792],[-98.45531,76.68207],[-98.42162,76.62547],[-98.15103,76.58857],[-98.4049,76.59601],[-98.36791,76.5705],[-97.66511,76.48615],[-97.66845,76.42036],[-97.78856,76.32225],[-97.50674,76.19066],[-97.65453,75.98212],[-97.57022,75.86522],[-97.93936,75.74567],[-97.37751,75.67984],[-97.40892,75.47158],[-97.28087,75.40302],[-97.49755,75.44562]]],[[[-94.45751,75.96589],[-94.29459,75.7757],[-94.7438,75.76154],[-94.91047,75.93744],[-94.53234,75.99803],[-94.45751,75.96589]]],[[[-90.23607,77.20547],[-91.1022,77.36249],[-91.19961,77.40786],[-91.2093,77.57538],[-90.8817,77.6577],[-90.30411,77.62938],[-89.77575,77.4864],[-89.64452,77.34341],[-89.79088,77.2707],[-90.23607,77.20547]]],[[[-93.4779,77.55866],[-93.47842,77.48811],[-93.54552,77.44481],[-93.95767,77.4383],[-95.98762,77.47907],[-96.32873,77.60957],[-96.23546,77.70551],[-95.5065,77.81074],[-95.35546,77.73994],[-94.94835,77.79145],[-93.94001,77.73725],[-93.60802,77.78148],[-93.23827,77.73334],[-93.10115,77.66421],[-93.37466,77.63398],[-93.37487,77.5891],[-93.4779,77.55866]]],[[[-96.8614,77.78897],[-97.12385,77.87714],[-96.99348,77.92487],[-97.77428,78.04157],[-97.65144,78.05585],[-97.65689,78.09707],[-96.93761,78.08104],[-96.86929,78.13715],[-97.91954,78.22028],[-97.76684,78.24702],[-98.06847,78.3085],[-98.0139,78.33637],[-98.09024,78.36994],[-98.03502,78.39851],[-98.4073,78.48819],[-98.33992,78.54365],[-98.02497,78.55256],[-98.31607,78.64623],[-98.37019,78.72679],[-98.31554,78.74726],[-98.36189,78.76618],[-98.14908,78.81867],[-97.45104,78.79711],[-96.1573,78.61957],[-96.27351,78.53506],[-95.90697,78.48725],[-95.46109,78.51113],[-94.82787,78.36371],[-95.40323,78.23334],[-94.88931,78.10928],[-94.88931,78.06208],[-95.06066,77.97264],[-96.36555,77.86298],[-96.49617,77.90607],[-96.74022,77.87031],[-96.49323,77.87714],[-96.5751,77.85663],[-96.52497,77.84638],[-96.8614,77.78897]]],[[[-96.74796,80.14008],[-94.38223,79.98802],[-94.80744,80.09732],[-94.08747,80.17988],[-94.58568,80.22639],[-94.95983,80.14228],[-95.40152,80.12665],[-95.69811,80.17988],[-95.232,80.24128],[-95.96915,80.20136],[-96.56827,80.27607],[-96.46524,80.32319],[-96.68497,80.34369],[-96.24816,80.33657],[-96.28034,80.3642],[-95.94896,80.39155],[-95.43741,80.34369],[-96.10216,80.49457],[-95.90355,80.54291],[-96.02701,80.58393],[-94.98152,80.60375],[-93.78576,80.52928],[-94.00548,80.59138],[-94.54279,80.6079],[-94.67707,80.66584],[-94.0738,80.70742],[-94.12877,80.72822],[-95.04015,80.78254],[-94.88744,80.81977],[-95.5336,80.82412],[-95.15001,80.88556],[-95.48522,80.90607],[-95.23184,81.01533],[-94.90298,81.06371],[-94.4735,81.02196],[-94.51256,80.98798],[-94.44709,80.96752],[-93.90929,81.04263],[-94.35993,81.10472],[-94.3024,81.12271],[-93.49157,81.06997],[-93.15575,81.09785],[-93.12165,81.11831],[-93.18309,81.13264],[-93.10001,81.15644],[-93.25202,81.20026],[-93.21719,81.21455],[-94.39586,81.26171],[-94.18847,81.36665],[-93.56664,81.30329],[-93.48546,81.33478],[-93.54776,81.385],[-93.25768,81.37344],[-91.79833,81.15925],[-91.84732,81.12519],[-91.78527,81.09101],[-91.91503,81.07738],[-91.52457,80.97801],[-91.08886,80.7486],[-90.59293,80.65278],[-90.76618,80.57624],[-90.73107,80.56672],[-90.00666,80.54194],[-89.77432,80.4641],[-89.73982,80.47093],[-89.83194,80.52928],[-89.32486,80.53677],[-89.05797,80.46784],[-89.25719,80.39899],[-89.07848,80.39899],[-89.25585,80.28974],[-89.04003,80.19375],[-88.53844,80.09911],[-88.41369,80.11099],[-88.482,80.14509],[-88.14615,80.10346],[-88.42736,80.19286],[-88.25548,80.18671],[-88.31021,80.21198],[-88.70857,80.28974],[-88.64415,80.39667],[-88.46898,80.43989],[-87.70055,80.41258],[-87.5677,80.1833],[-88.06363,80.12523],[-87.89867,80.05939],[-87.23937,80.07038],[-87.00845,79.95332],[-87.48827,79.83723],[-86.96203,79.90876],[-87.13581,79.64948],[-87.41071,79.5904],[-87.46093,79.53559],[-87.28059,79.51219],[-86.99104,79.60346],[-86.84484,79.59317],[-86.82136,79.5467],[-86.69376,79.56908],[-86.81725,79.6175],[-86.71935,79.64248],[-86.30907,79.6481],[-86.04206,79.56908],[-86.13825,79.52192],[-86.02839,79.48094],[-86.16617,79.45987],[-86.06754,79.43618],[-85.89444,79.49897],[-85.86181,79.593],[-85.69872,79.61799],[-84.91259,79.2707],[-86.5039,79.06867],[-86.59752,78.98005],[-86.74665,78.95905],[-86.96825,79.06419],[-87.00113,78.99006],[-86.94017,78.91861],[-87.64924,78.64301],[-87.88793,78.70649],[-87.99755,78.81122],[-87.98473,78.9643],[-87.79735,79.008],[-87.83829,79.02847],[-87.72842,79.08307],[-88.17374,78.99559],[-88.22891,78.80451],[-88.13622,78.68692],[-88.35847,78.6579],[-88.02204,78.65461],[-87.90974,78.55244],[-88.2285,78.46357],[-88.55769,78.61017],[-88.80476,78.61017],[-88.54003,78.4169],[-88.81127,78.16543],[-89.04996,78.18171],[-90.00617,78.61376],[-90.09948,78.56171],[-89.98884,78.44868],[-89.78718,78.39838],[-89.45519,78.1645],[-90.33202,78.33637],[-90.7506,78.32274],[-90.32543,78.27436],[-90.3732,78.24079],[-90.27595,78.18647],[-90.35269,78.1446],[-91.6044,78.19086],[-91.85953,78.24388],[-92.02453,78.21068],[-92.32653,78.28864],[-92.17569,78.31533],[-92.21984,78.33226],[-92.50341,78.31318],[-92.99128,78.46613],[-91.64916,78.56501],[-92.81135,78.63809],[-93.28173,78.59471],[-93.47175,78.65176],[-93.37369,78.6883],[-93.53938,78.67841],[-93.8131,78.76777],[-93.03844,78.76777],[-93.87458,78.83397],[-94.29353,78.98688],[-93.60924,79.05687],[-93.33047,79.17097],[-91.88121,79.16352],[-90.36636,79.24755],[-92.08629,79.206],[-92.62735,79.24543],[-92.69587,79.2674],[-91.12051,79.39159],[-92.49535,79.36542],[-92.58039,79.38475],[-92.23034,79.43256],[-92.92382,79.416],[-93.08666,79.48713],[-93.14696,79.46625],[-93.00495,79.39159],[-93.38854,79.34317],[-93.23436,79.41816],[-93.32103,79.45205],[-93.49511,79.36017],[-93.65441,79.36652],[-93.68395,79.34317],[-93.62873,79.3227],[-93.9298,79.25918],[-94.21093,79.27489],[-94.14411,79.33686],[-93.84097,79.39899],[-94.48009,79.42666],[-94.49828,79.38475],[-94.38842,79.37104],[-95.00231,79.2674],[-95.21101,79.28095],[-95.19103,79.31586],[-95.32136,79.33698],[-95.16369,79.35],[-95.29015,79.36196],[-95.28038,79.40522],[-95.75536,79.40624],[-95.78002,79.43256],[-95.67015,79.44684],[-95.78002,79.48094],[-95.70494,79.50764],[-95.73908,79.54243],[-94.72769,79.6105],[-94.34065,79.68622],[-94.36172,79.7342],[-94.30028,79.77521],[-95.19327,79.64741],[-95.85375,79.65241],[-96.49323,79.83723],[-96.39021,79.86449],[-96.58877,79.85712],[-96.61612,79.885],[-96.56127,79.9051],[-96.13687,79.91169],[-96.59561,79.96015],[-96.67756,80.01537],[-96.39021,80.0489],[-96.7213,80.05415],[-96.80167,80.09732],[-96.74796,80.14008]]],[[[-100.19371,80.03229],[-99.77937,80.15078],[-99.06286,80.12523],[-98.87377,80.08381],[-98.70596,79.96699],[-98.77505,79.90469],[-98.65136,79.79222],[-98.8402,79.66987],[-99.33039,79.7683],[-99.31184,79.84838],[-99.58361,79.89867],[-100.07022,79.87816],[-100.18008,79.91169],[-100.13711,79.9663],[-100.19371,80.03229]]],[[[-96.15054,80.66584],[-95.16369,80.70002],[-94.9713,80.63915],[-96.15054,80.66584]]],[[[-80.71768,52.69497],[-81.95173,52.97443],[-82.06265,53.02277],[-81.85778,53.18525],[-81.12279,53.20222],[-80.77953,52.94872],[-80.67838,52.78042],[-80.71768,52.69497]]],[[[-79.79918,53.12189],[-79.92984,53.09439],[-79.91657,53.17032],[-79.79918,53.12189]]],[[[-80.07079,53.31851],[-79.94376,53.37165],[-79.91735,53.29743],[-79.9842,53.26512],[-80.07079,53.31851]]],[[[-79.93008,53.94086],[-79.86189,53.92036],[-79.86189,53.91291],[-79.93008,53.94086]]],[[[-81.08869,54.35908],[-81.10847,54.34296],[-81.1018,54.37409],[-81.08869,54.35908]]],[[[-80.10188,56.19758],[-80.031,56.31973],[-79.87173,56.33552],[-79.86742,56.38548],[-79.67443,56.38451],[-79.54589,56.53034],[-79.71573,56.30915],[-80.03287,56.18989],[-80.10188,56.19758]]],[[[-79.82421,56.84797],[-79.93936,56.76048],[-79.94376,56.8395],[-79.82421,56.84797]]],[[[-79.90282,56.89411],[-79.75621,56.91645],[-79.73086,56.80191],[-79.79076,56.79609],[-79.81249,56.89667],[-79.90282,56.89411]]],[[[-79.85098,57.48652],[-79.80687,57.56928],[-79.7281,57.61717],[-79.6964,57.52949],[-79.77994,57.51105],[-79.79296,57.42853],[-79.85098,57.48652]]],[[[-80.56994,59.10562],[-80.53856,59.09467],[-80.58288,59.09833],[-80.56994,59.10562]]],[[[-80.47818,59.45698],[-80.52721,59.37539],[-80.54223,59.37132],[-80.55329,59.4501],[-80.47818,59.45698]]],[[[-80.5515,59.6494],[-80.58056,59.66926],[-80.51041,59.69245],[-80.5515,59.6494]]],[[[-80.16055,59.68281],[-80.25617,59.62669],[-80.34219,59.61957],[-80.2318,59.73127],[-80.16055,59.68281]]],[[[-80.37027,59.70873],[-80.42968,59.65266],[-80.44367,59.64818],[-80.42186,59.69477],[-80.37027,59.70873]]],[[[-80.01891,59.7722],[-80.17984,59.74876],[-80.04296,59.87775],[-79.8817,59.86103],[-80.01891,59.7722]]],[[[-79.26574,62.24982],[-79.326,61.98843],[-79.38638,62.00218],[-79.56331,61.7424],[-79.75886,61.58218],[-79.8544,61.58218],[-79.96032,61.69013],[-80.20446,61.79011],[-80.28555,61.93037],[-80.15828,62.19936],[-79.8308,62.41079],[-79.44042,62.37979],[-79.26574,62.24982]]],[[[-81.86238,62.92475],[-81.96475,62.80121],[-81.92374,62.74592],[-81.95694,62.69766],[-82.34455,62.56444],[-82.42467,62.47223],[-83.06615,62.18716],[-83.28063,62.25251],[-83.70519,62.1435],[-83.72484,62.28563],[-83.93981,62.42381],[-83.90697,62.4914],[-83.5655,62.68228],[-83.51985,62.82636],[-83.29646,62.93089],[-83.06041,62.84199],[-82.69546,62.94522],[-82.42048,62.92797],[-82.25719,62.99555],[-81.89729,62.94489],[-81.86238,62.92475]]],[[[-81.3994,64.20319],[-81.46882,64.19155],[-81.53881,64.20637],[-81.44205,64.23823],[-81.3994,64.20319]]],[[[-80.50381,63.69351],[-81.01887,63.45026],[-82.07461,63.69184],[-82.35753,63.65961],[-82.55158,63.74299],[-82.37629,63.82844],[-82.3911,63.92377],[-82.53392,63.97305],[-83.13044,63.97923],[-82.96581,64.13703],[-83.0843,64.18985],[-83.20352,64.12206],[-83.53942,64.11074],[-83.68529,64.01407],[-83.60456,63.93037],[-83.63378,63.77098],[-83.78392,63.7685],[-84.08934,63.60993],[-84.28425,63.62678],[-84.40534,63.55476],[-84.48034,63.39338],[-84.59024,63.31513],[-85.09577,63.15713],[-85.45519,63.12226],[-85.63952,63.25104],[-85.65225,63.43867],[-85.5902,63.61335],[-85.70629,63.69929],[-85.71373,63.7744],[-85.81981,63.70551],[-86.21398,63.65087],[-86.63231,63.66454],[-86.86815,63.56175],[-87.12377,63.56363],[-87.22379,63.66014],[-86.8959,63.93024],[-86.19286,64.10342],[-86.19595,64.16474],[-86.36482,64.30882],[-86.34374,64.41128],[-86.40575,64.43854],[-86.41942,64.59687],[-86.173,64.82958],[-86.21398,64.89106],[-86.15933,64.93944],[-86.22785,65.00385],[-86.13825,65.11351],[-86.17394,65.28653],[-86.09728,65.35716],[-86.15152,65.39615],[-85.93894,65.7632],[-85.48651,65.92414],[-85.48827,65.79662],[-85.36954,65.83959],[-85.17186,65.78913],[-85.18395,65.7263],[-85.05236,65.61416],[-85.31648,65.54149],[-85.00764,65.41572],[-84.93179,65.21821],[-84.78824,65.24116],[-84.74498,65.35151],[-84.57738,65.48941],[-84.16002,65.34699],[-84.23034,65.26765],[-84.06884,65.20014],[-83.39769,65.13662],[-83.20836,64.9477],[-82.88378,64.87971],[-82.71451,64.78099],[-82.33674,64.76154],[-81.77131,64.51203],[-81.77465,64.30923],[-81.60847,64.20962],[-81.6066,64.1341],[-81.95002,64.06806],[-81.99161,63.99873],[-81.45653,64.03779],[-81.39883,64.10151],[-80.93065,63.99348],[-80.97911,64.06867],[-80.95116,64.13007],[-80.88878,64.12263],[-80.54381,63.98493],[-80.4969,63.91767],[-80.7047,63.9184],[-80.67463,63.89399],[-80.16975,63.7744],[-80.50381,63.69351]]],[[[-88.96934,65.38788],[-89.08679,65.39204],[-89.10445,65.40887],[-88.96934,65.38788]]],[[[-88.4886,65.48139],[-88.4308,65.48699],[-88.37128,65.46199],[-88.45898,65.4557],[-88.4886,65.48139]]],[[[-84.93029,66.01508],[-84.71496,65.83527],[-84.57409,65.63565],[-84.71321,65.55516],[-84.84122,65.58755],[-84.87633,65.6704],[-85.11266,65.76211],[-85.18615,65.94684],[-85.15567,66.01122],[-85.06261,66.02945],[-84.93029,66.01508]]],[[[-83.29117,65.84687],[-83.50341,65.80972],[-83.58251,65.86152],[-83.36937,65.87108],[-83.29117,65.84687]]],[[[-84.45783,66.14615],[-84.02135,66.08771],[-84.0006,66.03559],[-83.74291,65.95832],[-83.68248,65.88154],[-83.80199,65.8227],[-83.53108,65.71345],[-83.21231,65.706],[-83.36705,65.6186],[-83.62267,65.66454],[-83.58288,65.706],[-83.64928,65.68976],[-83.62385,65.65135],[-83.83886,65.65225],[-83.68529,65.75507],[-83.82925,65.75507],[-83.80187,65.79393],[-83.95897,65.74079],[-84.14273,65.76675],[-84.12458,65.90668],[-84.47354,66.07591],[-84.45783,66.14615]]],[[[-83.61986,66.04092],[-83.57038,66.08369],[-83.55875,66.04597],[-83.61986,66.04092]]],[[[-85.09242,66.05093],[-85.02173,66.08307],[-84.99747,66.05732],[-85.09242,66.05093]]],[[[-83.64843,66.07111],[-83.64879,66.12295],[-83.57242,66.10643],[-83.64843,66.07111]]],[[[-83.28742,66.33039],[-83.1372,66.30931],[-83.17821,66.28946],[-82.90445,66.26838],[-83.07763,66.19782],[-83.29263,66.26789],[-83.28742,66.33039]]],[[[-85.96243,66.43959],[-85.91123,66.46199],[-85.89622,66.45386],[-85.96243,66.43959]]],[[[-86.43541,68.09813],[-86.37247,67.93659],[-86.46451,67.7919],[-86.59752,67.72822],[-86.8861,67.82294],[-86.95421,67.92455],[-86.84862,67.9665],[-86.84789,68.02216],[-86.98738,68.0843],[-86.68692,68.31037],[-86.40783,68.20775],[-86.43541,68.09813]]],[[[-82.34895,68.36506],[-82.17667,68.38544],[-82.00011,68.35139],[-82.08141,68.30732],[-82.34895,68.36506]]],[[[-90.13801,69.04995],[-90.25373,69.08161],[-90.27575,69.12963],[-90.15469,69.13963],[-90.13801,69.04995]]],[[[-81.69191,69.38439],[-81.83031,69.34433],[-81.90272,69.39415],[-81.83887,69.43379],[-81.54853,69.41549],[-81.48563,69.34718],[-81.69191,69.38439]]],[[[-80.20771,69.40807],[-80.12426,69.39333],[-80.07101,69.38358],[-80.20771,69.40807]]],[[[-79.99865,69.50015],[-80.23062,69.54084],[-80.23803,69.62629],[-80.33422,69.55805],[-80.35155,69.61603],[-80.49682,69.66755],[-80.81404,69.69452],[-80.71837,69.75601],[-80.40274,69.67015],[-80.3758,69.71503],[-80.50064,69.78742],[-80.20604,69.80069],[-80.12255,69.75971],[-80.1503,69.72338],[-79.76793,69.75385],[-79.67243,69.82038],[-79.4547,69.80097],[-79.32681,69.70881],[-79.61286,69.61982],[-79.91808,69.60468],[-80.05321,69.64899],[-79.93635,69.53685],[-79.99865,69.50015]]],[[[-83.52766,69.79076],[-83.70067,69.76854],[-83.65803,69.72866],[-83.70104,69.7228],[-83.9171,69.79361],[-83.85558,69.83173],[-83.52766,69.79076]]],[[[-82.64772,69.8261],[-82.49205,69.76298],[-82.85468,69.79435],[-82.84331,69.8084],[-82.64772,69.8261]]],[[[-87.08422,69.98941],[-87.37902,70.10602],[-87.09781,70.12661],[-87.14562,70.1402],[-87.11653,70.16108],[-86.80305,70.09243],[-86.65075,70.12092],[-86.46036,70.01675],[-87.08422,69.98941]]],[[[-79.87515,74.81733],[-80.1577,74.85944],[-80.14586,74.92023],[-80.1966,74.94343],[-80.19017,74.89594],[-80.26203,74.87938],[-80.31314,74.94155],[-80.41055,74.9018],[-80.10082,74.82762],[-80.24543,74.75873],[-80.12877,74.71776],[-80.20474,74.69733],[-80.15624,74.63687],[-80.21752,74.58747],[-81.11535,74.57892],[-81.78869,74.4584],[-82.4217,74.51834],[-82.38305,74.54645],[-82.4215,74.5727],[-82.60619,74.51236],[-82.91999,74.5515],[-83.11726,74.66938],[-83.11775,74.73749],[-83.03751,74.77611],[-83.07848,74.81582],[-83.49169,74.90949],[-83.56249,74.89232],[-83.32217,74.76215],[-83.49352,74.57783],[-84.25829,74.5065],[-84.91487,74.51236],[-84.98746,74.57441],[-84.95718,74.6811],[-85.00796,74.70409],[-85.07624,74.64265],[-85.03527,74.53901],[-85.18493,74.49311],[-85.35741,74.50556],[-85.53368,74.69009],[-85.48229,74.54536],[-85.60387,74.49803],[-86.12462,74.48436],[-86.08019,74.54987],[-86.17927,74.62222],[-86.25133,74.52839],[-86.38004,74.48749],[-86.66145,74.53754],[-86.80305,74.62222],[-86.80102,74.54938],[-86.60375,74.47138],[-86.91104,74.46455],[-87.01407,74.51398],[-87.25927,74.46817],[-87.37279,74.52603],[-87.2965,74.54645],[-87.64363,74.45832],[-87.75577,74.51992],[-88.06041,74.47736],[-88.51781,74.50121],[-88.56436,74.57343],[-88.43444,74.70112],[-88.43419,74.76557],[-88.29699,74.77985],[-88.48884,74.79352],[-88.44782,74.83442],[-88.53946,74.90375],[-88.57877,74.89606],[-88.55492,74.84089],[-88.66129,74.85155],[-88.84765,74.66498],[-88.92077,74.78608],[-89.09895,74.84073],[-89.01016,74.78608],[-89.06029,74.72223],[-89.27025,74.75873],[-89.09895,74.68708],[-89.14737,74.6079],[-89.43444,74.55329],[-89.91853,74.52729],[-90.00866,74.59064],[-90.11075,74.55467],[-90.3732,74.60175],[-90.31176,74.62905],[-90.56379,74.60859],[-90.73009,74.66315],[-90.76366,74.71776],[-90.7233,74.73827],[-91.02497,74.70409],[-90.75683,74.83442],[-90.78677,74.88963],[-91.23038,74.73827],[-91.09944,74.62905],[-91.28563,74.63589],[-91.33043,74.72093],[-91.36848,74.64859],[-91.5135,74.64472],[-91.68908,74.68366],[-91.62084,74.71161],[-91.666,74.72675],[-91.88085,74.71161],[-91.80578,74.73827],[-92.06273,74.80341],[-92.01183,74.90961],[-92.23034,75.07404],[-92.01183,75.10139],[-92.11425,75.13613],[-92.0559,75.15323],[-92.2823,75.14082],[-92.50402,75.218],[-92.42894,75.34154],[-92.32653,75.37568],[-92.46304,75.37568],[-92.38077,75.45612],[-92.00438,75.60163],[-92.07946,75.62897],[-92.01183,75.66372],[-92.17569,75.75251],[-92.10473,75.81452],[-92.12682,75.87385],[-92.61974,76.01459],[-92.66613,76.13508],[-93.04845,76.2954],[-93.06017,76.34903],[-93.28991,76.36921],[-93.76594,76.28685],[-93.63492,76.25959],[-93.70373,76.25153],[-94.74909,76.31485],[-95.06066,76.22541],[-95.39025,76.23908],[-95.35778,76.30512],[-94.80061,76.32844],[-95.82331,76.39911],[-96.109,76.49974],[-95.75768,76.52733],[-95.58825,76.60961],[-96.02701,76.555],[-95.9923,76.58173],[-96.49962,76.69575],[-96.96557,76.73941],[-96.84264,76.77351],[-96.90038,76.78636],[-96.8675,76.81367],[-96.66295,76.75414],[-96.30822,76.75983],[-96.58194,76.77351],[-96.31444,76.8083],[-96.81957,76.87202],[-96.85115,76.92963],[-96.6577,76.9523],[-96.81843,76.98338],[-96.47297,76.95922],[-96.24673,77.00629],[-96.39021,77.03425],[-95.77074,77.07673],[-94.50796,76.97118],[-94.234,76.89061],[-93.70092,76.92097],[-93.19677,76.75308],[-93.17626,76.68106],[-93.29914,76.555],[-93.65608,76.44514],[-93.5607,76.39517],[-93.45739,76.41039],[-93.58031,76.43085],[-93.36189,76.47187],[-93.07925,76.62763],[-92.36897,76.59911],[-91.44107,76.69367],[-90.92113,76.6433],[-90.5327,76.55052],[-90.46939,76.48615],[-91.56554,76.49974],[-89.2976,76.30052],[-89.19445,76.2482],[-89.38012,76.18448],[-90.45641,76.17768],[-90.0511,76.13605],[-90.09374,76.12499],[-91.61335,76.26704],[-91.25768,76.20157],[-91.40852,76.14973],[-90.66808,76.11563],[-90.86669,76.06778],[-90.18822,76.06778],[-91.16149,76.02066],[-90.94298,76.00633],[-91.07213,75.99266],[-90.94717,75.94286],[-91.14782,75.90327],[-91.12881,75.83613],[-90.79776,75.99885],[-90.70035,75.95673],[-90.42846,75.97223],[-90.51854,75.89883],[-90.31485,75.97435],[-90.11376,75.93744],[-89.96377,76.01602],[-89.68798,75.90327],[-89.77733,75.79409],[-89.5148,75.85932],[-89.16251,75.7652],[-89.25719,75.63581],[-89.76305,75.5812],[-89.20848,75.58601],[-89.10237,75.48867],[-88.91739,75.43036],[-88.76378,75.43773],[-88.75292,75.48188],[-88.9003,75.60908],[-88.7224,75.6861],[-88.22265,75.54499],[-88.30382,75.49921],[-88.22814,75.47134],[-87.75084,75.58088],[-87.49572,75.49238],[-87.60558,75.45148],[-87.46691,75.456],[-87.42365,75.5008],[-87.50748,75.56127],[-87.26574,75.62303],[-86.77782,75.47602],[-86.36482,75.43036],[-86.61803,75.36888],[-85.52188,75.40302],[-86.15168,75.50877],[-85.52872,75.60163],[-85.56811,75.57233],[-85.22712,75.5607],[-85.32266,75.57437],[-85.04491,75.65583],[-84.57608,75.62425],[-84.50088,75.63581],[-84.65795,75.65009],[-84.6647,75.69107],[-84.28962,75.71328],[-83.91808,75.81452],[-84.0006,75.8288],[-83.11954,75.74006],[-82.33104,75.84357],[-81.11315,75.77912],[-81.28629,75.66372],[-80.50341,75.66157],[-79.95002,75.54023],[-80.3758,75.46507],[-79.64981,75.46979],[-79.57384,75.45148],[-79.68309,75.43773],[-79.49132,75.38251],[-79.61486,75.3037],[-79.44351,75.28701],[-79.51692,75.22923],[-79.96866,75.09748],[-80.44343,75.03994],[-80.17658,74.9853],[-80.24913,74.95352],[-79.59203,75.02057],[-79.3343,74.90339],[-79.87515,74.81733]]],[[[-81.20442,76.18448],[-81.32795,76.14973],[-81.46508,76.16401],[-81.31086,76.19636],[-81.20442,76.18448]]],[[[-89.52497,76.48041],[-89.38012,76.44514],[-89.62654,76.45136],[-89.52497,76.48041]]],[[[-84.13781,76.51407],[-84.01342,76.50336],[-83.91124,76.47187],[-83.99226,76.42536],[-84.12344,76.45136],[-84.13781,76.51407]]],[[[-89.67496,76.73261],[-89.85928,76.61644],[-89.82209,76.55126],[-89.67496,76.50658],[-90.15783,76.50609],[-90.59447,76.75088],[-89.98217,76.84235],[-89.67496,76.73261]]],[[[-85.54239,77.54072],[-85.01838,77.58348],[-84.81623,77.4997],[-85.16222,77.45873],[-85.13829,77.4997],[-85.24437,77.53246],[-85.54239,77.54072]]],[[[-88.24621,78.26093],[-88.41145,78.27936],[-88.2014,78.35688],[-88.24743,78.37263],[-88.22191,78.4326],[-88.05744,78.45246],[-88.24621,78.26093]]],[[[-79.2517,52.07689],[-79.39306,51.94025],[-79.61107,51.91865],[-79.65575,51.98749],[-79.3487,52.10505],[-79.2517,52.07689]]],[[[-79.08015,52.10651],[-79.00186,52.10757],[-79.08666,52.09748],[-79.08015,52.10651]]],[[[-79.50129,52.2331],[-79.44563,52.2624],[-79.3793,52.2519],[-79.50129,52.2331]]],[[[-78.70739,52.44758],[-78.76089,52.40644],[-78.82726,52.42764],[-78.70739,52.44758]]],[[[-79.60945,52.5351],[-79.61242,52.57734],[-79.5653,52.54536],[-79.60945,52.5351]]],[[[-79.7036,53.5163],[-79.75817,53.52253],[-79.76561,53.5467],[-79.7036,53.5163]]],[[[-79.01891,54.94082],[-79.40193,54.852],[-79.77994,54.78376],[-79.65392,54.85444],[-79.01891,54.94082]]],[[[-77.21125,55.65375],[-77.52611,55.4654],[-77.64786,55.42744],[-77.21125,55.65375]]],[[[-78.93639,56.02448],[-79.11217,55.80024],[-79.14244,55.79735],[-79.01329,56.05907],[-78.95067,56.07852],[-79.00528,56.01703],[-78.93639,56.02448]]],[[[-76.77481,56.10366],[-76.75646,56.17886],[-76.71593,56.13801],[-76.77481,56.10366]]],[[[-79.54589,56.13312],[-79.90905,55.82526],[-80.02571,55.90034],[-79.52538,56.29365],[-79.45373,56.55952],[-79.43517,56.41421],[-79.60733,56.13447],[-79.40933,56.22248],[-79.25832,56.68184],[-79.13426,56.6344],[-79.22302,56.6495],[-79.24699,56.56207],[-79.13097,56.54418],[-79.05761,56.43696],[-78.93615,56.43024],[-78.90905,56.3454],[-78.95222,56.32245],[-78.88183,56.32559],[-79.06216,56.13935],[-79.20328,55.85944],[-79.11107,56.08698],[-78.9901,56.2626],[-78.98021,56.39203],[-79.04939,56.36066],[-79.10228,56.2215],[-79.05932,56.20205],[-79.28588,55.86628],[-79.12816,56.16108],[-79.15559,56.23615],[-79.46935,55.87938],[-79.63386,55.90298],[-79.78612,55.79047],[-79.47082,56.12104],[-79.54589,56.13312]]],[[[-78.93139,56.13178],[-78.77774,56.41486],[-78.67077,56.44306],[-78.67569,56.18154],[-78.93139,56.13178]]],[[[-77.98009,56.28661],[-77.94896,56.31338],[-77.84142,56.32331],[-77.98009,56.28661]]],[[[-77.50255,56.38646],[-77.49938,56.437],[-77.47761,56.43647],[-77.50255,56.38646]]],[[[-76.61612,56.6955],[-76.65469,56.5489],[-76.63419,56.71528],[-76.61612,56.6955]]],[[[-78.75007,56.6756],[-78.78295,56.6551],[-78.85094,56.67267],[-78.84069,56.67577],[-78.75007,56.6756]]],[[[-79.57335,56.81818],[-79.48034,56.72321],[-79.56493,56.62055],[-79.5476,56.72752],[-79.59374,56.77119],[-79.57335,56.81818]]],[[[-76.69327,57.07197],[-76.71142,57.19636],[-76.65469,57.06712],[-76.69327,57.07197]]],[[[-78.25695,57.19449],[-78.32433,57.17186],[-78.38195,57.17446],[-78.32555,57.20767],[-78.25695,57.19449]]],[[[-78.45812,57.30476],[-78.38101,57.3288],[-78.3264,57.31778],[-78.4154,57.27928],[-78.45812,57.30476]]],[[[-76.83544,57.42577],[-76.75182,57.37031],[-76.73941,57.28388],[-76.76378,57.28506],[-76.83544,57.42577]]],[[[-77.94945,58.33283],[-77.81794,58.30878],[-77.66832,58.2447],[-77.73827,58.25043],[-77.94945,58.33283]]],[[[-78.63044,58.59589],[-78.6962,58.6966],[-78.45665,58.53889],[-78.63044,58.59589]]],[[[-78.62523,58.77334],[-78.70494,58.77953],[-78.70763,58.78604],[-78.65087,58.80207],[-78.62523,58.77334]]],[[[-78.88435,58.80996],[-78.94213,58.83784],[-78.93761,58.86481],[-78.88435,58.80996]]],[[[-78.22326,60.81314],[-78.33629,60.75869],[-78.69612,60.7141],[-78.60375,60.77961],[-78.22326,60.81314]]],[[[-77.74405,62.54108],[-77.83348,62.60261],[-77.62051,62.58832],[-77.66564,62.56135],[-77.74405,62.54108]]],[[[-78.10562,62.56525],[-77.88695,62.59919],[-77.83633,62.56232],[-78.10562,62.56525]]],[[[-77.55968,63.18476],[-77.94076,63.08715],[-78.50919,63.37499],[-78.54427,63.44918],[-78.44055,63.51939],[-78.37981,63.45513],[-78.18635,63.49323],[-77.68261,63.43867],[-77.49596,63.27607],[-77.55968,63.18476]]],[[[-76.54491,63.46654],[-76.70198,63.3697],[-76.98209,63.40729],[-77.43562,63.59565],[-77.33316,63.63044],[-77.44612,63.66112],[-77.12027,63.68505],[-76.70934,63.56778],[-76.61783,63.52167],[-76.68887,63.48583],[-76.54491,63.46654]]],[[[-77.98331,63.97248],[-77.59569,64.04116],[-77.54548,64.02765],[-77.73721,63.93207],[-77.98331,63.97248]]],[[[-76.4842,64.18134],[-76.56851,64.20612],[-76.57266,64.23428],[-76.49743,64.24258],[-76.4842,64.18134]]],[[[-76.56526,64.2541],[-76.69091,64.25243],[-76.69005,64.26407],[-76.56526,64.2541]]],[[[-75.00561,68.13711],[-75.16137,67.95311],[-75.04406,67.81696],[-75.02978,67.61835],[-75.08243,67.53319],[-75.39045,67.35765],[-75.88927,67.258],[-76.98156,67.24331],[-77.2506,67.45384],[-77.2233,67.54328],[-77.32266,67.70799],[-77.21223,67.87043],[-76.8684,68.159],[-76.68887,68.26264],[-76.29914,68.33478],[-76.08186,68.29767],[-75.9112,68.34455],[-75.1376,68.23627],[-75.00561,68.13711]]],[[[-73.00581,66.81769],[-72.73847,67.0683],[-72.3509,67.11945],[-72.19335,67.2757],[-72.36982,67.3308],[-72.43354,67.475],[-72.508,67.50226],[-72.4261,67.54328],[-72.48204,67.61758],[-72.66295,67.6848],[-72.60823,67.78628],[-72.94404,67.93228],[-72.89904,68.02302],[-72.99462,68.23591],[-73.05183,68.20295],[-73.22802,68.24213],[-73.21398,68.27802],[-73.49494,68.27692],[-73.21373,68.3793],[-73.31737,68.39981],[-73.35554,68.33527],[-73.61909,68.24958],[-73.68794,68.27692],[-73.5843,68.30419],[-73.94738,68.41348],[-73.86095,68.4982],[-73.73864,68.51923],[-73.81701,68.57111],[-73.72151,68.61579],[-73.82453,68.61953],[-73.70775,68.66047],[-73.79658,68.66669],[-73.75561,68.6872],[-74.18757,68.7294],[-73.8852,68.55488],[-73.98583,68.49543],[-74.00263,68.53701],[-74.22004,68.51582],[-74.50463,68.59951],[-74.53755,68.66519],[-74.72077,68.73554],[-74.57445,68.84186],[-74.82502,68.77656],[-74.98274,68.81127],[-74.6848,68.87983],[-74.7032,68.93757],[-75.04414,68.90693],[-74.84492,68.94038],[-75.04414,68.93423],[-74.8592,68.96833],[-75.02367,68.95474],[-74.94066,68.99775],[-74.64008,69.02363],[-74.80907,69.08332],[-75.05158,69.00934],[-75.11604,68.89297],[-75.4864,69.02204],[-75.57042,68.98652],[-75.49665,68.93423],[-75.60652,68.88581],[-76.32555,68.69847],[-76.62499,68.68236],[-76.67317,68.76582],[-76.5338,68.88142],[-76.64464,68.91694],[-76.63813,69.01594],[-76.42248,69.05988],[-75.98986,69.01089],[-75.62096,69.08796],[-75.57173,69.15705],[-75.59557,69.22907],[-75.96215,69.37348],[-76.39131,69.40534],[-76.62959,69.54597],[-76.46955,69.65762],[-76.20979,69.61945],[-76.18187,69.66787],[-76.62206,69.68867],[-76.51704,69.66787],[-76.70299,69.56501],[-76.88215,69.59073],[-76.81867,69.63312],[-76.98375,69.59723],[-77.20287,69.64672],[-76.79479,69.72248],[-76.90123,69.77709],[-76.77672,69.83609],[-77.31282,69.84199],[-76.97639,69.94221],[-77.63427,69.8249],[-77.44245,69.79076],[-77.61437,69.74299],[-77.68269,69.8249],[-77.70393,70.20124],[-77.89155,70.26374],[-78.05573,70.22211],[-78.1966,70.2569],[-78.15221,70.2023],[-78.40827,70.21589],[-78.53925,70.31216],[-78.38842,70.33881],[-78.53588,70.35659],[-78.58165,70.31444],[-78.7447,70.45612],[-78.89179,70.47972],[-78.89704,70.4169],[-79.10094,70.50332],[-78.88191,70.5517],[-78.99791,70.56538],[-78.88178,70.60077],[-78.78173,70.55634],[-78.71736,70.5517],[-78.83992,70.63569],[-78.95906,70.6308],[-79.01582,70.68211],[-79.15547,70.63178],[-79.00325,70.6186],[-79.1761,70.51765],[-79.14875,70.45612],[-79.21337,70.4208],[-79.34675,70.44872],[-79.23066,70.55854],[-79.31322,70.54487],[-79.27904,70.52383],[-79.3166,70.48322],[-79.42431,70.49226],[-79.40644,70.43985],[-79.50386,70.46068],[-79.59126,70.41132],[-78.92536,70.30207],[-78.75569,70.1822],[-78.66511,70.01382],[-78.79992,69.87954],[-79.68086,69.84858],[-79.90608,69.9831],[-80.01154,69.94562],[-80.06835,70.00414],[-81.76244,70.12287],[-81.44526,70.00483],[-81.19323,70.0008],[-80.77033,69.78229],[-80.95124,69.71503],[-81.57905,69.93256],[-81.56758,69.96955],[-81.75255,69.97333],[-82.11823,70.11689],[-83.04792,70.31216],[-82.81517,70.20848],[-82.24604,70.11286],[-81.71154,69.93476],[-81.76679,69.90746],[-81.73888,69.87954],[-82.02526,69.87421],[-82.13838,69.78596],[-83.05163,70.01048],[-83.6728,69.94636],[-84.69477,70.00658],[-84.83381,70.03596],[-84.87092,70.0788],[-84.81172,70.11872],[-84.95198,70.06655],[-85.36933,70.10928],[-85.87483,70.07197],[-85.60945,70.07844],[-85.23461,69.99624],[-85.78291,69.99519],[-86.54988,70.23648],[-86.59081,70.36677],[-86.29699,70.47744],[-86.37092,70.5266],[-86.33759,70.48965],[-86.66377,70.38011],[-86.63923,70.32514],[-86.88349,70.33564],[-86.74165,70.38719],[-86.90184,70.38508],[-86.94026,70.4077],[-86.87194,70.4077],[-86.99486,70.435],[-86.91979,70.45612],[-86.9746,70.47272],[-87.24873,70.39411],[-87.00975,70.37446],[-86.97444,70.29043],[-87.77973,70.33198],[-87.61189,70.28425],[-87.85253,70.23798],[-88.26293,70.33198],[-87.904,70.32876],[-88.90722,70.54487],[-89.01024,70.66096],[-89.29845,70.77741],[-89.44909,70.90803],[-89.18842,70.96259],[-89.55773,71.09296],[-89.12633,71.03156],[-88.6424,71.05459],[-88.41051,71.02741],[-88.32494,70.95844],[-87.89302,70.93529],[-87.00231,70.99677],[-87.74901,71.14077],[-87.85029,71.19404],[-87.81794,71.25747],[-87.86413,71.27485],[-88.08113,71.20966],[-89.85314,71.33934],[-90.00398,71.45604],[-90.0102,71.51752],[-89.9593,71.5349],[-90.04491,71.59667],[-89.79792,71.76459],[-90.1186,71.92886],[-89.99653,71.99047],[-89.99254,72.0716],[-89.5782,72.16242],[-89.90095,72.18976],[-89.963,72.25739],[-89.95067,72.33373],[-89.83308,72.40298],[-89.91295,72.42597],[-89.78751,72.42426],[-89.88769,72.44908],[-89.79064,72.47468],[-89.73506,72.62124],[-89.46833,72.66889],[-89.56696,72.7001],[-89.5782,72.79243],[-89.27656,72.75825],[-89.24983,72.79243],[-89.41365,72.83088],[-89.29804,72.92072],[-89.36067,72.98017],[-89.21492,73.01325],[-89.31188,73.05248],[-89.12568,73.1481],[-89.1809,73.1555],[-89.14753,73.18622],[-88.88671,73.21699],[-89.05122,73.25169],[-88.86286,73.30634],[-88.61921,73.28583],[-88.85945,73.33369],[-88.68749,73.42304],[-87.76448,73.71674],[-87.1341,73.80272],[-86.55842,73.85529],[-85.1057,73.812],[-84.83674,73.74519],[-84.95198,73.66767],[-85.57722,73.5124],[-86.03034,73.30244],[-86.33198,73.04426],[-86.67272,72.84699],[-86.73754,72.73094],[-86.68025,72.64619],[-86.24201,72.42251],[-86.43248,72.27684],[-86.40819,72.0058],[-86.11103,71.78437],[-85.49694,71.51439],[-84.94762,71.42333],[-84.94384,71.34439],[-84.83764,71.28657],[-85.19319,71.2993],[-85.27558,71.28473],[-85.17195,71.27045],[-85.47155,71.22972],[-85.4062,71.19697],[-85.9453,71.18089],[-86.30842,71.05565],[-86.82356,70.99055],[-86.28486,71.00625],[-85.7685,71.1494],[-85.18175,71.14106],[-84.97261,71.19619],[-84.8568,71.15973],[-84.87767,71.07246],[-84.98229,71.10782],[-85.14521,71.08613],[-84.95967,71.07868],[-85.00805,71.05199],[-84.93114,71.00092],[-84.96797,70.92398],[-84.79918,70.92788],[-84.753,70.9759],[-84.82929,71.08613],[-84.79711,71.18488],[-84.66478,71.22333],[-84.79869,71.28767],[-84.76134,71.40766],[-84.52827,71.47313],[-84.56306,71.55536],[-84.64497,71.5843],[-84.62238,71.66584],[-85.25788,71.66836],[-85.58344,71.79181],[-85.43782,71.81476],[-85.55553,71.90168],[-86.02135,71.98412],[-86.05065,72.01455],[-85.72057,72.01093],[-85.78205,72.03889],[-85.49775,72.0799],[-85.54247,72.12763],[-85.39851,72.13447],[-85.50837,72.17544],[-85.54247,72.23688],[-85.41894,72.21703],[-85.47643,72.26626],[-84.86201,72.21971],[-84.27131,72.0246],[-84.20661,71.93854],[-84.16454,72.0246],[-84.74738,72.23066],[-84.68981,72.24404],[-84.93916,72.29214],[-84.81408,72.35761],[-84.5692,72.35419],[-84.43208,72.38154],[-84.87312,72.37368],[-84.78014,72.46166],[-85.13191,72.35391],[-85.11791,72.38776],[-85.51452,72.46345],[-85.61823,72.54536],[-85.47358,72.57954],[-85.70637,72.6385],[-85.68208,72.89362],[-85.57063,72.97232],[-85.31794,72.96308],[-83.95287,72.75825],[-85.08996,72.98481],[-85.11803,73.03315],[-85.53563,73.02578],[-85.46357,73.11188],[-85.39314,73.13996],[-85.12475,73.05248],[-85.22716,73.13129],[-85.1754,73.14899],[-83.63756,72.98481],[-83.79475,73.04658],[-85.19298,73.23127],[-85.11335,73.32184],[-84.79723,73.39094],[-84.34264,73.23127],[-84.65803,73.39509],[-84.1822,73.47769],[-83.78096,73.4361],[-83.60517,73.3015],[-83.66523,73.45612],[-84.00752,73.50495],[-83.35652,73.64338],[-83.05724,73.6494],[-82.83113,73.73672],[-81.52839,73.71621],[-81.22907,73.5397],[-81.18757,73.26455],[-80.6197,73.1601],[-80.54988,73.09479],[-80.65705,72.97736],[-80.64033,72.92792],[-80.24547,72.73778],[-81.38264,72.24433],[-81.24165,72.26081],[-80.88915,72.43618],[-80.50621,72.49763],[-80.5124,72.38154],[-80.75231,72.30923],[-80.83454,72.20962],[-80.97175,72.20336],[-80.56688,72.08226],[-81.02632,72.09349],[-80.99218,72.07298],[-81.08776,72.05256],[-80.8004,72.01777],[-80.8448,71.93928],[-80.98534,71.88809],[-80.39668,72.05012],[-80.36531,72.11091],[-80.48286,72.18073],[-80.23811,72.20962],[-80.30696,72.25739],[-80.24523,72.29987],[-80.00532,72.18285],[-79.67638,72.12763],[-80.16979,72.32632],[-79.87495,72.4287],[-79.81884,72.50642],[-79.69062,72.47028],[-79.77253,72.41568],[-79.59382,72.34052],[-79.76802,72.22236],[-79.54564,72.27509],[-79.45039,72.19595],[-79.54597,72.29214],[-79.33161,72.40229],[-78.95722,72.28311],[-78.94331,72.19595],[-79.03889,72.07298],[-79.23066,71.97626],[-78.50446,71.87446],[-78.91442,72.01415],[-78.8802,72.159],[-78.83043,72.17267],[-78.50446,72.10033],[-78.20897,71.8238],[-77.90864,71.77139],[-78.30834,71.94986],[-78.15355,71.9724],[-77.74763,71.75169],[-77.69636,71.81232],[-77.88923,71.84369],[-78.12487,71.97675],[-78.2945,71.97655],[-78.42903,72.11986],[-78.87507,72.23066],[-78.75092,72.2853],[-78.80476,72.33808],[-78.60432,72.35782],[-78.51191,72.32632],[-78.53181,72.25117],[-78.42756,72.17943],[-78.39155,72.18635],[-78.47655,72.24433],[-78.47094,72.31883],[-78.4088,72.32905],[-77.69136,72.21662],[-77.62059,72.13788],[-77.66096,72.10033],[-77.59984,72.12543],[-77.58959,72.1833],[-76.99743,72.13447],[-77.5478,72.19921],[-78.55476,72.44481],[-78.55907,72.51065],[-78.42744,72.59374],[-77.60102,72.7558],[-76.78352,72.72948],[-76.65197,72.63874],[-76.1695,72.59113],[-76.10298,72.47968],[-76.03722,72.4914],[-76.06969,72.55532],[-75.93989,72.59223],[-75.19835,72.49763],[-74.94172,72.25739],[-75.24596,72.12848],[-75.63915,72.14509],[-76.02876,72.08869],[-76.41462,71.86079],[-76.00508,72.05939],[-75.6577,72.12434],[-75.22228,72.06928],[-75.5854,72.0041],[-75.80451,71.75776],[-76.09992,71.69627],[-75.86644,71.70795],[-75.67138,71.81672],[-75.55065,71.98355],[-75.19603,72.02424],[-75.06318,72.12824],[-74.24226,72.0799],[-74.11803,71.96723],[-74.2091,71.916],[-74.17292,71.86542],[-74.21496,71.83714],[-74.55138,71.83198],[-74.70991,71.73892],[-74.90453,71.71206],[-75.3518,71.70014],[-75.39424,71.6752],[-75.08507,71.70311],[-74.93977,71.66169],[-75.41405,71.52497],[-74.71557,71.70157],[-74.6494,71.67886],[-74.73225,71.58299],[-75.0196,71.54271],[-75.15339,71.46971],[-74.8437,71.52326],[-74.82502,71.49018],[-74.92809,71.45604],[-74.70466,71.39492],[-75.09874,71.19538],[-75.04589,71.1872],[-74.63097,71.3902],[-74.7425,71.51411],[-74.52265,71.66258],[-74.10835,71.73786],[-74.24946,71.60879],[-74.14598,71.53864],[-74.21679,71.62092],[-73.99604,71.75422],[-73.72151,71.77823],[-73.68049,71.72297],[-73.62096,71.77253],[-73.62536,71.71931],[-73.97533,71.54548],[-73.99617,71.46182],[-74.10237,71.46601],[-74.31794,71.41511],[-74.02998,71.44237],[-74.07209,71.33735],[-74.18139,71.31269],[-74.09651,71.28278],[-74.24226,71.20283],[-74.00288,71.32632],[-73.86616,71.53535],[-73.68794,71.59325],[-73.56379,71.5585],[-73.65319,71.44237],[-73.58613,71.39557],[-73.6389,71.3605],[-73.4615,71.44188],[-73.37886,71.38715],[-73.66157,71.26675],[-73.74751,71.08975],[-73.89961,71.05948],[-73.69416,71.08613],[-73.62214,71.23322],[-73.44091,71.34683],[-73.04988,71.27045],[-73.27644,71.22333],[-73.24165,71.15445],[-73.29011,71.0998],[-73.45458,71.03156],[-73.37886,70.9831],[-73.39989,71.04515],[-73.28742,71.0716],[-73.16902,71.22728],[-72.99535,71.25422],[-72.96044,71.33625],[-72.99462,71.40766],[-72.75508,71.43561],[-72.83759,71.51069],[-72.63899,71.54548],[-72.54943,71.66511],[-71.5443,71.50511],[-71.11705,71.27045],[-71.47053,71.06566],[-72.04511,71.08478],[-72.35627,70.87873],[-72.77611,70.81802],[-72.30317,70.87324],[-72.16535,70.83975],[-72.33727,70.7578],[-72.36461,70.68891],[-72.62471,70.63369],[-72.57067,70.61319],[-72.32771,70.67487],[-72.21052,70.76463],[-71.59065,70.87324],[-71.17439,70.85716],[-71.28901,70.90803],[-71.20185,71.00699],[-70.86164,71.10908],[-70.62145,71.06932],[-70.52119,70.91425],[-70.71296,70.83975],[-70.80553,70.72435],[-71.06745,70.67621],[-71.21223,70.58186],[-71.57636,70.61319],[-71.59333,70.54792],[-71.748,70.44888],[-71.96736,70.42137],[-71.72985,70.42548],[-71.82372,70.29369],[-71.67195,70.37299],[-71.65888,70.46979],[-71.51488,70.57905],[-71.16889,70.5351],[-71.32311,70.31834],[-71.27465,70.26992],[-71.54223,70.02411],[-71.248,70.22211],[-71.0699,70.51765],[-70.98729,70.53124],[-71.05622,70.5517],[-70.98534,70.63369],[-69.91499,70.87987],[-69.77448,70.85619],[-69.95653,70.73452],[-70.44868,70.6352],[-70.48021,70.61319],[-70.40107,70.52753],[-70.4945,70.48286],[-70.30952,70.50332],[-70.39363,70.61469],[-70.05305,70.63516],[-70.04088,70.59663],[-69.47346,70.79133],[-69.20295,70.77936],[-68.36225,70.5843],[-68.28051,70.51765],[-68.45861,70.37299],[-68.56599,70.39448],[-68.55219,70.46141],[-68.5913,70.46699],[-68.72004,70.32233],[-69.80834,70.16669],[-70.17992,70.02045],[-69.95092,70.05923],[-69.83222,69.98314],[-70.1444,69.96955],[-70.47277,69.8454],[-70.05333,69.9641],[-69.75849,69.97289],[-69.80183,70.06826],[-69.68318,70.13959],[-69.01354,70.18867],[-69.10017,70.22012],[-68.70653,70.20942],[-68.64363,70.14704],[-68.7906,70.04116],[-69.12226,69.97504],[-69.40819,69.82925],[-69.78816,69.83234],[-69.99116,69.67744],[-69.98204,69.61782],[-69.7469,69.80439],[-69.39061,69.78388],[-69.1029,69.92048],[-68.64916,69.94286],[-68.6715,69.98314],[-68.53376,70.03718],[-68.56493,70.05341],[-68.19111,70.12661],[-68.34874,70.18867],[-68.15697,70.31834],[-67.80854,70.26374],[-67.22533,69.94839],[-67.11547,69.72866],[-68.01305,69.77607],[-68.34919,69.63312],[-68.72615,69.64672],[-69.26081,69.5349],[-69.70625,69.57168],[-70.02156,69.53685],[-69.29052,69.50873],[-68.58747,69.59101],[-68.00512,69.46198],[-67.22761,69.46434],[-66.78803,69.34003],[-66.64936,69.22215],[-66.74226,69.13687],[-67.67805,69.17719],[-68.19795,69.31098],[-69.01354,69.35936],[-69.26057,69.2768],[-68.95246,69.33894],[-68.21821,69.28449],[-68.08251,69.21967],[-68.96406,69.22346],[-68.50703,69.20112],[-69.0699,69.11371],[-68.92475,69.10554],[-69.01826,68.96841],[-68.86408,69.09162],[-68.37336,69.17959],[-67.70446,69.02363],[-68.0008,68.97199],[-68.24006,69.0056],[-68.55122,68.98408],[-68.04027,68.9479],[-68.08869,68.90693],[-67.99901,68.8559],[-68.49279,68.89948],[-67.77339,68.784],[-68.58251,68.84992],[-68.49279,68.79707],[-68.61958,68.7862],[-69.30207,68.88276],[-69.39778,68.85847],[-69.15071,68.8312],[-69.38349,68.81753],[-68.95954,68.79707],[-68.97346,68.7425],[-68.54719,68.75308],[-68.04772,68.6872],[-68.17064,68.67414],[-68.10566,68.63019],[-68.64399,68.66535],[-68.90429,68.60521],[-68.62995,68.63874],[-68.47688,68.6059],[-68.76032,68.57111],[-67.93342,68.56005],[-67.90758,68.45612],[-67.95836,68.39981],[-67.89631,68.4339],[-67.85896,68.55024],[-67.66413,68.56468],[-67.49226,68.5301],[-67.62999,68.49311],[-67.60627,68.3841],[-67.54857,68.49226],[-67.32868,68.50145],[-67.27314,68.45441],[-67.24169,68.49087],[-67.19054,68.4339],[-67.34142,68.41348],[-67.12471,68.41332],[-67.1291,68.48237],[-66.66356,68.44082],[-67.02245,68.36156],[-67.40315,68.39696],[-67.79389,68.33771],[-67.87617,68.28339],[-67.52697,68.34455],[-67.68224,68.24152],[-67.40351,68.35513],[-67.03254,68.32665],[-67.23896,68.29678],[-67.38508,68.1542],[-67.60212,68.16706],[-67.37971,68.12881],[-67.27477,68.19526],[-67.29365,68.24213],[-67.0653,68.29613],[-66.78816,68.24942],[-66.82746,68.13227],[-66.97142,68.03669],[-66.69319,68.14545],[-66.67723,68.05036],[-66.73872,67.98896],[-66.66792,68.008],[-66.58141,68.14838],[-66.31355,68.12914],[-66.47802,68.07762],[-66.24836,68.08511],[-66.18318,68.01618],[-66.32783,67.97529],[-66.41365,67.86913],[-66.74555,67.8791],[-66.42309,67.83584],[-66.38866,67.78148],[-66.27941,67.96101],[-65.95576,68.04238],[-65.92817,68.16478],[-65.85481,68.081],[-66.03234,67.96101],[-65.9442,67.89956],[-66.03234,67.72822],[-66.01179,67.63662],[-65.95934,67.81733],[-65.77058,67.89769],[-65.80964,67.97492],[-65.45189,67.9986],[-65.52949,67.83894],[-65.61445,67.78946],[-65.44249,67.70978],[-65.36115,67.59789],[-65.32494,67.60944],[-65.38036,67.71869],[-65.54951,67.79304],[-65.41942,67.91376],[-65.02501,68.0572],[-64.74971,68.00072],[-65.0666,67.93427],[-64.94306,67.91376],[-65.10875,67.86665],[-65.14912,67.79645],[-65.03954,67.83124],[-65.01195,67.79304],[-65.16405,67.73554],[-65.19481,67.64374],[-64.9132,67.79426],[-64.81611,67.78286],[-64.82636,67.69416],[-64.77343,67.71101],[-64.75874,67.82441],[-64.50349,67.80654],[-64.36762,67.75894],[-64.64143,67.66673],[-64.31245,67.73505],[-64.20735,67.65424],[-64.28515,67.62519],[-64.07628,67.61782],[-64.10298,67.55085],[-64.04198,67.53653],[-64.24824,67.46906],[-64.44343,67.48115],[-64.32677,67.4536],[-63.99714,67.45384],[-63.9416,67.36103],[-64.00459,67.331],[-63.9084,67.30683],[-64.79967,67.35147],[-64.23054,67.29621],[-64.81953,67.20686],[-64.77269,67.19831],[-63.96296,67.2757],[-64.02143,67.21296],[-64.60912,67.14029],[-64.69665,67.08393],[-64.70039,67.00886],[-64.49653,67.13862],[-63.96186,67.18797],[-63.8885,67.2416],[-63.44909,67.22797],[-63.53905,67.11115],[-63.76806,67.02595],[-63.8004,66.99299],[-63.77119,66.9604],[-63.73701,67.02928],[-63.43944,67.12128],[-63.4121,67.21772],[-63.2965,67.30565],[-63.20348,67.29877],[-63.29137,67.24775],[-63.22057,67.25715],[-63.16365,67.33755],[-63.00202,67.28799],[-62.97692,67.22187],[-63.28083,67.11083],[-63.23676,66.97407],[-63.55065,66.90681],[-63.61457,66.82982],[-63.81965,66.81708],[-63.52802,66.81818],[-63.44245,66.91083],[-63.42846,66.70783],[-63.33613,66.80614],[-63.34907,66.89069],[-62.8653,66.96914],[-62.82274,66.80146],[-62.9016,66.63825],[-62.75019,66.78803],[-62.74706,66.94306],[-62.55525,66.93846],[-62.31135,66.72769],[-62.2989,66.7766],[-62.42671,66.84976],[-62.42504,66.92821],[-62.28401,66.94611],[-62.27119,67.04719],[-62.09004,67.05976],[-62.0041,67.03681],[-62.10591,66.91942],[-61.90632,66.97614],[-61.75361,66.95124],[-61.79711,66.89374],[-61.93135,66.90534],[-62.00829,66.88007],[-61.60558,66.87165],[-61.72973,66.83071],[-61.50593,66.805],[-61.26753,66.63158],[-61.43822,66.54654],[-61.99926,66.69888],[-62.18843,66.63207],[-61.82152,66.62865],[-61.58202,66.47785],[-61.98982,66.41234],[-61.56465,66.41918],[-61.46223,66.3714],[-61.56465,66.34406],[-61.93456,66.28946],[-62.19526,66.3168],[-62.25178,66.40738],[-62.62666,66.44025],[-62.60631,66.40839],[-62.71601,66.41234],[-62.61474,66.3874],[-62.49897,66.40811],[-62.3188,66.30313],[-62.66425,66.21963],[-62.89415,66.33723],[-62.69904,66.19815],[-62.53852,66.22736],[-62.10591,66.14484],[-62.17036,66.1208],[-62.01033,66.07591],[-62.11335,66.0561],[-61.95421,66.01976],[-62.3188,65.98094],[-62.41088,66.02302],[-62.78523,66.03767],[-62.92365,66.15119],[-63.0655,66.12434],[-62.92829,66.12434],[-62.82283,66.02192],[-62.4289,65.97871],[-62.38707,65.93256],[-62.456,65.92573],[-62.35973,65.91209],[-62.29149,65.8227],[-62.6446,65.81078],[-62.8708,65.90815],[-62.82592,65.84321],[-62.57177,65.7626],[-62.60224,65.72333],[-62.84638,65.7687],[-62.59801,65.67487],[-62.65718,65.58877],[-62.67516,65.63907],[-62.81965,65.61042],[-62.93212,65.76056],[-62.89655,65.64082],[-62.95967,65.58999],[-63.19616,65.63373],[-63.51008,65.93651],[-63.53161,65.87792],[-63.34667,65.67251],[-63.72143,65.67927],[-63.36657,65.63349],[-63.31871,65.59675],[-63.36665,65.53832],[-63.48009,65.52851],[-63.60737,65.59675],[-63.57258,65.54898],[-63.62035,65.54898],[-63.29137,65.43232],[-63.6551,65.46703],[-63.38764,65.39814],[-63.52416,65.38508],[-63.33983,65.30256],[-63.44225,65.29572],[-63.34065,65.25747],[-63.45588,65.24116],[-63.3133,65.20978],[-63.51793,65.19269],[-63.33983,65.14492],[-63.43603,65.10395],[-63.36714,65.06916],[-63.46333,65.06232],[-63.38764,65.0419],[-63.46955,65.03506],[-63.53502,64.89851],[-63.6551,64.91836],[-63.61274,65.00288],[-63.82579,64.98664],[-63.6551,65.0419],[-63.87096,65.0445],[-63.80907,65.18586],[-63.96886,65.10139],[-64.07323,65.12019],[-64.10973,65.05231],[-64.27827,65.10395],[-64.07905,65.20014],[-64.37434,65.17927],[-64.39452,65.24689],[-64.33821,65.29548],[-64.40864,65.28827],[-64.23738,65.43232],[-64.44612,65.31952],[-64.46223,65.2062],[-64.55712,65.09321],[-64.64143,65.12377],[-64.61693,65.19245],[-64.73082,65.15917],[-64.64887,65.25414],[-64.83186,65.24331],[-64.90892,65.30256],[-64.68236,65.34349],[-64.91511,65.34349],[-64.45848,65.42109],[-64.40864,65.4807],[-65.0102,65.36937],[-65.16963,65.48749],[-64.92939,65.52851],[-64.79223,65.58316],[-64.83007,65.63837],[-64.71032,65.65884],[-64.85265,65.66083],[-64.99128,65.548],[-65.34089,65.58316],[-64.79223,65.72773],[-65.18403,65.65672],[-65.45385,65.67935],[-65.385,65.78775],[-65.50536,65.75507],[-65.3358,65.92133],[-64.93806,66.00727],[-64.73762,65.97419],[-64.85432,66.03559],[-64.71723,66.22455],[-64.35399,66.35029],[-64.71032,66.28262],[-64.8332,66.19945],[-64.85041,66.12002],[-64.96357,66.07591],[-65.28938,66.04243],[-65.39314,65.98225],[-65.8994,65.95368],[-65.9604,66.05268],[-65.63915,66.17276],[-65.47065,66.3168],[-65.53889,66.32363],[-65.47749,66.39183],[-65.68187,66.19135],[-66.01191,66.1175],[-66.25731,66.22358],[-66.14965,66.28946],[-66.28059,66.24226],[-66.42219,66.28071],[-66.38923,66.20694],[-66.52082,66.21869],[-66.5467,66.28262],[-66.47802,66.27888],[-66.51574,66.32038],[-66.47179,66.35029],[-66.57421,66.3714],[-66.44323,66.41425],[-66.76598,66.38508],[-66.67723,66.46015],[-66.78535,66.44204],[-66.86156,66.54271],[-66.72505,66.59113],[-67.06025,66.64574],[-66.88268,66.57001],[-67.16328,66.52847],[-67.08068,66.51195],[-67.12938,66.48721],[-67.32994,66.59345],[-67.44856,66.57368],[-67.52782,66.62446],[-67.53893,66.5703],[-67.74608,66.57001],[-67.28624,66.52619],[-67.14277,66.44025],[-67.15563,66.36848],[-67.41027,66.43281],[-67.14598,66.3028],[-67.39892,66.29645],[-67.62938,66.44648],[-67.8004,66.45856],[-67.85936,66.5222],[-67.9925,66.50853],[-67.76338,66.36555],[-67.70446,66.29263],[-67.75292,66.25471],[-67.16328,66.04243],[-67.31416,66.00145],[-67.18712,65.91616],[-67.41027,65.94684],[-67.47297,65.89354],[-67.61567,65.90619],[-67.74592,65.9665],[-67.70446,65.89838],[-67.9228,65.90323],[-68.03344,66.00145],[-67.97265,66.08344],[-68.21618,66.14594],[-68.27367,66.22736],[-68.39924,66.18684],[-68.51354,66.30313],[-68.49657,66.21288],[-68.84968,66.1933],[-68.71247,66.17276],[-68.58332,66.17353],[-68.54402,66.19501],[-68.4853,66.1933],[-68.2611,66.08063],[-68.19994,66.12808],[-68.02729,66.07591],[-68.08251,65.98094],[-68.12397,66.02709],[-68.21162,66.00764],[-68.11604,65.9667],[-68.34789,66.03978],[-68.19111,65.95303],[-68.31526,65.96137],[-68.31245,65.91279],[-68.14672,65.93256],[-68.19111,65.86432],[-68.08227,65.83283],[-68.20539,65.79605],[-67.81432,65.81586],[-67.95836,65.74079],[-67.86897,65.64521],[-68.06074,65.5694],[-67.95092,65.56265],[-68.03344,65.48749],[-67.73554,65.63837],[-67.43562,65.68061],[-67.27314,65.64521],[-67.25422,65.60838],[-67.34142,65.57689],[-67.25947,65.53535],[-67.45869,65.50117],[-67.33552,65.45051],[-67.0843,65.46772],[-67.11547,65.43976],[-67.05988,65.42406],[-67.11628,65.371],[-67.4171,65.35102],[-67.1223,65.31623],[-67.16881,65.26854],[-67.08068,65.2473],[-67.17011,65.22687],[-67.11193,65.20336],[-66.93733,65.24116],[-66.96154,65.11009],[-67.10863,65.06232],[-66.90624,65.07123],[-66.72505,65.18586],[-66.81135,65.06257],[-66.91682,65.0493],[-66.85127,65.03612],[-66.75923,65.06916],[-66.7434,64.96821],[-66.8343,64.94562],[-66.72505,64.91836],[-66.76598,64.87055],[-66.70519,64.76878],[-66.63569,64.78119],[-66.69091,64.82616],[-66.64936,64.96992],[-66.6822,65.04418],[-66.53938,65.01337],[-66.5371,64.9584],[-66.48253,64.98599],[-66.47948,64.93586],[-66.34687,64.94526],[-66.30671,64.87055],[-66.24446,64.90624],[-66.14965,64.87055],[-66.19026,64.78099],[-66.3415,64.77436],[-66.21052,64.7613],[-66.21797,64.69245],[-66.17089,64.68342],[-66.01867,64.85757],[-66.04137,64.71943],[-65.95727,64.76752],[-65.80736,64.63744],[-65.95214,64.88451],[-65.82404,64.88276],[-65.77611,64.80439],[-65.71679,64.84422],[-65.66881,64.81196],[-65.73815,64.74771],[-65.71028,64.69245],[-65.6466,64.77338],[-65.56001,64.71288],[-65.5865,64.64911],[-65.75243,64.59003],[-65.70686,64.49006],[-65.49275,64.47565],[-65.34089,64.52798],[-65.40783,64.44538],[-65.27448,64.4715],[-65.21137,64.54141],[-65.2379,64.48701],[-65.11437,64.51496],[-65.17577,64.48017],[-65.07344,64.44912],[-65.26521,64.38398],[-65.17842,64.34748],[-65.22704,64.30052],[-65.52587,64.32933],[-65.6562,64.30142],[-65.4355,64.30508],[-65.56684,64.25422],[-65.3437,64.25332],[-65.2447,64.19896],[-65.3955,64.15119],[-65.25154,64.17853],[-65.11437,64.10957],[-65.19628,64.07612],[-65.05293,64.06867],[-65.22423,64.04194],[-65.19311,64.02192],[-64.92256,64.01407],[-64.96357,63.97305],[-64.66613,64.03262],[-64.64668,63.97549],[-64.99144,63.82844],[-64.52233,63.66909],[-64.52607,63.61408],[-64.58678,63.60248],[-64.50756,63.42207],[-64.6352,63.41816],[-64.52229,63.37665],[-64.51142,63.31444],[-64.62776,63.32136],[-64.48436,63.28779],[-64.53681,63.25519],[-64.71711,63.28099],[-64.9427,63.63272],[-65.20991,63.78124],[-65.17304,63.79328],[-65.30244,63.81273],[-64.9875,63.6031],[-65.09931,63.54951],[-65.05976,63.45234],[-65.14912,63.43122],[-65.0467,63.43867],[-65.12117,63.40388],[-64.94648,63.35981],[-64.90209,63.23941],[-65.06066,63.31684],[-65.02807,63.24966],[-65.14912,63.28779],[-64.97777,63.22793],[-65.07453,63.21988],[-65.05976,63.17792],[-64.86054,63.17113],[-64.90209,63.15404],[-64.75129,63.10224],[-64.86791,63.09602],[-64.76496,63.05508],[-64.81261,63.05073],[-64.77172,62.98615],[-64.84748,62.97309],[-64.62776,62.91108],[-64.88707,62.86937],[-65.12865,62.99982],[-65.12117,62.92475],[-65.27204,63.00666],[-64.92939,62.64354],[-65.16963,62.56843],[-65.3,62.67829],[-65.26521,62.69819],[-65.35456,62.68452],[-65.2447,62.7801],[-65.37507,62.78693],[-65.25154,62.83535],[-65.34089,62.85578],[-65.32726,62.91787],[-65.39863,62.82917],[-65.60383,62.82514],[-65.66588,62.91226],[-65.75243,62.92475],[-65.68354,62.99982],[-65.71223,63.05121],[-65.82685,62.92837],[-65.78816,62.8732],[-65.96349,62.93749],[-65.83434,63.03335],[-66.02937,62.98615],[-66.05175,63.05048],[-66.1175,63.03498],[-66.28315,63.13695],[-66.10387,62.95161],[-66.39672,62.99982],[-66.51924,63.07734],[-66.56367,63.21581],[-66.68842,63.2814],[-66.64367,63.37458],[-66.73872,63.29401],[-66.6009,63.21206],[-66.62304,63.1645],[-66.55993,63.08173],[-66.68407,63.10224],[-66.5504,62.99628],[-66.76867,63.09064],[-66.80696,63.27481],[-66.8343,63.1507],[-67.01989,63.23941],[-66.951,63.29092],[-67.00483,63.31977],[-66.97399,63.3959],[-67.03779,63.34325],[-67.01244,63.28779],[-67.20112,63.28848],[-67.40083,63.46552],[-67.41877,63.41405],[-67.50068,63.44282],[-67.67036,63.6577],[-67.78571,63.64476],[-67.92418,63.76756],[-67.68468,63.43334],[-67.6977,63.3697],[-68.13716,63.60993],[-68.23046,63.59663],[-68.28893,63.69912],[-68.28698,63.63666],[-68.52876,63.74608],[-68.99303,63.76073],[-68.81489,63.63666],[-68.86335,63.60993],[-68.55175,63.44937],[-68.44441,63.44489],[-68.49958,63.43122],[-68.21373,63.2416],[-68.22981,63.19929],[-67.91743,63.14321],[-67.98567,63.07551],[-67.89574,63.11848],[-67.61132,63.09711],[-67.80073,63.01411],[-67.73864,62.98615],[-67.77339,62.95881],[-67.66352,63.04076],[-67.53694,63.04499],[-67.5102,63.00776],[-67.67658,62.9287],[-67.42382,62.97944],[-67.4171,62.93154],[-67.24519,62.88996],[-67.36872,62.85578],[-67.19799,62.8769],[-67.24519,62.81485],[-67.1223,62.82917],[-67.1223,62.75959],[-67.01472,62.73745],[-67.05342,62.69196],[-66.91002,62.69819],[-67.00621,62.65717],[-66.75971,62.68391],[-66.72505,62.67084],[-66.77282,62.63666],[-66.66979,62.64354],[-66.71821,62.62922],[-66.60835,62.61563],[-66.48029,62.50507],[-66.51216,62.42381],[-66.35241,62.44745],[-66.39672,62.42381],[-66.33711,62.38056],[-66.47387,62.33666],[-66.34382,62.2707],[-66.30671,62.27302],[-66.36327,62.33198],[-66.22456,62.34951],[-66.15526,62.24811],[-66.26513,62.26679],[-66.05915,62.2281],[-65.98713,62.24209],[-65.93,62.19782],[-66.05321,62.14533],[-66.04003,62.07526],[-66.1787,62.13467],[-66.20429,62.1166],[-66.10285,62.04291],[-66.1422,62.01288],[-65.94884,61.90876],[-66.0631,61.87494],[-66.53978,61.90302],[-66.74555,62.01288],[-67.10749,62.03669],[-67.23595,62.10187],[-67.31745,62.07323],[-67.33776,62.13996],[-67.58129,62.1811],[-68.55366,62.24974],[-68.83845,62.38028],[-69.1975,62.44452],[-69.31517,62.54108],[-69.28108,62.62368],[-69.37727,62.53368],[-69.42406,62.61823],[-69.45918,62.62922],[-69.44506,62.55353],[-69.58678,62.6577],[-69.43187,62.71247],[-69.56904,62.71931],[-69.53742,62.73908],[-69.39025,62.76703],[-69.62694,62.791],[-69.6988,62.74592],[-69.6789,62.7801],[-69.83532,62.82917],[-69.76085,62.7329],[-69.93895,62.80121],[-70.24031,62.7541],[-70.49323,62.8666],[-71.04194,62.95881],[-70.93952,62.97309],[-70.94624,63.03278],[-71.15803,62.9936],[-70.82282,63.13011],[-70.93273,63.11652],[-70.92646,63.17255],[-71.02892,63.0786],[-71.15966,63.09781],[-71.21618,63.00877],[-71.40205,63.05557],[-71.40876,63.12336],[-71.71349,63.17792],[-71.65888,63.19843],[-71.76195,63.23261],[-71.64867,63.2639],[-71.76875,63.26048],[-71.82274,63.34927],[-71.72716,63.35668],[-71.78087,63.4145],[-72.01521,63.39765],[-72.14232,63.44831],[-71.61445,63.42691],[-71.22692,63.60248],[-71.40339,63.5694],[-71.36714,63.62592],[-71.41869,63.63666],[-71.43977,63.58942],[-71.56188,63.58149],[-71.57286,63.62084],[-71.48762,63.63044],[-71.5832,63.65436],[-71.53539,63.71235],[-71.64607,63.72012],[-71.61592,63.65082],[-71.65551,63.6577],[-71.72041,63.69184],[-71.69807,63.7534],[-71.75451,63.69184],[-71.77587,63.7458],[-71.92284,63.81965],[-72.00837,63.75397],[-71.84447,63.76073],[-71.9298,63.65501],[-71.97399,63.65542],[-71.95299,63.72305],[-72.04161,63.67072],[-72.06298,63.73286],[-72.20063,63.78042],[-72.21382,63.67764],[-72.31758,63.67886],[-72.36461,63.76073],[-72.24853,63.76756],[-72.27363,63.80927],[-72.22065,63.86937],[-72.09032,63.91096],[-72.20918,63.90082],[-72.24177,63.95942],[-72.25792,63.88402],[-72.31001,63.9042],[-72.40559,63.82844],[-72.37825,63.78254],[-72.66625,63.85639],[-72.59118,64.02765],[-72.66975,64.0174],[-72.6632,64.08393],[-72.70588,64.01704],[-72.6588,63.98672],[-72.73424,63.96988],[-72.93383,64.055],[-72.87532,64.09422],[-72.90559,64.16559],[-73.07824,64.1833],[-73.10448,64.28148],[-73.24336,64.33613],[-73.31054,64.31501],[-73.28266,64.26044],[-73.3863,64.28148],[-73.33397,64.38093],[-73.26557,64.37031],[-73.48188,64.4051],[-73.32567,64.45571],[-73.41719,64.47736],[-73.16719,64.59003],[-73.26899,64.59687],[-73.30309,64.66572],[-73.35151,64.63784],[-73.31395,64.53815],[-73.46422,64.508],[-73.48872,64.57575],[-73.41218,64.55305],[-73.42723,64.60301],[-73.58259,64.5965],[-73.64635,64.66572],[-73.68794,64.58259],[-73.64635,64.57575],[-73.7519,64.54157],[-73.9217,64.60928],[-73.78291,64.48017],[-73.96166,64.48017],[-73.94054,64.41128],[-73.9958,64.32933],[-74.07775,64.32933],[-74.17394,64.37031],[-74.07905,64.4206],[-74.17394,64.46589],[-74.04357,64.44599],[-74.12617,64.54157],[-73.95482,64.51496],[-74.1671,64.56952],[-74.00263,64.58259],[-74.08393,64.64094],[-74.04979,64.7259],[-74.10115,64.753],[-74.11872,64.68561],[-74.21496,64.67878],[-74.24226,64.58259],[-74.30028,64.68305],[-74.33845,64.63101],[-74.42036,64.66572],[-74.34459,64.59687],[-74.39448,64.57685],[-74.41584,64.62763],[-74.54076,64.62617],[-74.70836,64.74022],[-74.55362,64.84882],[-74.48664,64.83666],[-74.64631,64.90473],[-74.64008,64.86371],[-74.74287,64.85786],[-74.73144,64.77216],[-74.98888,64.80231],[-74.46874,64.56208],[-74.64631,64.53473],[-74.50569,64.46174],[-74.68102,64.37775],[-75.15681,64.49437],[-75.14887,64.45185],[-75.21943,64.43403],[-75.82002,64.62222],[-75.81538,64.5314],[-75.63317,64.45966],[-75.92182,64.48701],[-75.73603,64.37246],[-75.95299,64.40754],[-76.35261,64.36237],[-76.18806,64.30142],[-76.48969,64.31501],[-76.37983,64.2884],[-76.4547,64.26996],[-76.71093,64.30536],[-76.71825,64.24136],[-76.65669,64.22134],[-76.68895,64.19155],[-77.13325,64.30109],[-77.35082,64.24112],[-77.4499,64.29523],[-77.40486,64.32758],[-77.54552,64.31501],[-77.51106,64.35725],[-77.65473,64.39077],[-77.67894,64.32246],[-77.85399,64.37031],[-77.90864,64.4051],[-77.83202,64.42194],[-78.01098,64.42821],[-77.97004,64.46589],[-78.1822,64.57966],[-78.12837,64.59003],[-78.1966,64.65144],[-78.15563,64.69929],[-78.29902,64.70673],[-78.07311,64.8159],[-78.12059,64.97419],[-77.62946,65.14842],[-77.31282,65.20014],[-77.51415,65.32612],[-77.45613,65.38508],[-77.2917,65.38142],[-77.43566,65.45962],[-77.39159,65.47309],[-76.67687,65.41108],[-75.79792,65.23233],[-75.73933,65.15917],[-75.44075,65.06574],[-75.42528,64.97248],[-75.66792,64.94562],[-75.58052,64.85782],[-75.46028,64.84309],[-75.53759,64.78119],[-75.37873,64.72158],[-75.29402,64.7508],[-75.37312,64.83584],[-75.34582,64.9252],[-75.57173,64.88422],[-75.39302,64.98249],[-75.26256,64.95702],[-75.29052,65.00092],[-75.19872,65.1057],[-75.36315,65.00764],[-75.56212,65.16893],[-75.71821,65.19155],[-75.75072,65.2364],[-75.90815,65.26097],[-75.94909,65.32246],[-75.62055,65.34341],[-75.54979,65.27709],[-75.19319,65.25629],[-75.08397,65.30272],[-75.10505,65.39615],[-74.78596,65.38654],[-74.71516,65.43976],[-74.66137,65.35074],[-74.55122,65.3334],[-74.11836,65.53709],[-73.47444,65.45962],[-73.63268,65.61042],[-73.61156,65.65135],[-73.69428,65.67841],[-73.65319,65.72028],[-73.71784,65.7746],[-74.01232,65.85513],[-74.47216,66.14859],[-73.45564,66.55061],[-73.34467,66.65876],[-72.94896,66.73457],[-73.00581,66.81769]]],[[[-79.09752,68.17707],[-79.18346,68.22167],[-79.15612,68.34455],[-78.94131,68.35358],[-78.81041,68.28449],[-79.09752,68.17707]]],[[[-74.86535,68.3793],[-74.81127,68.32404],[-74.99625,68.33771],[-75.03466,68.3972],[-75.37898,68.49885],[-75.40038,68.60871],[-75.23892,68.7248],[-74.98937,68.66877],[-74.93391,68.57136],[-74.77375,68.4855],[-74.90005,68.4339],[-74.78425,68.41791],[-74.86535,68.3793]]],[[[-78.64656,68.48265],[-78.97057,68.47492],[-78.66885,68.58478],[-78.89354,68.65668],[-78.46345,68.61953],[-78.50528,68.54548],[-78.72419,68.52334],[-78.61425,68.50629],[-78.64656,68.48265]]],[[[-79.38549,68.85847],[-79.423,68.9274],[-79.22484,69.07534],[-78.95751,69.1092],[-78.76513,69.25633],[-78.62169,69.26313],[-78.72232,69.33714],[-78.31273,69.38711],[-78.21402,69.30288],[-78.36071,69.19921],[-78.45665,69.22907],[-78.55158,69.10244],[-78.84659,68.9079],[-79.22785,68.8312],[-79.38549,68.85847]]],[[[-76.64733,69.38296],[-76.93029,69.22285],[-76.86022,69.15396],[-76.90119,69.10554],[-77.26496,69.14672],[-77.3872,69.26655],[-77.32677,69.41706],[-77.11343,69.44815],[-76.71679,69.42499],[-76.64733,69.38296]]],[[[-78.37804,69.70458],[-78.25817,69.65868],[-78.27164,69.73615],[-78.1761,69.75642],[-77.94205,69.64672],[-78.51724,69.48477],[-78.88073,69.48066],[-78.56648,69.64672],[-78.39452,69.64672],[-78.37804,69.70458]]],[[[-80.86181,73.75137],[-80.4462,73.77351],[-80.1256,73.69794],[-80.02245,73.73408],[-79.45031,73.63532],[-78.13854,73.66885],[-77.42813,73.55956],[-77.16027,73.48436],[-77.03157,73.40253],[-77.03987,73.35883],[-76.71443,73.3225],[-76.72741,73.27778],[-76.58357,73.21922],[-76.63427,73.16983],[-76.24328,73.09345],[-76.31896,73.05996],[-76.26374,72.99848],[-76.33263,72.97053],[-76.05826,72.90168],[-76.31896,72.81672],[-78.17089,72.89863],[-79.17544,72.75458],[-79.56843,72.75983],[-80.00182,72.87124],[-80.17614,73.0456],[-80.12255,73.1214],[-80.18017,73.15913],[-80.11815,73.18448],[-80.16381,73.23338],[-80.86925,73.32624],[-80.84976,73.47533],[-80.69734,73.48444],[-80.90339,73.60737],[-80.8026,73.67072],[-80.86181,73.75137]]],[[[-79.1654,75.9704],[-79.14806,75.92495],[-78.87499,75.85554],[-79.27916,75.87653],[-79.42984,75.84809],[-79.34044,75.8288],[-79.43814,75.79536],[-79.75202,75.8828],[-79.06819,76.1247],[-78.79988,76.08487],[-79.1654,75.9704]]],[[[-77.85261,77.77924],[-77.95629,77.83613],[-77.57274,77.85663],[-77.59659,77.8166],[-77.85261,77.77924]]],[[[-62.03132,82.13939],[-61.87308,82.11274],[-63.9202,81.79869],[-64.32608,81.83092],[-64.12064,81.76948],[-64.37259,81.72496],[-65.37503,81.76268],[-65.34085,81.74156],[-66.04662,81.6944],[-65.34085,81.6944],[-65.85814,81.62726],[-68.21321,81.56322],[-69.30834,81.72167],[-68.35623,81.54296],[-68.85586,81.55036],[-68.58056,81.5161],[-67.26883,81.5714],[-66.60831,81.51622],[-70.21329,81.17988],[-69.63728,81.17988],[-70.02025,81.10594],[-65.73575,81.49327],[-64.54605,81.55036],[-64.43594,81.48151],[-65.40005,81.26952],[-65.98892,81.22826],[-67.23493,80.9405],[-67.56302,80.94599],[-67.60888,80.93342],[-67.53319,80.89867],[-67.60578,80.8712],[-68.97256,80.6175],[-68.89061,80.60448],[-69.16812,80.52208],[-69.33178,80.40892],[-69.666,80.35521],[-70.30948,80.35802],[-70.21951,80.4195],[-70.82445,80.56696],[-70.37035,80.41267],[-70.45914,80.38532],[-70.45291,80.34374],[-69.95946,80.26183],[-70.15909,80.19249],[-70.74771,80.20722],[-71.73461,80.11786],[-71.99787,80.19164],[-72.41983,80.21345],[-71.89847,80.11786],[-72.39188,80.09052],[-72.34203,80.06257],[-70.64822,80.14289],[-70.48697,80.06261],[-71.45963,79.89875],[-70.91161,79.89256],[-71.1424,79.7895],[-72.23168,79.66258],[-72.9202,79.70958],[-73.06351,79.80187],[-72.93098,79.82359],[-73.81326,79.82233],[-73.86547,79.83727],[-73.74193,79.85033],[-74.22777,79.8957],[-74.84488,79.85033],[-74.67015,79.79572],[-73.38333,79.77562],[-73.36002,79.71715],[-73.17337,79.65856],[-73.18704,79.59703],[-73.12532,79.56635],[-73.73371,79.49616],[-73.96581,79.56359],[-73.99222,79.45869],[-74.28201,79.43993],[-74.99637,79.51341],[-75.06461,79.49409],[-74.88858,79.41563],[-75.02798,79.37328],[-77.13378,79.54865],[-77.18851,79.50841],[-76.19359,79.47028],[-76.15233,79.39501],[-75.88016,79.35688],[-76.87328,79.35004],[-77.08707,79.40607],[-77.1245,79.46894],[-77.40152,79.45307],[-77.1619,79.33019],[-78.0594,79.35688],[-77.32575,79.26744],[-77.49706,79.24763],[-76.2056,79.27717],[-74.46874,79.22716],[-74.82498,79.17931],[-74.61213,79.15135],[-74.66739,79.14521],[-74.44083,79.06269],[-75.08698,79.03185],[-75.75715,79.08422],[-76.08877,79.2047],[-78.1824,79.19542],[-78.2574,79.17194],[-76.0856,79.10362],[-76.16869,79.07734],[-77.53392,79.02387],[-78.09618,79.08482],[-78.8955,79.06944],[-77.91507,79.05589],[-77.70315,79.00804],[-77.95633,78.95958],[-78.29898,78.79576],[-78.22684,78.7722],[-77.71801,78.96971],[-76.73282,79.03673],[-75.78075,78.982],[-75.72191,78.96703],[-76.45922,78.84935],[-75.74429,78.89716],[-74.77375,78.83482],[-74.90632,78.78832],[-74.7862,78.7827],[-74.83186,78.7473],[-74.72195,78.71263],[-74.84488,78.69896],[-74.87283,78.64427],[-74.6326,78.58967],[-75.3981,78.51561],[-76.66161,78.52827],[-76.15022,78.50694],[-75.02981,78.33641],[-75.36986,78.30732],[-75.62621,78.19982],[-76.60477,78.25519],[-76.91544,78.20677],[-75.58194,78.11302],[-75.93399,77.9586],[-76.23241,78.0211],[-76.88069,77.90502],[-77.88052,77.94273],[-78.21658,78.00255],[-78.27172,77.98021],[-78.18293,77.96593],[-78.42996,77.91132],[-77.9807,77.81672],[-77.94213,77.76048],[-78.07986,77.67853],[-77.71622,77.60961],[-77.97647,77.56025],[-77.94213,77.51341],[-78.27855,77.43151],[-78.25211,77.38707],[-78.68969,77.31908],[-78.84085,77.31542],[-78.72419,77.3769],[-78.77103,77.38496],[-79.13321,77.29133],[-80.55142,77.3098],[-81.29686,77.43651],[-81.93749,77.68537],[-81.91096,77.61791],[-81.673,77.52367],[-81.73721,77.4348],[-81.17093,77.33251],[-82.19815,77.30174],[-81.91763,77.25336],[-81.8577,77.17048],[-81.10302,77.28746],[-80.11514,77.20555],[-80.40994,77.08271],[-80.37247,77.07469],[-79.7178,77.24339],[-79.4324,77.23859],[-79.05541,77.16791],[-79.0065,77.10472],[-79.34671,76.97923],[-79.37564,76.92565],[-78.90307,76.93419],[-78.8675,76.92442],[-78.96439,76.84239],[-78.72037,76.82758],[-78.72419,76.88341],[-78.56713,76.89732],[-78.38443,77.0041],[-78.09085,77.02281],[-77.88923,76.94977],[-77.83353,76.89086],[-77.89493,76.86913],[-77.71622,76.82197],[-77.78978,76.77631],[-77.81277,76.6881],[-77.77078,76.66429],[-78.0323,76.63341],[-78.18973,76.56127],[-78.14135,76.52717],[-78.36726,76.46568],[-78.56461,76.47044],[-78.62173,76.49982],[-78.56648,76.5681],[-78.77424,76.57734],[-78.97012,76.43492],[-79.18277,76.404],[-79.29324,76.30235],[-79.55028,76.31696],[-81.0725,76.12914],[-80.95804,76.19819],[-81.0952,76.21861],[-80.77249,76.41999],[-81.21809,76.49982],[-81.20686,76.56359],[-81.53812,76.47301],[-82.05569,76.51647],[-81.9864,76.5843],[-82.06159,76.61652],[-81.78323,76.68846],[-82.27627,76.63487],[-82.72977,76.82099],[-82.77351,76.81456],[-82.51187,76.6623],[-82.0821,76.5681],[-82.22549,76.52025],[-82.13817,76.43871],[-82.80085,76.38996],[-83.00105,76.43627],[-83.10253,76.46568],[-83.06155,76.49982],[-83.11612,76.58861],[-83.39114,76.67797],[-83.38101,76.76134],[-83.52766,76.70873],[-83.25162,76.57726],[-83.18509,76.49608],[-83.24649,76.45885],[-83.18509,76.43089],[-83.7128,76.43505],[-84.05057,76.55333],[-84.10135,76.63483],[-84.29296,76.6638],[-84.32962,76.6507],[-84.19725,76.61811],[-84.25105,76.53709],[-84.17874,76.48619],[-84.21589,76.45079],[-84.63337,76.43903],[-84.98746,76.58605],[-85.05582,76.52025],[-84.94205,76.42235],[-84.38809,76.31513],[-85.2034,76.28429],[-86.3474,76.38854],[-86.41267,76.41047],[-86.41755,76.47167],[-86.20718,76.52717],[-86.57795,76.64167],[-86.63174,76.63703],[-86.30289,76.5277],[-86.64273,76.47716],[-86.72195,76.34838],[-87.43309,76.46568],[-87.39578,76.51036],[-87.50198,76.54759],[-87.46097,76.58861],[-87.56302,76.62019],[-87.59529,76.53754],[-87.49576,76.50324],[-87.54739,76.44904],[-87.43309,76.42353],[-87.50198,76.38317],[-87.40632,76.35582],[-87.70669,76.33959],[-87.83707,76.41796],[-87.91788,76.36408],[-88.40355,76.39366],[-88.35847,76.43773],[-88.44107,76.46568],[-88.35432,76.51911],[-88.51956,76.62145],[-88.482,76.66088],[-88.55167,76.74047],[-88.482,76.77696],[-88.50699,76.82372],[-88.70857,76.7121],[-88.58503,76.63703],[-88.66019,76.60224],[-88.49633,76.54759],[-88.6184,76.4044],[-88.69583,76.41527],[-88.61294,76.48619],[-88.71048,76.60082],[-88.83145,76.49982],[-88.79052,76.45885],[-88.91063,76.41047],[-89.2355,76.43773],[-89.4348,76.49982],[-89.41055,76.54418],[-89.46158,76.57551],[-89.68118,76.57494],[-89.44758,76.65913],[-89.45523,76.72517],[-89.38638,76.73265],[-89.53718,76.85676],[-88.39322,77.10252],[-88.5441,77.10252],[-88.49462,77.11412],[-87.67752,77.13732],[-87.58572,77.09772],[-87.33747,77.1162],[-87.46097,77.12983],[-87.36156,77.1765],[-87.08348,77.18903],[-86.82323,77.12934],[-86.8924,77.17076],[-86.60379,77.17821],[-87.1813,77.20018],[-87.21459,77.21239],[-86.91291,77.26704],[-87.24869,77.30797],[-86.85037,77.36388],[-87.72102,77.37006],[-87.78311,77.43834],[-87.64656,77.48676],[-87.70059,77.54076],[-88.2115,77.65034],[-88.15331,77.74238],[-88.23502,77.77411],[-88.10525,77.81505],[-88.22195,77.86286],[-88.04223,77.82274],[-87.19205,77.90453],[-86.45218,77.83641],[-85.9744,77.71332],[-85.71854,77.47447],[-85.79568,77.42528],[-85.50809,77.47911],[-85.52737,77.44347],[-85.40225,77.40074],[-84.46613,77.30174],[-84.61701,77.38365],[-84.06208,77.40416],[-83.46622,77.34894],[-83.48416,77.39142],[-83.83617,77.45881],[-83.38895,77.51411],[-82.98611,77.67853],[-82.5408,77.92491],[-82.58178,77.94603],[-82.51346,77.9597],[-82.59602,78.02119],[-82.32107,78.08259],[-82.76488,78.0277],[-82.793,77.989],[-82.73599,77.92833],[-83.6785,77.53453],[-83.91824,77.49352],[-84.76102,77.52025],[-84.86819,77.57347],[-84.63126,77.63011],[-84.43509,77.72858],[-84.46487,77.74877],[-84.49881,77.75475],[-84.50837,77.75426],[-84.47362,77.73998],[-84.5445,77.68089],[-84.94302,77.60273],[-85.28246,77.65965],[-85.2681,77.71332],[-85.35062,77.73998],[-84.97142,77.84374],[-85.40168,77.83165],[-85.25052,77.88544],[-85.0358,77.87853],[-84.89822,77.89655],[-84.8367,77.89082],[-84.8911,77.83784],[-84.67683,77.9077],[-84.31534,77.89765],[-84.54984,77.92809],[-85.47265,77.87206],[-85.6796,77.93517],[-85.06277,78.06269],[-84.70669,78.03478],[-84.2886,78.08259],[-84.85196,78.05773],[-85.0974,78.10309],[-84.99442,78.15831],[-85.03531,78.17882],[-84.02798,78.17882],[-84.96833,78.21406],[-84.80883,78.32652],[-84.576,78.3535],[-84.87088,78.36998],[-84.78832,78.50715],[-84.61701,78.58967],[-84.85721,78.50715],[-84.97232,78.42223],[-84.95963,78.35008],[-85.02855,78.28868],[-85.49148,78.10607],[-86.28938,78.08336],[-86.25561,78.15831],[-85.9392,78.23737],[-85.83658,78.34178],[-85.86026,78.38556],[-86.23648,78.20506],[-86.50626,78.2152],[-86.76977,78.12043],[-87.53669,78.14464],[-87.09105,78.20677],[-87.52302,78.23338],[-87.52929,78.41096],[-87.15726,78.5493],[-86.85831,78.54877],[-87.12234,78.58287],[-86.94046,78.71418],[-86.60985,78.80927],[-85.75731,78.83165],[-85.03108,78.92186],[-83.74564,78.83885],[-82.78783,78.69273],[-82.3428,78.5692],[-82.23904,78.59435],[-82.59602,78.70641],[-82.21927,78.72687],[-82.77347,78.73371],[-83.26016,78.83674],[-81.75369,78.843],[-81.65689,78.89073],[-81.76,78.91865],[-81.69856,78.9785],[-81.47879,79.04902],[-82.53458,78.88512],[-82.9678,78.94078],[-84.27929,78.95531],[-84.75211,79.03893],[-84.76594,79.0871],[-84.45291,79.1483],[-84.16454,79.13093],[-83.98249,79.05109],[-83.44742,79.029],[-83.36319,79.05524],[-83.69241,79.07001],[-84.02798,79.15888],[-83.93179,79.19237],[-83.96247,79.2204],[-84.32962,79.19237],[-84.4866,79.41271],[-84.8793,79.48741],[-85.04898,79.59081],[-85.02103,79.61754],[-86.47468,79.76097],[-86.48192,79.82164],[-86.37849,79.82359],[-86.47468,79.89256],[-86.39627,79.963],[-85.25381,79.92601],[-86.53466,80.03087],[-86.6538,80.13695],[-86.50394,80.30907],[-85.89334,80.33836],[-85.3157,80.26854],[-83.78787,80.25092],[-82.17089,79.86888],[-81.98587,79.7274],[-81.67056,79.6933],[-81.61596,79.62438],[-81.78726,79.6114],[-81.65164,79.59422],[-81.378,79.64293],[-80.58747,79.56916],[-80.64273,79.59081],[-79.91959,79.64855],[-79.75202,79.70698],[-80.88101,79.65392],[-81.52343,79.718],[-81.50609,79.75471],[-81.62898,79.76838],[-81.56558,79.80663],[-81.66169,79.90758],[-81.40372,79.93968],[-82.16873,80.0183],[-83.20556,80.32323],[-80.35232,80.47264],[-80.29263,80.48839],[-80.36156,80.50829],[-80.05118,80.52757],[-78.05232,80.56908],[-78.01785,80.59699],[-79.96434,80.6175],[-78.18928,80.80602],[-76.51529,80.85607],[-76.48347,80.87877],[-76.58918,80.90241],[-78.93643,80.87877],[-78.86197,80.9254],[-78.90909,81.00169],[-78.39456,81.14631],[-78.47655,81.15192],[-78.44416,81.17052],[-76.74417,81.4405],[-78.19172,81.30516],[-78.68289,81.19176],[-78.73685,81.11363],[-79.50504,81.2003],[-79.06619,81.09105],[-79.34671,81.00169],[-79.16836,80.98753],[-79.19498,80.95942],[-79.61449,80.82762],[-80.87556,80.66295],[-82.91312,80.53942],[-83.16828,80.58771],[-83.08698,80.64716],[-82.1494,80.72687],[-81.76,80.81672],[-81.97029,80.83723],[-83.30179,80.69843],[-83.56863,80.74165],[-83.12361,80.831],[-83.27371,80.8465],[-83.65803,80.75523],[-83.86282,80.76207],[-83.77469,80.74165],[-83.82669,80.70885],[-83.71947,80.63178],[-83.84602,80.54405],[-85.12137,80.5041],[-85.86453,80.54296],[-85.5629,80.62494],[-86.0502,80.53783],[-86.74905,80.60448],[-86.55175,80.71617],[-85.62247,80.98029],[-82.36327,81.17988],[-85.781,81.03404],[-86.56306,80.87462],[-87.27603,80.63178],[-87.70653,80.64545],[-89.46215,80.91478],[-88.41316,80.99877],[-86.69921,81.00544],[-85.85831,81.07604],[-85.91922,81.11156],[-84.73367,81.28351],[-85.24502,81.29906],[-86.51565,81.12523],[-87.3885,81.06944],[-89.82616,81.01305],[-90.18212,81.07001],[-90.35277,81.17365],[-89.98363,81.24986],[-89.55858,81.20856],[-88.93387,81.24872],[-89.95556,81.33063],[-88.81786,81.46105],[-88.93387,81.48151],[-88.88895,81.50047],[-87.94075,81.53612],[-87.97558,81.52245],[-87.24869,81.4951],[-88.34268,81.59052],[-90.49234,81.37084],[-90.85989,81.44733],[-89.5856,81.63231],[-90.09207,81.62609],[-90.02375,81.64598],[-90.29865,81.70409],[-90.35648,81.69066],[-90.29129,81.64598],[-90.71589,81.6743],[-91.0076,81.60838],[-90.96231,81.56346],[-91.47,81.52989],[-91.40852,81.55036],[-91.95661,81.66022],[-91.77164,81.66706],[-91.81265,81.68012],[-91.73074,81.7285],[-91.48445,81.7718],[-91.05081,81.765],[-91.15408,81.80366],[-91.0139,81.84227],[-90.24291,81.89985],[-89.72175,81.92333],[-89.64477,81.864],[-89.33536,81.80903],[-89.14745,81.88556],[-89.41324,81.92955],[-89.07925,81.91413],[-88.98908,81.92772],[-89.05801,81.98859],[-89.0074,82.00682],[-88.07046,82.10729],[-87.37283,82.07738],[-87.17361,82.01586],[-87.28958,81.96446],[-86.72794,81.89301],[-87.13138,81.97557],[-86.84402,81.98859],[-87.00137,82.03205],[-86.96475,82.0515],[-86.16214,82.04584],[-85.39932,81.85692],[-85.7342,81.98859],[-85.26789,82.008],[-84.79573,81.88556],[-85.06949,81.98859],[-84.86588,81.99352],[-84.77448,81.91865],[-84.60334,81.89301],[-84.75243,81.9912],[-86.72818,82.13744],[-86.87873,82.20832],[-85.40103,82.27705],[-85.35062,82.29027],[-85.49466,82.32372],[-85.41894,82.35167],[-85.51565,82.35204],[-85.50088,82.40013],[-85.54837,82.41576],[-85.91922,82.43358],[-84.7084,82.48302],[-84.62353,82.4525],[-84.94595,82.42744],[-84.3474,82.35326],[-83.67488,82.34898],[-82.95169,82.1258],[-83.13044,82.07115],[-81.87662,82.04381],[-82.11197,82.09935],[-82.62702,82.10375],[-83.01846,82.23619],[-83.02497,82.28522],[-82.96988,82.29845],[-80.02127,81.9676],[-79.52912,81.82404],[-79.23062,81.81786],[-79.92337,81.98859],[-79.86368,82.02692],[-80.93367,82.10395],[-80.97419,82.13459],[-80.86929,82.1599],[-81.2919,82.16283],[-82.73148,82.40489],[-82.4973,82.50938],[-81.49999,82.49775],[-81.47879,82.50251],[-82.39676,82.61921],[-82.32803,82.65917],[-80.58064,82.54344],[-81.58454,82.80052],[-81.47395,82.83031],[-80.31542,82.78644],[-80.1424,82.72163],[-80.18338,82.70116],[-80.15201,82.68077],[-79.84695,82.64378],[-79.79922,82.65331],[-79.98477,82.69432],[-78.50442,82.6881],[-79.89501,82.76524],[-79.99844,82.80357],[-79.67634,82.83149],[-80.42984,82.90038],[-79.34048,82.97553],[-79.00902,82.87474],[-78.60599,82.94359],[-78.50894,82.92137],[-78.55907,82.86628],[-78.51871,82.84606],[-78.1066,82.83149],[-78.24372,82.86628],[-78.024,82.86095],[-78.11404,82.89293],[-77.8522,82.92601],[-77.13866,82.86689],[-76.55692,82.67548],[-75.89383,82.59874],[-76.26374,82.46837],[-76.21833,82.45209],[-75.40042,82.61921],[-76.10611,82.6881],[-76.31155,82.75642],[-75.97574,82.79051],[-76.37361,82.79051],[-77.38724,82.98973],[-76.13549,83.0537],[-74.20002,83.00214],[-73.8284,82.86571],[-72.59113,82.70116],[-72.50174,82.72907],[-73.11433,82.79149],[-73.65315,82.92711],[-72.70206,83.09654],[-71.62759,83.10334],[-71.58316,83.09215],[-71.79605,83.02013],[-71.58316,82.94819],[-70.83707,82.88609],[-71.50121,83.00963],[-71.09032,83.07787],[-71.12442,83.09959],[-69.68753,83.11652],[-69.73347,83.09215],[-69.66519,83.07787],[-69.77444,83.05121],[-69.45169,83.03697],[-69.65775,83.00279],[-69.61701,82.98994],[-69.0393,83.04576],[-68.95368,82.98314],[-68.17178,82.99913],[-68.19107,82.94819],[-68.13187,82.93317],[-67.59683,82.97118],[-66.29984,82.93452],[-66.84626,82.81212],[-68.67146,82.63972],[-68.61771,82.63044],[-66.66763,82.71186],[-66.62946,82.75829],[-65.85159,82.84235],[-65.4925,82.84309],[-65.45694,82.83149],[-65.52587,82.80357],[-65.49283,82.78535],[-65.1553,82.77001],[-65.35452,82.80357],[-65.10066,82.852],[-65.27611,82.87873],[-64.69669,82.90978],[-64.65567,82.90038],[-64.9368,82.87242],[-64.71028,82.85875],[-64.75125,82.83149],[-64.4429,82.76048],[-64.13626,82.83739],[-63.44709,82.82673],[-63.38077,82.77001],[-63.85306,82.72163],[-62.92825,82.57079],[-63.06546,82.5373],[-63.09333,82.46837],[-63.37332,82.44103],[-63.03498,82.45673],[-62.8699,82.51679],[-62.17471,82.52985],[-62.30118,82.52123],[-62.35228,82.48204],[-61.57889,82.48888],[-61.34122,82.45018],[-61.08548,82.33116],[-61.11868,82.25837],[-61.31241,82.19721],[-62.03132,82.13939]]],[[[-67.95585,60.30212],[-68.32097,60.19713],[-68.43903,60.25933],[-68.24131,60.58561],[-68.13056,60.59654],[-67.99913,60.58589],[-67.84033,60.48952],[-67.95585,60.30212]]],[[[-64.51924,60.31933],[-64.86156,60.46552],[-64.82689,60.48542],[-64.64135,60.49226],[-64.53148,60.37556],[-64.42248,60.39761],[-64.51924,60.31933]]],[[[-64.60875,60.63011],[-64.71646,60.60493],[-64.59899,60.68842],[-64.60875,60.63011]]],[[[-64.98396,61.36555],[-64.92248,61.40278],[-65.07579,61.41861],[-65.48424,61.6225],[-65.04662,61.69766],[-64.71703,61.66348],[-64.79214,61.6225],[-64.64997,61.60472],[-64.72338,61.55048],[-64.6966,61.45799],[-64.85119,61.33373],[-64.98396,61.36555]]],[[[-65.67602,61.75971],[-65.89997,61.77289],[-65.9464,61.80109],[-65.79149,61.8725],[-65.67602,61.75971]]],[[[-65.11319,61.94404],[-65.01887,61.85615],[-64.97777,61.89688],[-64.9501,61.82111],[-64.89196,61.83283],[-64.82787,61.76118],[-64.92992,61.72712],[-65.21671,61.82795],[-65.2412,61.9204],[-65.11319,61.94404]]],[[[-64.463,62.47281],[-64.39493,62.46479],[-64.59415,62.36982],[-64.96349,62.46479],[-64.79214,62.49274],[-64.86783,62.52749],[-64.80134,62.56851],[-64.36018,62.50576],[-64.463,62.47281]]],[[[-65.14159,62.55414],[-64.95401,62.60855],[-64.84057,62.5821],[-64.96691,62.53368],[-65.14159,62.55414]]],[[[-73.96471,62.60944],[-74.65307,62.71931],[-74.53014,62.75336],[-74.3756,62.68452],[-74.03246,62.67536],[-73.96471,62.60944]]],[[[-70.36198,62.52687],[-70.74055,62.55756],[-70.92516,62.74592],[-70.78502,62.77778],[-71.1573,62.80345],[-71.03506,62.82917],[-71.23595,62.88642],[-70.49249,62.76696],[-70.17705,62.58999],[-70.36198,62.52687]]],[[[-66.36325,62.87061],[-66.41059,62.84827],[-66.56904,62.91483],[-66.562,62.93106],[-66.36325,62.87061]]],[[[-67.07446,63.0975],[-66.92469,63.0652],[-66.7708,62.94491],[-66.79311,62.92548],[-67.07446,63.0975]]],[[[-68.04982,63.19243],[-68.18789,63.25029],[-68.21611,63.27638],[-68.14525,63.27247],[-68.04982,63.19243]]],[[[-67.89499,63.18945],[-67.95893,63.21842],[-68.092,63.32038],[-68.02339,63.30087],[-67.89499,63.18945]]],[[[-67.91253,63.39313],[-67.81829,63.29133],[-67.96401,63.40998],[-67.91253,63.39313]]],[[[-64.05972,63.27481],[-64.35155,63.39472],[-64.47716,63.63768],[-64.338,63.65693],[-64.25158,63.44489],[-64.29255,63.43867],[-64.05972,63.27481]]],[[[-64.09117,63.48647],[-64.14889,63.54013],[-64.16867,63.60458],[-64.04343,63.56315],[-64.09117,63.48647]]],[[[-72.59113,63.67764],[-72.54271,63.66454],[-72.78287,63.66454],[-72.5006,63.71279],[-72.45983,63.68793],[-72.59113,63.67764]]],[[[-64.33399,63.84483],[-64.21724,63.84261],[-64.1742,63.80568],[-64.26111,63.72389],[-64.34286,63.7693],[-64.33399,63.84483]]],[[[-64.75626,63.84935],[-64.68749,63.91763],[-64.56257,63.9086],[-64.60717,63.84272],[-64.50475,63.84272],[-64.61339,63.7875],[-64.42223,63.78124],[-64.39354,63.70083],[-64.47216,63.68057],[-64.91649,63.82368],[-64.81261,63.88369],[-64.75626,63.84935]]],[[[-73.17333,64.2058],[-73.28726,64.14769],[-73.39981,64.16486],[-73.31485,64.20091],[-73.33776,64.23994],[-73.17333,64.2058]]],[[[-64.9913,64.19319],[-65.04618,64.32785],[-64.8783,64.22958],[-64.9913,64.19319]]],[[[-73.5091,64.55585],[-73.55626,64.31501],[-73.65421,64.32323],[-73.67357,64.43171],[-73.57799,64.44599],[-73.57799,64.49315],[-73.68419,64.52481],[-73.5091,64.55585]]],[[[-65.68346,64.51496],[-65.41194,64.73981],[-65.40909,64.65827],[-65.29308,64.74022],[-65.25145,64.71288],[-65.31355,64.66572],[-65.20983,64.64399],[-65.54625,64.54841],[-65.47313,64.52277],[-65.68346,64.51496]]],[[[-66.96785,65.28303],[-67.01672,65.31978],[-66.92457,65.3649],[-66.90295,65.34503],[-66.96785,65.28303]]],[[[-62.48571,65.7237],[-62.12694,65.67935],[-62.20885,65.60952],[-62.26622,65.6638],[-62.31811,65.61518],[-62.31127,65.66502],[-62.46955,65.66502],[-62.48571,65.7237]]],[[[-67.70454,65.71653],[-67.55882,65.73895],[-67.38916,65.73618],[-67.68248,65.68928],[-67.70454,65.71653]]],[[[-65.77063,65.76331],[-65.83725,65.67832],[-65.86555,65.78123],[-65.77063,65.76331]]],[[[-67.11995,66.00677],[-66.96387,65.99697],[-66.92157,65.97527],[-67.10566,65.95769],[-67.11995,66.00677]]],[[[-62.37393,67.16584],[-62.77086,67.01504],[-62.90152,67.06342],[-62.6129,67.14541],[-62.63899,67.17841],[-62.37393,67.16584]]],[[[-63.36022,67.29621],[-63.83316,67.28998],[-63.63158,67.35611],[-63.59301,67.31049],[-63.48713,67.34174],[-63.36022,67.29621]]],[[[-64.01667,67.51244],[-63.9547,67.65497],[-63.75748,67.52277],[-64.01667,67.51244]]],[[[-74.59797,67.83023],[-74.77013,67.96418],[-74.76895,68.04833],[-74.46207,68.07103],[-74.33837,68.18073],[-74.21443,68.1354],[-74.25544,68.06346],[-73.44616,67.99299],[-73.35827,67.83808],[-73.4095,67.77603],[-74.40233,67.77888],[-74.59797,67.83023]]],[[[-66.18309,68.26264],[-66.31664,68.15949],[-66.66112,68.20946],[-66.18309,68.26264]]],[[[-74.29776,68.46442],[-74.1704,68.39973],[-74.08072,68.33271],[-74.17333,68.24714],[-74.25731,68.26895],[-74.21492,68.32404],[-74.40095,68.42259],[-74.29776,68.46442]]],[[[-74.79259,68.67569],[-74.51708,68.56428],[-74.7882,68.56135],[-74.89322,68.62572],[-74.79259,68.67569]]],[[[-68.45857,68.79365],[-68.2047,68.79707],[-67.66344,68.7014],[-67.91466,68.71052],[-68.45857,68.79365]]],[[[-67.55419,69.52326],[-67.48502,69.50755],[-67.75284,69.52326],[-67.5111,69.60741],[-67.30777,69.55805],[-67.55419,69.52326]]],[[[-68.30773,69.59211],[-67.82795,69.66108],[-67.97256,69.69452],[-67.89147,69.7121],[-67.72492,69.64672],[-67.9099,69.53376],[-68.30773,69.59211]]],[[[-71.43871,70.9099],[-72.0476,70.8089],[-72.22802,70.93529],[-72.06749,70.93163],[-72.02196,71.04515],[-71.85973,71.07856],[-71.3435,71.00764],[-71.43871,70.9099]]],[[[-72.81705,71.44863],[-73.02416,71.4123],[-72.98013,71.32209],[-73.07022,71.29841],[-73.26684,71.36441],[-73.25524,71.42133],[-73.37877,71.51752],[-73.17186,71.57323],[-73.07714,71.53864],[-73.18008,71.45234],[-73.156,71.42316],[-72.9772,71.52167],[-72.81705,71.44863]]],[[[-73.01903,71.60932],[-72.7379,71.66153],[-72.65876,71.60004],[-72.76529,71.529],[-72.99547,71.55671],[-73.01903,71.60932]]],[[[-74.7036,78.72687],[-74.62719,78.784],[-74.16706,78.72679],[-74.33113,78.67841],[-74.7036,78.72687]]]]}},{"type":"Feature","properties":{"id":"ca-on","lat":49.04386,"lng":-87.14018},"geometry":{"type":"MultiPolygon","coordinates":[[[[-89.34038,47.98415],[-89.92045,47.98746],[-90.12039,48.11536],[-90.75035,48.08399],[-90.8738,48.23434],[-91.27636,48.06477],[-91.57484,48.04821],[-91.71644,48.11205],[-91.74414,48.17959],[-91.97549,48.23657],[-92.0705,48.34671],[-92.2816,48.33178],[-92.29103,48.24956],[-92.37185,48.22259],[-92.49063,48.43312],[-92.70405,48.44516],[-92.62747,48.50278],[-92.6486,48.53626],[-92.95559,48.61223],[-93.25774,48.63031],[-93.75678,48.51655],[-93.87489,48.63621],[-94.23215,48.65202],[-94.29259,48.71191],[-94.51916,48.70447],[-94.68889,48.77883],[-94.83914,49.30888],[-95.1612,49.37389],[-95.15377,52.82135],[-93.62017,53.7469],[-91.3784,55.31598],[-88.89118,56.86127],[-88.31135,56.53803],[-87.97956,56.44286],[-87.58922,56.07982],[-87.61856,56.00275],[-87.5008,56.04487],[-87.35513,56.00361],[-87.36535,55.94819],[-86.98009,55.93358],[-85.90427,55.66205],[-85.69644,55.60378],[-85.43916,55.42843],[-85.12792,55.3498],[-85.12662,55.30256],[-85.38903,55.11213],[-85.41731,54.99921],[-85.19913,55.24242],[-85.05394,55.29413],[-84.61315,55.24518],[-83.92907,55.32652],[-83.76757,55.28132],[-83.73664,55.22456],[-83.61148,55.23216],[-83.56688,55.19074],[-83.58829,55.15681],[-83.56115,55.13316],[-83.55801,55.18468],[-83.58288,55.23249],[-83.71325,55.27656],[-83.18505,55.20148],[-82.9757,55.23908],[-82.89761,55.17414],[-82.95165,55.11274],[-82.6444,55.17414],[-82.32103,55.07111],[-82.35582,55.16791],[-82.25227,55.11791],[-82.27269,54.93781],[-82.2014,54.83393],[-82.44449,54.36542],[-82.38305,54.12519],[-82.24258,54.06505],[-82.12605,53.8122],[-82.21923,53.60444],[-82.11441,53.28901],[-82.25056,53.21296],[-82.30118,52.9676],[-82.04186,52.84284],[-81.9182,52.68037],[-81.56383,52.45624],[-81.55451,52.3531],[-81.47875,52.30345],[-81.82018,52.25939],[-81.8828,52.19359],[-81.51203,52.23933],[-81.35521,52.10423],[-80.97911,52.00182],[-80.92089,51.90941],[-80.59488,51.71137],[-80.4403,51.47728],[-80.4298,51.35716],[-80.62804,51.29564],[-81.0126,51.03539],[-80.94001,51.05561],[-80.95116,51.00812],[-80.84813,51.12352],[-80.38512,51.34138],[-79.98599,51.25511],[-79.52082,50.9429],[-79.51292,47.59684],[-79.58033,47.45183],[-79.44538,47.27469],[-79.4313,47.087],[-79.16359,46.82391],[-78.96414,46.53303],[-78.71979,46.34709],[-77.65841,46.1839],[-77.35799,46.05884],[-77.22649,45.89084],[-76.99346,45.79023],[-76.91801,45.81147],[-76.92333,45.88376],[-76.81773,45.88588],[-76.62286,45.56502],[-76.34347,45.47355],[-76.04884,45.51546],[-75.841,45.38715],[-75.28359,45.57665],[-74.64365,45.65608],[-74.39352,45.57267],[-74.47801,45.31687],[-74.34618,45.22057],[-74.71296,44.99925],[-74.90374,45.00521],[-75.27023,44.86377],[-75.87032,44.40861],[-76.14979,44.30453],[-76.18576,44.22567],[-76.45463,44.08423],[-76.84153,43.6255],[-78.75082,43.61706],[-79.17431,43.46453],[-79.05842,43.2778],[-79.03197,43.01342],[-78.90905,42.93022],[-79.01938,42.80269],[-80.2466,42.36548],[-81.27666,42.20867],[-82.42486,41.67681],[-82.66691,41.66909],[-83.06841,41.84773],[-83.15949,42.04632],[-83.07996,42.30507],[-82.83282,42.39801],[-82.52622,42.61991],[-82.41109,43.05127],[-82.14565,43.57641],[-82.53214,45.29352],[-82.58878,45.37181],[-83.48397,45.77194],[-83.63687,45.77394],[-83.46281,46.00779],[-83.61388,46.11564],[-83.8393,46.1192],[-83.96459,46.06318],[-84.09677,46.22483],[-84.15881,46.43334],[-84.11044,46.52646],[-84.56656,46.4612],[-84.77332,46.63343],[-84.87869,46.89791],[-88.34726,48.29865],[-88.64272,48.25659],[-89.34038,47.98415]]],[[[-79.52896,50.97675],[-79.7036,51.09003],[-79.74714,51.1955],[-79.67951,51.31318],[-79.69677,51.39851],[-79.52082,51.4667],[-79.52896,50.97675]]]]}},{"type":"Feature","properties":{"id":"ca-pe","lat":46.51278,"lng":-63.60453},"geometry":{"type":"Polygon","coordinates":[[[-62.00402,46.46406],[-62.16564,46.35838],[-62.35969,46.36103],[-62.33178,46.31322],[-62.40062,46.31322],[-62.36571,46.27143],[-62.4969,46.27228],[-62.43733,46.21625],[-62.57641,46.239],[-62.4969,46.1835],[-62.60676,46.1835],[-62.45324,46.10761],[-62.57193,46.03266],[-62.45592,46.02521],[-62.75072,45.95075],[-62.89411,46.00536],[-62.90905,46.07193],[-63.03063,46.0668],[-62.87824,46.15559],[-62.94787,46.128],[-62.94717,46.19343],[-63.11681,46.21577],[-62.963,46.32001],[-63.13435,46.2381],[-63.19571,46.27228],[-63.17471,46.22773],[-63.27086,46.19717],[-63.14192,46.19843],[-63.23339,46.14545],[-63.60212,46.21686],[-63.80004,46.33185],[-63.8059,46.3747],[-63.71589,46.35419],[-63.73693,46.39643],[-64.13427,46.4156],[-64.07274,46.64216],[-64.14477,46.59781],[-64.38305,46.62783],[-64.41682,46.68277],[-64.23131,46.90331],[-63.99706,47.06733],[-63.97484,46.89399],[-64.09325,46.77998],[-63.9698,46.74518],[-63.88142,46.64289],[-63.90665,46.60798],[-63.83365,46.61237],[-63.93562,46.47834],[-63.82575,46.51927],[-63.82262,46.46064],[-63.70889,46.44416],[-63.73013,46.53294],[-63.67687,46.56806],[-63.49474,46.53115],[-63.45661,46.46743],[-63.46325,46.50629],[-63.33235,46.49885],[-63.23811,46.40742],[-62.5856,46.42988],[-62.70226,46.45722],[-62.5856,46.47834],[-62.00402,46.46406]]]}},{"type":"Feature","properties":{"id":"ca-qc","lat":53.90951,"lng":-73.33823},"geometry":{"type":"MultiPolygon","coordinates":[[[[-73.92186,45.32734],[-74.04784,45.25764],[-74.16503,45.26972],[-74.12841,45.30756],[-73.92186,45.32734]]],[[[-73.85806,45.38178],[-73.94848,45.3697],[-73.98453,45.4064],[-73.91731,45.40998],[-73.85806,45.38178]]],[[[-73.91832,45.49209],[-73.93383,45.51301],[-73.88646,45.52338],[-73.91832,45.49209]]],[[[-73.47647,45.68928],[-73.59821,45.44306],[-73.97362,45.44465],[-73.694,45.55533],[-73.51667,45.70405],[-73.47647,45.68928]]],[[[-73.8649,45.55439],[-73.71776,45.67585],[-73.56485,45.69868],[-73.73135,45.55695],[-73.8649,45.55439]]],[[[-70.81575,47.02363],[-71.03124,46.86294],[-71.12475,46.87702],[-70.88541,47.02656],[-70.81575,47.02363]]],[[[-71.50408,45.01374],[-74.71296,44.99925],[-74.47354,45.06712],[-74.3295,45.17809],[-74.00438,45.24518],[-73.73469,45.41861],[-73.51895,45.42626],[-73.44884,45.7045],[-73.21728,45.89883],[-73.15612,46.04971],[-72.73103,46.17662],[-72.49596,46.3605],[-72.27432,46.42056],[-72.18993,46.52623],[-71.8671,46.66665],[-71.71418,46.63219],[-71.30248,46.74518],[-71.15795,46.84081],[-70.97362,46.86188],[-70.5349,47.01056],[-69.56188,47.82807],[-69.44546,47.99189],[-68.82478,48.36583],[-68.20564,48.64191],[-66.62206,49.12263],[-65.56579,49.26647],[-64.96349,49.21931],[-64.61339,49.12303],[-64.29874,48.95922],[-64.15534,48.77424],[-64.5594,48.88288],[-64.47745,48.8419],[-64.53893,48.8214],[-64.39721,48.82136],[-64.37409,48.79169],[-64.42907,48.78046],[-64.17504,48.64448],[-64.28213,48.56904],[-64.18883,48.5266],[-64.32909,48.41962],[-64.72326,48.33539],[-64.77937,48.20405],[-64.96036,48.18769],[-64.98786,48.12596],[-65.28555,48.01264],[-65.4322,48.00328],[-65.78384,48.11559],[-65.89045,48.1706],[-65.89574,48.22553],[-66.06705,48.102],[-66.28686,48.11449],[-66.29003,48.06517],[-66.4733,48.1201],[-66.54279,48.05866],[-66.91914,47.98149],[-66.96164,47.89455],[-67.31989,47.89615],[-67.36371,47.83928],[-67.60597,47.93806],[-67.61284,47.99754],[-68.11346,47.99754],[-68.11346,47.92834],[-68.37786,47.92834],[-68.40809,47.5363],[-68.58384,47.42225],[-69.06356,47.29081],[-69.05402,47.4184],[-69.25091,47.45292],[-70.00776,46.70408],[-70.07432,46.41954],[-70.1884,46.35841],[-70.2809,46.21186],[-70.244,46.14101],[-70.31263,46.07957],[-70.3163,45.98298],[-70.26253,45.92304],[-70.41523,45.80439],[-70.41931,45.7169],[-70.68679,45.57272],[-70.73201,45.49159],[-70.64132,45.4085],[-70.81299,45.42343],[-70.89241,45.2346],[-70.99316,45.34783],[-71.16033,45.24577],[-71.33432,45.28871],[-71.44904,45.22691],[-71.40657,45.20494],[-71.50408,45.01374]]],[[[-70.32994,47.41836],[-70.43358,47.39594],[-70.32388,47.42744],[-70.32994,47.41836]]],[[[-69.0818,59.06141],[-69.23766,58.95417],[-69.36352,58.96345],[-69.28624,59.06981],[-69.35416,59.14057],[-69.11433,59.1422],[-69.0818,59.06141]]],[[[-69.9234,61.03159],[-70.00386,60.93507],[-70.01195,60.99676],[-69.9234,61.03159]]],[[[-71.4865,61.30189],[-71.58556,61.32389],[-71.48782,61.33711],[-71.4865,61.30189]]],[[[-72.01539,61.85261],[-72.13083,61.88904],[-71.97344,61.85894],[-72.01539,61.85261]]],[[[-72.32812,62.01604],[-72.44065,62.02685],[-72.4624,62.03665],[-72.32812,62.01604]]],[[[-61.5546,47.61498],[-61.85936,47.42365],[-61.78539,47.43382],[-61.67154,47.53799],[-61.59252,47.56078],[-61.96557,47.28303],[-61.79304,47.2403],[-62.01057,47.2248],[-61.92553,47.41315],[-61.56212,47.62714],[-61.38219,47.63666],[-61.53384,47.55207],[-61.46898,47.62226],[-61.5546,47.61498]]],[[[-68.8556,48.41446],[-68.86321,48.38911],[-68.89263,48.3918],[-68.8556,48.41446]]],[[[-63.92516,49.67487],[-64.51057,49.86807],[-64.21369,49.95234],[-63.12409,49.78388],[-62.53425,49.60468],[-62.20434,49.41421],[-61.88264,49.35448],[-61.66076,49.15103],[-61.81164,49.06904],[-62.2482,49.06794],[-63.09333,49.2329],[-63.58678,49.38996],[-63.64143,49.51349],[-63.92516,49.67487]]],[[[-63.92699,50.22142],[-63.85753,50.21743],[-63.85607,50.20466],[-63.92699,50.22142]]],[[[-59.38337,50.63882],[-59.33751,50.64444],[-59.298,50.56411],[-59.35294,50.53754],[-59.32388,50.61026],[-59.38337,50.63882]]],[[[-58.84632,50.78944],[-58.88561,50.79425],[-58.86119,50.83305],[-58.84632,50.78944]]],[[[-58.42736,51.16712],[-58.62121,51.09178],[-58.54695,51.15042],[-58.42736,51.16712]]],[[[-58.3629,51.20222],[-58.38816,51.23893],[-58.30758,51.25227],[-58.3629,51.20222]]],[[[-58.5537,51.24531],[-58.47948,51.27798],[-58.39843,51.25454],[-58.47419,51.2204],[-58.5537,51.24531]]],[[[-79.52082,50.9429],[-79.3343,50.72691],[-79.33959,50.79181],[-79.52082,50.96548],[-79.51911,51.48351],[-79.56017,51.55553],[-79.34602,51.66181],[-79.25548,51.63874],[-79.27562,51.5316],[-79.12816,51.54255],[-79.01154,51.46739],[-78.9532,51.21922],[-78.84704,51.1645],[-78.91979,51.23298],[-78.82657,51.35008],[-78.88215,51.40327],[-78.69001,51.48729],[-78.81286,51.51459],[-78.79239,51.61078],[-79.03881,51.7685],[-78.84057,51.84227],[-78.89257,51.94676],[-78.74718,51.97687],[-78.70987,52.05646],[-78.5913,52.10615],[-78.54674,52.24665],[-78.40819,52.24824],[-78.55285,52.26813],[-78.49958,52.35582],[-78.51598,52.47675],[-78.57579,52.53937],[-78.76513,52.57038],[-78.69001,52.59772],[-78.85017,52.75739],[-78.73502,52.78917],[-78.73095,52.83043],[-78.78038,52.81965],[-78.69001,52.88508],[-78.85529,52.8839],[-78.90168,52.92662],[-78.78555,52.98188],[-78.9842,53.02843],[-78.91592,53.06383],[-78.97737,53.07001],[-78.89542,53.26862],[-78.95202,53.29149],[-78.99169,53.4536],[-79.06322,53.44196],[-79.11457,53.50886],[-79.00414,53.49767],[-78.9569,53.5163],[-79.01952,53.57087],[-78.92309,53.56672],[-79.06615,53.59821],[-79.01928,53.69391],[-79.15612,53.70808],[-79.04882,53.72565],[-79.05248,53.83784],[-78.90168,53.81733],[-79.06615,53.85765],[-79.10774,53.90611],[-78.99169,53.91291],[-79.13508,53.96137],[-79.04235,53.94721],[-79.1009,53.9818],[-78.97956,54.01923],[-79.29263,54.09105],[-79.10774,54.11213],[-79.14244,54.1457],[-79.04625,54.18049],[-79.38207,54.19408],[-79.28588,54.25556],[-79.46398,54.31017],[-79.50499,54.37226],[-79.45031,54.42003],[-79.60119,54.5572],[-79.52546,54.59138],[-79.63532,54.5777],[-79.59374,54.63292],[-79.76561,54.65961],[-79.62849,54.74217],[-78.96744,54.852],[-78.39224,55.02753],[-77.78161,55.27351],[-77.13801,55.6577],[-77.08869,55.71422],[-77.1892,55.68187],[-76.68155,56.04291],[-76.51842,56.41364],[-76.5327,57.1153],[-76.80871,57.67552],[-77.14826,58.01752],[-77.49083,58.1684],[-77.47061,58.21198],[-78.03148,58.38813],[-78.01448,58.42402],[-78.40933,58.62971],[-78.32006,58.54637],[-78.57095,58.63866],[-78.46858,58.706],[-78.54247,58.7652],[-78.48852,58.80646],[-78.56575,58.95775],[-78.3164,58.92552],[-78.24372,58.99824],[-78.32006,58.9914],[-78.28527,59.0528],[-78.13142,59.1079],[-78.10656,59.20991],[-77.8192,59.29304],[-77.89489,59.31293],[-77.67516,59.40229],[-77.9154,59.41905],[-77.73034,59.54865],[-77.77819,59.71015],[-77.5703,59.69343],[-77.44298,59.57758],[-77.31273,59.56676],[-77.42585,59.5954],[-77.54548,59.74494],[-77.29161,59.79955],[-77.42504,59.9193],[-77.1892,60.06025],[-77.63419,60.06647],[-77.55712,60.13056],[-77.40827,60.13532],[-77.53531,60.1837],[-77.55968,60.21105],[-77.46972,60.21723],[-77.53799,60.2862],[-77.61368,60.26569],[-77.59325,60.32091],[-77.74315,60.40424],[-77.54695,60.54743],[-77.41511,60.54682],[-77.68603,60.5583],[-77.82925,60.64326],[-77.60684,60.7591],[-77.74405,60.76655],[-77.51065,60.84101],[-77.89489,60.7523],[-77.8601,60.79267],[-77.96996,60.79267],[-77.88069,60.82738],[-77.91942,60.83527],[-78.19652,60.79267],[-78.16552,60.86835],[-77.80932,61.05707],[-77.78873,61.15575],[-77.69274,61.20734],[-77.75154,61.23204],[-77.78527,61.4547],[-77.54548,61.48534],[-77.66613,61.52766],[-77.64127,61.56025],[-77.47655,61.53998],[-77.70836,61.61628],[-77.79271,61.70136],[-77.98973,61.71483],[-78.13695,62.01349],[-78.1549,62.29731],[-77.47179,62.59382],[-76.75772,62.51081],[-75.59215,62.27302],[-75.89379,62.16376],[-75.32775,62.31745],[-75.1505,62.28498],[-75.15331,62.232],[-75.00609,62.26899],[-74.55809,62.10912],[-74.75504,62.21357],[-74.41686,62.25251],[-73.99791,62.36738],[-73.87218,62.46479],[-73.67073,62.48212],[-73.57144,62.39484],[-73.20954,62.31281],[-73.19603,62.26056],[-72.899,62.14326],[-72.94738,62.12275],[-72.62914,62.11689],[-72.66617,62.06135],[-72.59797,62.04767],[-72.60778,61.97215],[-72.79597,61.83539],[-72.66617,61.88316],[-72.60188,61.81257],[-72.60521,61.94367],[-72.23233,61.88129],[-72.13183,61.8006],[-72.2237,61.75019],[-72.07628,61.74486],[-71.99523,61.67711],[-72.08511,61.60627],[-72.24348,61.61762],[-72.30309,61.56786],[-71.97948,61.60383],[-71.95678,61.71125],[-71.58096,61.61384],[-71.55578,61.56102],[-71.85741,61.53376],[-71.7482,61.47911],[-71.89159,61.43073],[-71.58312,61.41022],[-71.82266,61.35497],[-71.66564,61.33446],[-71.72712,61.2873],[-71.59679,61.25939],[-71.63093,61.20417],[-71.57291,61.22053],[-71.57286,61.15575],[-71.50796,61.16999],[-71.49767,61.2309],[-71.37157,61.12901],[-71.21329,61.16722],[-71.18505,61.12275],[-70.53539,61.01232],[-70.56892,61.0465],[-70.52668,61.06542],[-70.42553,61.0266],[-70.42553,61.08808],[-70.15534,61.08763],[-70.08971,60.96117],[-70.08971,60.90253],[-70.15119,60.88202],[-69.91588,60.81],[-69.84952,60.85468],[-69.93871,60.8402],[-69.77697,60.9195],[-69.66234,60.88524],[-69.65103,61.06428],[-69.53661,61.0797],[-69.36974,60.91681],[-69.38134,60.79987],[-69.7198,60.68403],[-69.66674,60.56721],[-69.82901,60.52574],[-69.7198,60.37556],[-69.76549,60.31708],[-69.60245,60.22468],[-69.65095,60.1837],[-69.59557,60.1789],[-69.62804,60.07673],[-69.82628,60.0716],[-69.84268,60.02888],[-69.77306,60.00434],[-69.82165,59.9892],[-70.33617,60.03229],[-70.57193,59.99498],[-70.99621,60.07624],[-71.03506,60.06647],[-70.57771,59.97724],[-69.7351,59.97028],[-69.76757,59.9156],[-69.56151,59.86469],[-69.61217,59.78388],[-69.54784,59.76476],[-69.6577,59.70332],[-69.51623,59.64928],[-69.74853,59.5161],[-69.63207,59.38512],[-69.75512,59.31769],[-69.4226,59.36152],[-69.25479,59.32482],[-69.23253,59.24128],[-69.36522,59.24445],[-69.38903,59.1942],[-69.44953,59.2285],[-69.54255,59.16954],[-69.5157,59.10847],[-69.34244,59.09382],[-69.43025,59.02546],[-69.50353,59.07331],[-69.45165,58.89521],[-69.66515,58.79218],[-69.7198,58.86726],[-69.67186,58.92744],[-69.86315,59.05968],[-69.89794,58.96345],[-69.80346,58.91905],[-69.80175,58.82628],[-69.91161,58.87409],[-69.89049,58.83312],[-70.25422,58.77167],[-70.04133,58.73754],[-69.92121,58.77912],[-69.91828,58.68639],[-69.79743,58.70075],[-69.87682,58.64472],[-69.81355,58.5965],[-69.37816,58.86949],[-68.77343,58.9217],[-68.41027,58.82392],[-68.32885,58.67548],[-68.3487,58.60033],[-68.27424,58.58674],[-68.27424,58.52464],[-68.19103,58.54637],[-68.35407,58.12373],[-68.52001,58.03119],[-68.97012,57.96039],[-69.36974,57.77049],[-68.9497,57.94103],[-68.41759,58.03864],[-68.30988,58.12092],[-68.17394,58.49108],[-68.02733,58.52172],[-68.00621,58.57953],[-67.88976,58.49873],[-67.92365,58.40498],[-67.8627,58.30927],[-68.12955,58.08299],[-67.8627,58.23725],[-67.80065,58.29869],[-67.78698,58.47004],[-67.73852,58.46918],[-67.67544,58.42345],[-67.73233,58.2851],[-67.64802,58.23615],[-67.74014,57.96373],[-67.71349,57.92707],[-67.64184,58.04914],[-67.66242,58.11595],[-67.56786,58.23041],[-67.16023,58.38023],[-67.0869,58.36278],[-67.08064,58.42219],[-66.94665,58.49836],[-66.8522,58.42504],[-66.80687,58.49799],[-66.6151,58.49799],[-66.66926,58.53998],[-66.59537,58.67719],[-66.46866,58.72199],[-66.47175,58.81261],[-66.3824,58.85358],[-65.94416,58.62084],[-66.01822,58.49824],[-65.99877,58.40855],[-66.09496,58.36017],[-66.05338,58.33283],[-65.923,58.44269],[-65.97956,58.4901],[-65.8275,58.5799],[-66.10863,58.77912],[-66.01919,58.86119],[-65.97086,58.82628],[-65.79564,58.86347],[-65.98225,58.91718],[-65.86164,58.94298],[-65.88549,59.00816],[-65.67736,58.92858],[-65.79332,59.00507],[-65.68346,59.0528],[-65.50707,58.9881],[-65.59411,59.04601],[-65.31973,59.04601],[-65.54161,59.10883],[-65.64249,59.07331],[-65.71764,59.15831],[-65.68346,59.19685],[-65.73933,59.27062],[-65.59411,59.1894],[-65.60294,59.25711],[-65.49169,59.25829],[-65.56607,59.30744],[-65.55899,59.37665],[-65.35757,59.28217],[-65.44717,59.36677],[-65.38183,59.40229],[-65.55993,59.49103],[-65.18554,59.46312],[-65.05285,59.38117],[-64.98396,59.38117],[-65.18126,59.47577],[-65.41186,59.51789],[-65.54625,59.73127],[-65.46638,59.77143],[-65.49169,59.79955],[-65.32348,59.84797],[-65.0841,59.77172],[-64.98396,59.76476],[-65.23095,59.88207],[-65.14045,59.87132],[-65.20983,59.92304],[-65.07091,59.94331],[-65.12857,60.04658],[-65.04605,60.05476],[-65.0631,60.10431],[-64.87409,60.20421],[-64.95727,60.25886],[-64.86413,60.29637],[-64.84879,60.36571],[-64.53141,60.3039],[-64.84467,60.26412],[-64.80955,60.19772],[-64.636,60.17426],[-64.59918,60.11783],[-64.90422,60.04776],[-64.84534,59.96828],[-64.65439,59.91668],[-64.7677,59.88007],[-64.74772,59.84317],[-64.8141,59.81898],[-64.77446,59.69922],[-64.88504,59.6638],[-64.90318,59.60381],[-64.70201,59.44728],[-64.45345,59.52588],[-64.34937,59.5051],[-64.50342,59.42952],[-64.53399,59.1953],[-64.46911,59.08838],[-64.29206,59.00725],[-64.4379,58.98291],[-64.75421,59.06508],[-64.88216,58.93506],[-64.31041,58.88468],[-64.26152,58.78179],[-64.15706,58.75078],[-63.76042,58.87909],[-63.57182,58.83527],[-63.48374,58.75864],[-64.05942,58.66903],[-64.078,58.55203],[-63.89041,58.56684],[-63.81987,58.47411],[-64.15644,58.34812],[-64.20918,58.238],[-64.38963,58.18771],[-64.42764,58.0748],[-64.22137,58.04524],[-64.05389,57.7679],[-63.93942,57.80097],[-63.89188,57.73035],[-63.81752,57.68852],[-63.76951,57.73053],[-63.69593,57.65896],[-63.64921,57.73115],[-63.58394,57.70805],[-63.76494,57.56439],[-63.70791,57.38523],[-63.83798,57.32534],[-63.8692,57.24979],[-63.85018,57.19181],[-63.82049,57.27454],[-63.74331,57.22674],[-63.79525,57.10091],[-63.87604,57.0592],[-63.91539,56.9366],[-63.87137,56.87813],[-63.99743,56.85477],[-63.99286,56.78863],[-64.12572,56.70928],[-63.87713,56.43935],[-64.16967,56.42565],[-64.09107,56.26282],[-63.8769,56.21729],[-64.01095,56.15559],[-64.01032,56.06976],[-63.86181,56.12329],[-63.8779,56.07859],[-63.80432,56.04325],[-63.44493,56.02283],[-63.84029,55.91327],[-63.69637,55.77664],[-63.7492,55.65458],[-63.66904,55.62361],[-63.68544,55.51977],[-63.76741,55.46147],[-63.33019,55.3886],[-63.57795,55.33942],[-63.54152,55.30845],[-63.65993,55.27019],[-63.55063,55.22647],[-63.41035,55.25197],[-63.58888,55.1208],[-63.60528,54.90219],[-63.81478,54.94045],[-63.82389,54.82932],[-63.90405,54.78196],[-63.72916,54.64715],[-63.89858,54.6016],[-64.05161,54.60707],[-64.39228,54.78925],[-64.57628,54.72731],[-64.76756,54.73824],[-64.78213,54.83479],[-65.10276,54.95685],[-65.29587,54.82568],[-65.47258,54.84208],[-65.47987,54.73095],[-65.68061,54.71482],[-65.85598,54.9075],[-66.03992,54.91102],[-66.25432,54.99812],[-66.77041,55.33879],[-66.83715,55.31724],[-66.68872,55.20175],[-66.76233,55.10421],[-66.66076,54.98424],[-66.72881,54.93866],[-66.60712,54.80394],[-66.72106,54.77547],[-66.70135,54.74017],[-66.9665,54.81433],[-67.02518,54.89603],[-67.3094,55.01566],[-67.27413,55.06599],[-67.43508,55.06346],[-67.42286,54.99705],[-67.0858,54.73222],[-67.0858,54.68063],[-67.26121,54.57057],[-67.26809,54.48458],[-67.49853,54.59464],[-67.50884,54.48802],[-67.7496,54.42612],[-67.63954,54.1888],[-67.77367,54.12689],[-67.80807,54.03403],[-67.5226,53.83798],[-67.59483,53.78295],[-67.41254,53.69353],[-67.32312,53.56627],[-67.03077,53.51468],[-66.88976,53.41494],[-67.01013,53.35303],[-66.96198,53.29456],[-66.99638,53.08132],[-67.24057,53.16731],[-67.38503,53.1054],[-67.30248,52.86808],[-67.16491,52.81993],[-67.06172,52.87496],[-67.04109,52.77522],[-66.86568,52.66172],[-66.85192,52.73051],[-66.76938,52.67892],[-66.76938,52.7649],[-66.65588,52.79586],[-66.62493,52.93687],[-66.50799,52.9575],[-66.4564,53.02973],[-66.36353,53.00222],[-66.28787,52.84745],[-66.40137,52.84401],[-66.28787,52.61013],[-66.40481,52.64796],[-66.34978,52.35905],[-66.48047,52.33498],[-66.37385,52.14238],[-66.26379,52.15613],[-66.28443,52.30747],[-66.07807,52.16989],[-66.08838,52.09078],[-65.99208,52.05983],[-65.65502,52.10798],[-65.6619,51.9876],[-65.50025,52.09766],[-65.37644,51.98416],[-65.39363,51.89818],[-65.3386,51.81907],[-65.27669,51.86723],[-65.18383,51.77436],[-64.95683,51.72277],[-64.77111,51.76405],[-64.53035,51.59208],[-64.27928,51.73997],[-64.36182,51.96697],[-64.33775,52.01168],[-64.23457,51.98072],[-64.25176,52.11486],[-64.15546,52.13206],[-64.22081,52.26619],[-64.12794,52.38657],[-64.18985,52.5723],[-64.16578,52.67548],[-63.71866,52.77866],[-63.61204,52.8612],[-63.59578,52.77089],[-63.3791,52.65115],[-63.87593,52.60841],[-64.08117,52.47344],[-63.97266,52.35358],[-63.74951,52.32239],[-63.78321,52.29123],[-63.64006,52.05062],[-63.81956,52.06811],[-63.73871,51.9998],[-57.10098,52.00008],[-57.10033,51.41901],[-57.18981,51.41881],[-57.24999,51.50829],[-57.60338,51.43268],[-57.57604,51.46739],[-57.67854,51.43439],[-57.6859,51.48041],[-58.04015,51.31367],[-58.23404,51.27692],[-58.25479,51.32917],[-58.28917,51.33641],[-58.28917,51.27501],[-58.45368,51.3166],[-58.62267,51.27733],[-58.61815,51.23338],[-58.67748,51.24421],[-58.59024,51.18623],[-58.62564,51.15147],[-58.83043,51.09003],[-58.89249,50.99445],[-58.8955,51.055],[-59.00796,51.01496],[-58.95458,51.00312],[-58.9403,50.88459],[-59.00796,50.76105],[-59.0891,50.78437],[-59.08776,50.88768],[-59.20279,50.73192],[-59.25499,50.76105],[-59.4195,50.66486],[-59.46841,50.59248],[-59.42398,50.54001],[-59.80309,50.44575],[-59.88561,50.3769],[-59.82726,50.32807],[-60.13488,50.213],[-60.15347,50.2884],[-60.24649,50.23469],[-60.27603,50.29491],[-60.36539,50.22602],[-60.44115,50.26081],[-60.59992,50.21638],[-60.61864,50.25397],[-60.79406,50.20466],[-60.83837,50.21979],[-60.80264,50.26708],[-60.93456,50.19933],[-61.31135,50.19933],[-61.71789,50.10004],[-61.78429,50.10993],[-61.57608,50.18736],[-61.77676,50.13414],[-61.86319,50.23017],[-62.75072,50.28746],[-62.70914,50.31542],[-63.01765,50.31542],[-63.42064,50.21898],[-63.80899,50.31542],[-64.14477,50.26765],[-64.44542,50.32294],[-64.87682,50.27265],[-65.25829,50.32225],[-65.73717,50.25743],[-65.96422,50.2932],[-66.04654,50.22602],[-66.10338,50.24409],[-66.08751,50.19249],[-66.35704,50.2014],[-66.46817,50.2685],[-66.54955,50.19831],[-66.43488,50.15754],[-66.63561,50.18505],[-66.74592,50.05366],[-66.95092,49.98644],[-67.04491,49.82832],[-67.13146,49.83129],[-67.24511,49.45885],[-67.37633,49.33922],[-68.05455,49.29438],[-68.16438,49.20563],[-68.30089,49.19819],[-68.18106,49.12446],[-68.39232,49.06391],[-68.44433,49.06163],[-68.36978,49.11559],[-68.40331,49.18452],[-68.44433,49.19819],[-68.40705,49.12303],[-68.6151,49.0395],[-68.6988,48.94489],[-68.64354,48.91767],[-68.79532,48.90742],[-69.05573,48.77351],[-69.11791,48.63056],[-69.22948,48.59211],[-69.44665,48.29621],[-69.67602,48.14989],[-70.36921,48.37413],[-70.98721,48.46516],[-71.06981,48.44465],[-70.78848,48.3957],[-70.89167,48.36274],[-70.86563,48.32416],[-70.47753,48.35643],[-70.16295,48.24506],[-69.95031,48.23082],[-69.73595,48.1225],[-69.93204,47.77306],[-70.14436,47.65636],[-70.23689,47.49559],[-70.48693,47.44477],[-70.75064,47.09178],[-70.95686,47.02066],[-71.34166,46.74234],[-71.7202,46.67007],[-71.88052,46.69066],[-72.22794,46.55337],[-72.25805,46.47085],[-72.46227,46.40233],[-72.60253,46.30134],[-72.9945,46.2108],[-73.02204,46.10961],[-73.15856,46.07486],[-73.42028,45.76512],[-73.75544,45.67638],[-73.97924,45.49844],[-74.37946,45.56163],[-74.3297,45.50967],[-74.0161,45.45043],[-73.96154,45.35423],[-74.15331,45.32014],[-74.34618,45.22057],[-74.47801,45.31687],[-74.39352,45.57267],[-74.64365,45.65608],[-75.28359,45.57665],[-75.68326,45.46854],[-75.77555,45.39382],[-76.12845,45.52965],[-76.34347,45.47355],[-76.64746,45.58084],[-76.81773,45.88588],[-76.92333,45.88376],[-76.93582,45.79436],[-77.01661,45.79622],[-77.22649,45.89084],[-77.30703,46.01983],[-77.46904,46.11507],[-77.9209,46.23563],[-78.69403,46.3365],[-78.96414,46.53303],[-79.16359,46.82391],[-79.4313,47.087],[-79.44538,47.27469],[-79.58033,47.45183],[-79.51292,47.59684],[-79.52082,50.9429]]],[[[-67.66187,58.32719],[-67.59282,58.42221],[-67.52617,58.34706],[-67.58198,58.27845],[-67.66187,58.32719]]],[[[-69.12028,58.9573],[-69.0612,59.01118],[-68.97456,58.98963],[-69.01556,58.97241],[-69.12028,58.9573]]]]}},{"type":"Feature","properties":{"id":"ca-sk","lat":52.40458,"lng":-105.84111},"geometry":{"type":"Polygon","coordinates":[[[-101.36434,48.99267],[-109.99932,48.99262],[-109.99997,60.00006],[-102.0016,60.00006],[-102.00105,55.81649],[-101.36434,48.99267]]]}},{"type":"Feature","properties":{"id":"ca-yt","lat":64.84772,"lng":-136.77578},"geometry":{"type":"MultiPolygon","coordinates":[[[[-140.53374,60.21855],[-141.00116,60.32107],[-141.00556,69.65095],[-139.91796,69.62132],[-139.14379,69.51366],[-138.60261,69.24266],[-138.44494,69.23526],[-138.39778,69.29792],[-138.45177,69.28368],[-138.42707,69.30158],[-138.35704,69.30467],[-138.31237,69.22948],[-138.09553,69.14012],[-137.22374,68.95091],[-136.74547,68.87897],[-136.44487,68.9099],[-136.44477,67.72558],[-136.42332,67.65742],[-136.24654,67.62016],[-136.15734,67.5042],[-136.20091,67.40806],[-136.11608,67.37728],[-136.09518,67.29718],[-136.23744,67.17804],[-136.16739,67.00599],[-133.83108,67.0034],[-134.09119,66.96382],[-133.77002,66.80895],[-133.83415,66.72585],[-133.59192,66.56922],[-133.69248,66.51976],[-133.62938,66.44532],[-133.75966,66.43713],[-133.81909,66.31016],[-133.56432,66.26063],[-133.56716,66.15384],[-133.70468,66.07201],[-133.6084,66.04995],[-133.61179,65.96187],[-133.38759,65.94696],[-132.95542,66.02972],[-132.90721,66.00313],[-132.99387,65.92311],[-132.90209,65.90836],[-132.58273,66.03184],[-132.33473,65.96745],[-132.56942,65.84415],[-132.37073,65.77149],[-132.17257,65.59455],[-132.27613,65.54473],[-132.32215,65.4398],[-132.52986,65.35255],[-132.55446,65.28413],[-132.78132,65.2262],[-132.71582,65.15644],[-132.55358,65.18062],[-132.55294,65.10305],[-132.37065,65.08094],[-132.33442,65.03148],[-132.50746,64.96451],[-132.48121,64.87992],[-132.61531,64.81553],[-132.05377,64.69641],[-131.9376,64.59652],[-131.68172,64.52115],[-131.81861,64.37752],[-131.59891,64.36894],[-131.38446,64.4679],[-131.14561,64.42413],[-131.0035,64.32522],[-131.06052,64.27951],[-130.87265,64.19048],[-130.94198,64.1289],[-130.86257,64.04188],[-130.75674,64.04671],[-130.73995,63.97341],[-130.36248,63.84153],[-130.1144,63.80396],[-130.10789,63.76662],[-130.31796,63.70301],[-130.09451,63.69753],[-130.09373,63.63327],[-129.95581,63.61725],[-129.82285,63.47793],[-129.90909,63.43907],[-129.91889,63.37334],[-130.12942,63.31655],[-130.15006,63.2681],[-129.90535,63.19692],[-129.84468,63.09132],[-129.61381,63.0722],[-129.70244,62.89231],[-129.77329,62.86864],[-129.6242,62.70537],[-129.51692,62.67256],[-129.49547,62.60765],[-129.55196,62.56636],[-129.45155,62.59039],[-129.17162,62.47908],[-129.30469,62.42299],[-129.21575,62.37756],[-129.30939,62.32121],[-129.2018,62.21052],[-129.28761,62.15336],[-128.89375,62.11729],[-128.77909,62.05688],[-128.68496,62.12034],[-128.54659,62.12179],[-128.2772,61.94671],[-128.22467,61.8584],[-128.08429,61.85005],[-127.98133,61.69399],[-127.80687,61.61086],[-127.54795,61.51247],[-127.31271,61.52162],[-127.14575,61.46519],[-127.0072,61.18769],[-127.10001,61.07074],[-126.93651,61.05901],[-126.9162,60.85233],[-126.83393,60.7549],[-126.67487,60.74565],[-126.51026,60.81453],[-126.28851,60.77965],[-126.20123,60.86399],[-126.01419,60.80347],[-125.90135,60.89473],[-125.36415,60.78203],[-125.17861,60.8497],[-124.89188,60.85515],[-124.80579,60.96816],[-124.59862,60.96455],[-124.47873,60.78787],[-124.6197,60.68208],[-124.4164,60.47931],[-124.21616,60.46132],[-124.1957,60.33006],[-123.98082,60.09845],[-124.02555,60.0199],[-123.8191,60.00006],[-139.06021,60.00006],[-139.18215,60.07339],[-139.07319,60.29984],[-139.10161,60.3466],[-139.67982,60.32681],[-139.96776,60.18837],[-140.42411,60.29317],[-140.53374,60.21855]]],[[[-139.08104,69.64985],[-138.87011,69.59211],[-139.13785,69.53522],[-139.3356,69.57168],[-139.08104,69.64985]]]]}}]}
