{"type":"FeatureCollection","features":[{"type":"Feature","properties":{"id":"cn-ah","lat":31.98849,"lng":117.14869},"geometry":{"type":"Polygon","coordinates":[[[119.62978,31.13288],[119.57826,30.8552],[119.45145,30.64813],[119.36029,30.68045],[119.24293,30.55658],[119.32629,30.51496],[119.39238,30.36843],[119.23782,30.29864],[118.95432,30.35479],[118.8811,30.32435],[118.89055,29.97507],[118.73614,29.82265],[118.72374,29.7302],[118.3895,29.45632],[118.31994,29.49102],[118.17473,29.40787],[118.10461,29.53003],[118.00234,29.56995],[117.70768,29.55564],[117.54087,29.61406],[117.40434,29.83443],[117.2459,29.8358],[117.1813,29.92709],[117.06369,29.83686],[117.08575,29.7155],[116.8762,29.54977],[116.7343,29.54634],[116.64909,29.64021],[116.68201,29.71876],[116.79792,29.75594],[116.88013,29.93908],[116.77771,30.03124],[116.65048,30.05067],[116.51333,29.8942],[116.14726,29.78878],[116.04049,30.22144],[115.87663,30.37569],[115.94014,30.50563],[115.76661,30.69441],[116.03538,31.03095],[115.93952,31.03537],[115.87694,31.12937],[115.65633,31.22179],[115.56895,31.16376],[115.37402,31.36628],[115.39113,31.51759],[115.53153,31.73638],[115.90133,31.79449],[115.92815,32.02458],[115.86174,32.51502],[115.9204,32.57437],[115.79007,32.47071],[115.69385,32.49182],[115.64662,32.40244],[115.54667,32.40919],[115.37996,32.55403],[115.1993,32.59147],[115.18938,32.85402],[114.89922,32.97424],[114.88656,33.08341],[115.27909,33.13803],[115.34922,33.26335],[115.34999,33.51687],[115.63457,33.58477],[115.57354,33.75019],[115.6293,33.8446],[115.56135,33.89814],[115.6617,34.0541],[115.96138,34.00015],[115.96773,33.90842],[116.15728,33.71789],[116.6325,33.90457],[116.54294,34.12091],[116.57338,34.27881],[116.38652,34.27649],[116.15377,34.45526],[116.15129,34.56673],[116.42812,34.6397],[116.59803,34.49477],[116.8145,34.39209],[116.94948,34.3893],[117.03392,34.15554],[117.63445,34.00139],[117.69093,33.88351],[117.74866,33.87571],[117.7269,33.72792],[118.16326,33.73675],[118.11546,33.48444],[118.05293,33.47692],[117.93185,33.23513],[118.08073,33.14955],[118.20904,33.19397],[118.29906,32.96796],[118.23747,32.91125],[118.29968,32.77741],[118.38144,32.72984],[118.72017,32.73214],[118.85738,32.9723],[118.99298,32.96205],[119.15338,32.82453],[119.19937,32.59372],[119.08052,32.44608],[118.89748,32.59553],[118.55889,32.58747],[118.59734,32.48685],[118.66679,32.45887],[118.6654,32.24974],[118.50789,32.19752],[118.35022,31.95239],[118.4604,31.89066],[118.48417,31.78444],[118.68013,31.70954],[118.67392,31.64977],[118.77728,31.67416],[118.86575,31.62068],[118.82725,31.39754],[118.73738,31.33388],[118.80363,31.22763],[119.34458,31.28752],[119.3699,31.18836],[119.62978,31.13288]]]}},{"type":"Feature","properties":{"id":"cn-bj","lat":40.2088,"lng":116.61341},"geometry":{"type":"Polygon","coordinates":[[[117.3568,40.25703],[117.30109,40.10432],[116.765,40.01895],[116.78443,39.88563],[116.92871,39.80139],[116.87564,39.68647],[116.79342,39.60231],[116.60439,39.61117],[116.44429,39.53198],[116.43354,39.44235],[116.31763,39.4609],[116.19552,39.57784],[115.93807,39.57547],[115.75591,39.50896],[115.66036,39.59552],[115.46342,39.64321],[115.44094,39.77005],[115.56569,39.80072],[115.42523,39.98547],[115.57763,40.09631],[115.845,40.16057],[115.94303,40.27152],[115.72785,40.55603],[116.03941,40.60191],[116.22611,40.76475],[116.46801,40.76557],[116.35086,40.92613],[116.45406,40.90283],[116.61793,41.04517],[116.6758,40.94014],[116.95883,40.71834],[117.48593,40.66194],[117.18492,40.51205],[117.25055,40.33782],[117.3568,40.25703]]]}},{"type":"Feature","properties":{"id":"cn-cq","lat":30.19059,"lng":107.8581},"geometry":{"type":"Polygon","coordinates":[[[107.81154,30.79802],[107.94921,30.89992],[108.03736,31.2298],[108.17591,31.30613],[108.23224,31.48128],[108.35233,31.51741],[108.52116,31.71982],[108.48085,31.81082],[108.26019,31.94813],[108.34474,32.07355],[108.41688,32.08933],[108.38897,32.18429],[108.51837,32.19757],[109.05591,31.94064],[109.30323,31.70936],[109.65876,31.71812],[109.73261,31.56112],[109.96815,31.50343],[110.14674,31.33111],[110.17486,31.18867],[110.10763,31.12234],[110.1376,31.00017],[110.07864,30.8346],[109.87069,30.88858],[109.39418,30.58374],[109.15244,30.56201],[108.96465,30.60749],[108.73252,30.51971],[108.66131,30.57542],[108.58979,30.50354],[108.43321,30.48729],[108.3806,30.3997],[108.54348,30.28099],[108.53656,29.87435],[108.40478,29.83867],[108.44049,29.74348],[108.51263,29.72186],[108.64079,29.84655],[108.69603,29.69816],[108.88941,29.62235],[108.92057,29.34898],[109.28571,29.03027],[109.24039,28.88271],[109.28106,28.72088],[109.21321,28.6288],[109.28463,28.57348],[109.15533,28.43553],[109.08459,28.1936],[108.73639,28.21554],[108.78373,28.4261],[108.71236,28.4848],[108.64079,28.45857],[108.67913,28.33279],[108.60095,28.34173],[108.57888,28.60673],[108.32303,28.70585],[108.37595,28.79437],[108.29322,29.07724],[108.05457,29.06451],[107.85004,28.9826],[107.77759,29.14595],[107.48665,29.24421],[107.41725,29.13781],[107.49967,29.00306],[107.4466,28.88506],[107.27018,28.80475],[107.13086,28.89803],[107.01551,28.87986],[106.9595,28.79096],[106.84917,28.77302],[106.83723,28.62285],[106.69398,28.48278],[106.55513,28.51524],[106.62774,28.64835],[106.48919,28.83168],[106.52221,28.67267],[106.47446,28.53681],[106.29804,28.67244],[106.22724,28.89679],[106.00038,28.97443],[105.79512,28.93653],[105.73911,29.01224],[105.70366,29.29976],[105.45788,29.31503],[105.29262,29.51047],[105.29107,29.58478],[105.39086,29.69219],[105.54279,29.73072],[105.56775,29.81684],[105.71658,29.87327],[105.74856,30.02078],[105.55286,30.16726],[105.64831,30.21392],[105.62966,30.2734],[105.72826,30.27673],[105.80179,30.43274],[106.12472,30.34233],[106.23902,30.22025],[106.54412,30.33991],[106.72923,30.04995],[107.0182,30.05429],[107.22873,30.23815],[107.4776,30.6095],[107.4528,30.74753],[107.50758,30.822],[107.72152,30.88923],[107.81154,30.79802]]]}},{"type":"Feature","properties":{"id":"cn-fj","lat":25.96552,"lng":117.79219},"geometry":{"type":"MultiPolygon","coordinates":[[[[117.51619,23.71628],[117.42115,23.64646],[117.43156,23.58263],[117.32048,23.57402],[117.39373,23.67919],[117.3405,23.68895],[117.37273,23.76675],[117.51619,23.71628]]],[[[118.1631,24.53197],[118.15382,24.43708],[118.07342,24.4527],[118.09254,24.55622],[118.1631,24.53197]]],[[[119.56324,25.1988],[119.52898,25.16535],[119.44654,25.23599],[119.47608,25.25056],[119.56324,25.1988]]],[[[119.34913,25.54401],[119.33497,25.43797],[119.29689,25.42292],[119.30502,25.54336],[119.34913,25.54401]]],[[[119.8047,25.53262],[119.84653,25.46117],[119.70387,25.42357],[119.67775,25.50121],[119.77833,25.52204],[119.69272,25.59422],[119.73048,25.64615],[119.78175,25.65917],[119.87452,25.55679],[119.8047,25.53262]]],[[[120.40675,27.18423],[120.37623,27.23627],[120.34726,27.24942],[120.292,27.24942],[120.31186,27.31769],[120.19581,27.2978],[120.18238,27.21686],[120.34726,27.24258],[120.34726,27.18049],[120.42172,27.14696],[120.37387,27.14696],[120.37753,27.09858],[120.24366,27.13272],[120.27833,27.06379],[120.21632,27.0371],[120.25522,26.99706],[120.14869,26.98188],[120.23569,26.96638],[120.21909,26.91543],[120.03199,26.89989],[120.02451,26.83788],[120.12818,26.79694],[120.10019,26.74291],[120.14869,26.72118],[120.09034,26.62222],[119.8357,26.5314],[120.06748,26.80048],[119.92514,26.79218],[119.87965,26.65534],[119.82919,26.71499],[119.79176,26.68769],[119.8401,26.79002],[119.79737,26.81639],[119.84628,26.8522],[119.78199,26.82852],[119.7562,26.73774],[119.6858,26.812],[119.72495,26.69782],[119.60605,26.79694],[119.55209,26.74909],[119.60605,26.69452],[119.59986,26.64606],[119.54111,26.65632],[119.59986,26.57038],[119.67506,26.6188],[119.78492,26.57783],[119.79176,26.41332],[119.65366,26.49803],[119.56642,26.4549],[119.64845,26.43745],[119.68189,26.31713],[119.82578,26.42695],[119.8401,26.37857],[119.94996,26.36494],[119.65431,26.27241],[119.66822,26.2215],[119.60011,26.17634],[119.45851,25.98249],[119.43556,25.98135],[119.41505,26.00926],[119.27711,26.05292],[119.21583,26.10008],[119.09352,26.14582],[119.19516,26.08759],[119.24684,25.96723],[119.32985,25.94428],[119.44093,25.96381],[119.51905,26.0445],[119.6954,26.00263],[119.59986,25.84418],[119.56642,25.87206],[119.62086,25.76032],[119.58994,25.68716],[119.44907,25.68716],[119.49244,25.56477],[119.57944,25.58466],[119.5726,25.48786],[119.65455,25.35814],[119.57944,25.34447],[119.57602,25.46735],[119.54444,25.37718],[119.48325,25.37116],[119.50733,25.47443],[119.44703,25.43879],[119.44907,25.50528],[119.35654,25.52692],[119.38087,25.59089],[119.30519,25.60456],[119.2378,25.48176],[119.10255,25.42031],[119.17319,25.32514],[119.20338,25.35814],[119.20126,25.25971],[119.27784,25.33023],[119.34425,25.24238],[119.28126,25.24144],[119.25563,25.1759],[119.1161,25.21378],[119.15309,25.13972],[119.09913,25.11115],[119.02906,25.14053],[119.06886,25.21674],[118.96933,25.22639],[119.0273,25.27824],[118.87558,25.24384],[118.97462,25.18256],[118.84913,25.0738],[118.9537,25.003],[119.00416,25.05024],[119.01767,24.96027],[118.91163,24.95344],[118.952,24.87075],[118.79208,24.8911],[118.71608,24.84357],[118.7295,24.90054],[118.66773,24.95344],[118.67115,24.87466],[118.57203,24.8852],[118.63795,24.77212],[118.70175,24.81004],[118.76295,24.76268],[118.6421,24.6787],[118.62045,24.54548],[118.55397,24.51805],[118.57814,24.56021],[118.42807,24.63133],[118.43124,24.69969],[118.4048,24.60664],[118.219,24.54145],[118.16049,24.69343],[118.11036,24.58405],[118.04444,24.61766],[118.03736,24.56061],[117.97486,24.55272],[118.05812,24.51585],[118.02174,24.44575],[117.79127,24.46748],[117.90732,24.38491],[118.04298,24.40668],[118.01588,24.32685],[118.09059,24.34146],[118.12647,24.26203],[117.97877,24.1621],[117.94361,24.21259],[117.90732,24.18626],[117.89365,24.02802],[117.74806,23.90754],[117.79811,24.0218],[117.76328,24.07026],[117.66708,24.06273],[117.69508,23.95356],[117.59167,23.73706],[117.57106,23.90327],[117.4166,23.94684],[117.4996,23.87407],[117.46348,23.78829],[117.27735,23.78221],[117.27912,23.63627],[117.23896,23.60547],[117.2295,23.69282],[117.17462,23.61635],[117.03651,23.73827],[116.92483,24.0776],[116.96333,24.20692],[116.88571,24.39004],[116.74934,24.53344],[116.77259,24.66278],[116.51659,24.61542],[116.37799,24.83841],[116.26844,24.80776],[115.85601,24.95308],[115.84283,25.19474],[115.97455,25.33205],[116.02757,25.63637],[116.15966,25.77553],[116.13517,25.86633],[116.32926,25.96149],[116.4168,26.13029],[116.39897,26.28754],[116.50527,26.40947],[116.59803,26.4027],[116.61989,26.49823],[116.50496,26.6893],[116.54775,26.87293],[116.66971,26.98691],[116.92344,27.02101],[117.04012,27.10953],[117.15619,27.28221],[117.1011,27.34665],[117.11226,27.56762],[117.28714,27.77262],[117.28424,27.85703],[117.50893,27.97083],[117.74556,27.81329],[117.81739,27.93509],[118.36376,28.09361],[118.34888,28.2198],[118.4081,28.26988],[118.73521,28.32597],[118.80239,28.2227],[118.74813,27.9732],[118.88947,27.72216],[118.89861,27.48773],[119.25673,27.4198],[119.45987,27.5199],[119.53031,27.65839],[119.60436,27.66906],[119.77008,27.31588],[120.24892,27.41016],[120.38829,27.32903],[120.40675,27.18423]]],[[[119.40496,25.97793],[119.25758,26.00145],[119.20924,26.09858],[119.25758,26.04755],[119.40496,25.97793]]],[[[119.62037,26.0642],[119.56528,26.08047],[119.55397,26.09565],[119.59938,26.12812],[119.62037,26.0642]]],[[[120.35255,26.92377],[120.35092,26.97118],[120.38567,26.93517],[120.35255,26.92377]]]]}},{"type":"Feature","properties":{"id":"cn-gd","lat":22.88342,"lng":112.34217},"geometry":{"type":"MultiPolygon","coordinates":[[[[110.47137,20.64737],[110.45167,20.58918],[110.42205,20.66226],[110.47137,20.64737]]],[[[110.60271,20.96491],[110.5892,20.88349],[110.54754,20.91771],[110.60271,20.96491]]],[[[110.52223,20.96259],[110.44142,21.00585],[110.26661,20.97264],[110.24586,21.02757],[110.38982,21.09589],[110.41773,21.04059],[110.52638,21.0821],[110.52223,20.96259]]],[[[110.52068,21.1118],[110.41773,21.18464],[110.54322,21.20417],[110.55494,21.15672],[110.61695,21.19892],[110.52068,21.1118]]],[[[111.99985,21.62116],[111.86329,21.56826],[111.80934,21.5655],[111.8353,21.64395],[111.99985,21.62116]]],[[[112.64536,21.71284],[112.61647,21.61921],[112.5193,21.60668],[112.64536,21.71284]]],[[[112.86256,21.76944],[112.81056,21.5893],[112.7649,21.58186],[112.77442,21.69172],[112.71168,21.70254],[112.77752,21.77265],[112.86256,21.76944]]],[[[113.25766,21.9466],[113.25847,21.88044],[113.22169,21.91413],[113.25766,21.9466]]],[[[113.3235,22.01195],[113.3436,22.06851],[113.41261,22.07599],[113.40577,22.00702],[113.3235,22.01195]]],[[[113.31365,22.0764],[113.27174,22.12002],[113.36476,22.1579],[113.31365,22.0764]]],[[[113.76448,21.96682],[113.75686,22.00039],[113.77592,21.98586],[113.76448,21.96682]]],[[[114.20672,22.02578],[114.28297,22.05256],[114.31007,22.06859],[114.3025,22.04487],[114.20672,22.02578]]],[[[113.51889,22.12727],[113.53891,22.0821],[113.47022,22.07762],[113.46485,22.10814],[113.51889,22.12727]]],[[[113.6496,22.43857],[113.62119,22.39142],[113.61182,22.43047],[113.6496,22.43857]]],[[[113.54676,22.74188],[113.62802,22.59578],[113.47654,22.73127],[113.54676,22.74188]]],[[[113.57985,22.75373],[113.4559,22.83076],[113.39617,22.8981],[113.57301,22.83006],[113.57985,22.75373]]],[[[114.4087,22.61164],[113.9638,22.53811],[113.89034,22.45271],[113.75807,22.7534],[113.65358,22.75873],[113.5923,22.88906],[113.63819,23.0349],[113.59669,22.9182],[113.6172,23.0349],[113.57618,22.93871],[113.53639,23.06314],[113.72022,23.13793],[113.83009,23.1175],[113.70314,23.15778],[113.50912,23.06216],[113.41749,23.09699],[113.50231,23.02042],[113.48398,22.92426],[113.21298,22.90453],[113.35043,22.88972],[113.49423,22.77485],[113.37753,22.7674],[113.59917,22.57518],[113.54636,22.43758],[113.61036,22.37018],[113.58765,22.23788],[113.48374,22.15514],[113.16529,22.57559],[113.16017,22.48762],[113.40197,22.17957],[113.30275,22.1833],[113.25099,22.11567],[113.24716,22.05427],[113.15747,22.0247],[113.08505,22.20759],[113.02064,22.12598],[113.02562,21.94943],[112.91159,21.85629],[112.82602,21.96613],[112.55087,21.77285],[112.42604,21.84516],[112.41114,21.90119],[112.49366,21.96613],[112.39064,21.95551],[112.39747,22.06851],[112.35654,21.97972],[112.40211,21.80142],[112.28623,21.70881],[112.18238,21.753],[112.19264,21.84317],[112.02817,21.79735],[112.04127,21.88418],[111.96925,21.82404],[111.89039,21.92512],[111.90406,21.81525],[112.00025,21.77432],[111.86793,21.6767],[111.83505,21.76683],[111.67807,21.78115],[111.76059,21.72582],[111.78793,21.61603],[111.7129,21.62344],[111.63046,21.52985],[111.58188,21.58186],[111.59555,21.53408],[111.47608,21.51362],[111.43222,21.60297],[111.438,21.53408],[111.3628,21.54121],[111.40431,21.52668],[111.26735,21.43936],[111.30128,21.49933],[111.19239,21.5312],[111.15797,21.51362],[111.22633,21.49933],[111.08839,21.47264],[111.12998,21.49933],[111.0276,21.54092],[110.97975,21.44473],[111.04225,21.48456],[111.06861,21.47264],[110.99293,21.42487],[110.76816,21.39753],[110.65089,21.2604],[110.67758,21.34854],[110.64332,21.32184],[110.63648,21.37027],[110.75538,21.4134],[110.76002,21.44473],[110.63559,21.38105],[110.63648,21.23017],[110.43116,21.19147],[110.42433,21.28767],[110.47885,21.27338],[110.44483,21.30756],[110.48634,21.33552],[110.43393,21.30878],[110.43735,21.39753],[110.35849,21.43574],[110.3895,21.32868],[110.32814,21.33552],[110.39942,21.17658],[110.21884,21.02757],[110.19557,21.07127],[110.14308,20.99226],[110.15675,20.84886],[110.36899,20.84886],[110.40943,20.75096],[110.35646,20.73233],[110.34181,20.82152],[110.30079,20.65705],[110.47885,20.56769],[110.53419,20.47826],[110.40683,20.30516],[110.28028,20.253],[110.03785,20.3017],[109.91725,20.23933],[109.92872,20.32636],[109.8628,20.40632],[109.90358,20.4311],[109.98243,20.35155],[110.00978,20.43423],[109.82211,20.51655],[109.84824,20.59565],[109.82106,20.55463],[109.75156,20.67373],[109.86044,20.71548],[109.78688,20.69115],[109.75953,20.85505],[109.71787,20.80785],[109.66123,20.92756],[109.71168,21.03384],[109.67018,21.12324],[109.7732,21.2154],[109.76572,21.35594],[109.92408,21.36278],[109.95126,21.4584],[109.8414,21.50678],[109.81422,21.4584],[109.74594,21.64868],[109.91053,21.67692],[109.96722,21.86673],[110.36921,21.89086],[110.33356,22.19046],[110.48269,22.14501],[110.62889,22.17219],[110.67638,22.27394],[110.77456,22.28365],[110.67545,22.47824],[110.72681,22.48462],[110.74991,22.57622],[111.03093,22.64213],[111.08322,22.70541],[111.05201,22.73497],[111.19231,22.75179],[111.35122,22.90821],[111.41282,23.0597],[111.36641,23.35085],[111.46759,23.60766],[111.62185,23.67569],[111.65751,23.8417],[111.78959,23.84053],[111.9008,23.99536],[111.86654,24.22718],[112.05009,24.35161],[111.93248,24.69829],[112.09123,24.80916],[112.14306,24.78797],[112.16678,24.90698],[112.12099,24.94928],[112.19112,25.19779],[112.63739,25.13035],[112.71408,24.99951],[112.85092,24.93933],[112.9889,24.96393],[112.96688,25.17237],[113.02848,25.23037],[112.88911,25.24146],[112.85454,25.33378],[112.91304,25.322],[113.21746,25.50558],[113.28774,25.51705],[113.35756,25.42437],[113.52344,25.38558],[113.56953,25.32344],[113.78564,25.34173],[113.8861,25.43726],[114.01209,25.43511],[114.02604,25.26766],[114.29109,25.29313],[114.55304,25.41532],[114.71003,25.28484],[114.68306,25.16345],[114.72931,25.11888],[114.41351,24.97969],[114.31471,24.77474],[114.1696,24.6747],[114.40576,24.50153],[114.64192,24.58527],[114.70724,24.55189],[114.75721,24.63206],[114.87023,24.58803],[115.04696,24.70666],[115.15218,24.68555],[115.42058,24.78456],[115.69152,24.54799],[115.79038,24.56127],[115.75498,24.8196],[115.90345,24.87164],[115.88753,24.91677],[116.26844,24.80776],[116.3721,24.8413],[116.51659,24.61542],[116.77259,24.66278],[116.74934,24.53344],[116.88571,24.39004],[116.96333,24.20692],[116.92483,24.0776],[117.03651,23.73827],[117.17462,23.61635],[117.08423,23.55061],[117.06841,23.65127],[116.9507,23.61088],[116.91652,23.66275],[116.86663,23.45023],[116.77322,23.34943],[116.5232,23.41852],[116.57301,23.32368],[116.74863,23.32629],[116.80482,23.23612],[116.66725,23.28132],[116.7151,23.2438],[116.64675,23.16299],[116.61151,23.23873],[116.50888,23.23412],[116.6045,23.20956],[116.49469,22.93935],[116.21363,22.98281],[116.28146,22.95786],[116.14491,22.84782],[116.09569,22.8259],[116.12372,22.89473],[116.04211,22.93292],[116.07618,22.86787],[115.81003,22.74609],[115.80478,22.81509],[115.68427,22.87778],[115.73032,22.93423],[115.56056,22.84931],[115.54762,22.89541],[115.40602,22.92504],[115.483,22.90184],[115.46803,22.84931],[115.55942,22.83609],[115.61207,22.86359],[115.52702,22.76704],[115.55559,22.71437],[115.5901,22.73721],[115.57522,22.66834],[115.37351,22.69418],[115.33847,22.7331],[115.41121,22.78827],[115.23339,22.78821],[115.31715,22.90453],[115.18027,22.78481],[115.06548,22.79599],[114.98534,22.68931],[114.86252,22.76322],[114.96663,22.67649],[114.89597,22.54752],[114.86582,22.60175],[114.74378,22.6094],[114.74195,22.73265],[114.82125,22.79056],[114.77524,22.81582],[114.52206,22.70596],[114.50661,22.64652],[114.59034,22.64387],[114.49537,22.56196],[114.61769,22.51415],[114.51582,22.45264],[114.4087,22.61164]]],[[[113.55354,22.88581],[113.50996,22.92122],[113.51538,22.96922],[113.54514,22.93776],[113.55354,22.88581]]],[[[117.12257,23.46552],[117.12878,23.39937],[116.94299,23.43006],[117.063,23.47846],[117.12257,23.46552]]],[[[117.00514,23.56293],[116.97096,23.51463],[116.93605,23.53555],[117.00514,23.56293]]]]}},{"type":"Feature","properties":{"id":"cn-gs","lat":37.64158,"lng":102.94751},"geometry":{"type":"Polygon","coordinates":[[[96.36634,42.72292],[97.19068,42.78706],[97.84687,41.61927],[97.65908,41.48388],[97.65898,41.41344],[97.95054,41.11982],[98.32059,40.89192],[98.23445,40.52817],[98.60068,40.54796],[98.82568,40.72656],[99.15744,40.83632],[99.76666,40.90986],[100.06348,40.86996],[100.1903,40.7094],[100.18978,40.58008],[99.91703,40.21904],[99.62703,40.06918],[99.43086,39.87881],[99.762,39.8602],[100.22161,39.68042],[100.31815,39.53337],[100.47333,39.4856],[100.50666,39.41852],[100.81021,39.40387],[100.87661,39.12007],[101.05211,38.99935],[101.21132,39.00834],[101.20636,38.9308],[101.33617,38.81825],[101.31979,38.75815],[101.83108,38.68984],[102.03122,38.87918],[101.83077,39.08242],[102.39311,39.23719],[102.96537,39.11937],[103.46379,39.35719],[104.0606,39.42739],[104.05239,39.32223],[104.21837,39.10309],[104.21682,39.03472],[103.87343,38.64268],[103.4394,38.41363],[103.52896,38.14661],[103.38809,38.10199],[103.42095,37.8603],[103.67872,37.77503],[104.24881,37.39441],[104.47629,37.44376],[104.71757,37.40686],[104.68046,37.37322],[104.72243,37.32845],[104.63644,37.23494],[104.85539,37.21819],[104.96525,37.06384],[105.18018,36.97214],[105.32058,36.79657],[105.22048,36.69295],[105.44796,36.24001],[105.43742,36.10668],[105.33097,36.03243],[105.32058,35.92344],[105.43184,35.75642],[105.5631,35.69999],[105.72557,35.71007],[105.69312,35.64708],[105.82939,35.49365],[105.93615,35.52481],[106.07676,35.47895],[105.90065,35.44678],[105.89796,35.40766],[106.17732,35.41301],[106.37778,35.26067],[106.49012,35.40518],[106.49658,35.47479],[106.41504,35.55091],[106.51089,35.56093],[106.43767,35.71348],[106.72845,35.67705],[106.91092,35.78236],[106.84323,35.8822],[106.93857,35.92391],[106.93981,36.08583],[106.82483,36.20963],[106.49658,36.26835],[106.49291,36.44625],[106.43085,36.50232],[106.49198,36.54263],[106.49601,36.70024],[106.61223,36.73119],[106.64965,36.80003],[106.57482,36.93134],[106.63704,37.00601],[106.64406,37.18166],[106.74721,37.20631],[106.91929,37.10941],[107.24393,37.09825],[107.28785,36.91103],[107.88652,36.75538],[108.0417,36.59774],[108.21875,36.59859],[108.69588,36.367],[108.64436,36.24854],[108.69913,36.13593],[108.67495,35.99982],[108.49046,35.87107],[108.6149,35.38451],[108.5039,35.27482],[108.15498,35.29056],[107.97184,35.22261],[107.74167,35.31836],[107.67222,35.22059],[107.84244,34.99812],[107.72451,34.95316],[107.31048,34.94324],[107.21085,34.89177],[106.91485,35.08905],[106.5834,35.08489],[106.49121,35.03011],[106.54319,34.82005],[106.31773,34.58334],[106.36837,34.52022],[106.59632,34.47293],[106.67362,34.38467],[106.67879,34.26039],[106.49679,34.26649],[106.58743,34.13745],[106.52438,34.12097],[106.4232,33.92516],[106.4909,33.85558],[106.46671,33.72425],[106.55761,33.63428],[106.54288,33.56343],[106.47121,33.5487],[106.39266,33.61883],[106.1706,33.56224],[106.00565,33.61495],[105.84091,33.50519],[105.71534,33.35316],[105.92468,33.2241],[105.89176,32.9854],[105.66707,32.8875],[105.41334,32.90189],[105.3752,32.84761],[105.43721,32.74645],[105.26999,32.6417],[105.19475,32.66165],[105.11268,32.59434],[104.64543,32.65788],[104.2995,32.83792],[104.29072,32.92311],[104.41578,33.03447],[104.28204,33.2821],[104.3858,33.32008],[104.17466,33.49015],[104.14453,33.6396],[103.53128,33.70631],[103.54141,33.81742],[103.3901,33.75773],[103.22856,33.78331],[103.14738,33.93026],[103.14056,34.14727],[102.91246,34.29971],[102.5885,34.1604],[102.63516,34.08851],[102.17121,33.94175],[102.32484,33.75179],[102.29069,33.72512],[102.34314,33.72518],[102.35601,33.6094],[102.48184,33.54015],[102.48184,33.46504],[101.85278,33.12209],[101.82472,33.24828],[101.92508,33.42168],[101.88399,33.54633],[101.79537,33.60508],[101.77754,33.53005],[101.62313,33.50715],[101.50893,33.70487],[101.37689,33.63958],[101.1705,33.65443],[101.12947,33.85065],[100.94798,33.92976],[100.79171,34.15487],[100.80649,34.27806],[100.93527,34.38632],[101.56985,34.20817],[101.78038,34.06751],[102.1538,34.28576],[102.21607,34.36431],[102.15028,34.49508],[101.95923,34.55825],[101.91391,34.6614],[101.79335,34.63189],[101.75506,34.70367],[101.90694,34.75571],[101.93241,34.87898],[102.26712,35.05587],[102.37445,35.17356],[102.26025,35.29035],[102.29813,35.42063],[102.42644,35.4353],[102.53496,35.53563],[102.70219,35.52403],[102.70033,35.83947],[102.97602,35.83329],[102.99953,35.99075],[102.92843,36.06782],[103.04036,36.2165],[102.81856,36.32605],[102.76973,36.49757],[102.59852,36.67239],[102.67862,36.79504],[102.46013,36.95565],[102.55062,37.16383],[102.42665,37.27806],[102.04011,37.46484],[102.06724,37.5483],[101.96559,37.73486],[101.7656,37.52497],[101.04978,37.96373],[100.63575,38.1054],[100.53012,38.2742],[100.33024,38.32071],[100.14079,38.48584],[100.08307,38.3945],[100.15847,38.20744],[99.79988,38.36572],[99.09925,38.88964],[99.08189,38.96863],[98.78191,39.06769],[98.60223,38.9476],[98.32431,39.02325],[98.06862,38.80184],[97.36256,39.15043],[97.01328,39.19208],[96.96161,39.11208],[96.97122,38.56726],[96.95866,38.38719],[96.91226,38.35084],[96.53243,38.45765],[96.50835,38.54483],[96.30056,38.63299],[96.05479,38.67883],[96.01861,38.7459],[95.70282,38.88323],[95.3137,39.18128],[95.00596,39.1512],[94.63105,39.29538],[94.14989,39.32427],[93.73385,39.30853],[92.93596,39.15286],[92.95146,39.44168],[92.7645,39.86243],[92.91534,40.09331],[92.94154,40.47257],[93.28633,40.46926],[93.57747,40.58796],[94.01104,41.10403],[94.58092,41.58521],[95.05826,41.78856],[95.86395,41.85502],[96.0444,42.01315],[96.06285,42.55926],[96.36634,42.72292]]]}},{"type":"Feature","properties":{"id":"cn-gx","lat":23.91083,"lng":109.00939},"geometry":{"type":"MultiPolygon","coordinates":[[[[109.1277,21.03217],[109.09986,21.0607],[109.12273,21.06542],[109.1277,21.03217]]],[[[105.85388,22.90465],[105.55157,23.05968],[105.52133,23.16315],[105.63172,23.3517],[105.69239,23.34736],[105.84804,23.51939],[105.98302,23.46903],[106.1241,23.53058],[106.13309,23.80749],[106.19996,23.84793],[106.15743,23.97373],[106.01516,24.05944],[106.01423,24.11362],[105.87223,24.02471],[105.66738,24.06091],[105.6016,24.14152],[105.44719,24.0376],[105.29671,24.12935],[105.27061,24.07747],[105.17552,24.14594],[105.17552,24.31562],[105.09341,24.42688],[104.73545,24.46567],[104.69287,24.4274],[104.72811,24.34247],[104.67891,24.33327],[104.56926,24.44342],[104.49464,24.69821],[104.55603,24.74536],[104.72935,24.63139],[105.01248,24.79748],[105.04809,24.89538],[105.1887,25.00878],[105.2672,24.93822],[105.43081,24.93411],[105.50863,24.81745],[105.80567,24.70712],[105.91646,24.72872],[106.02074,24.64191],[106.19944,24.82985],[106.15572,24.96036],[106.45669,25.03609],[106.6668,25.1735],[106.98621,25.24293],[107.01551,25.34783],[106.97459,25.44044],[107.07794,25.52844],[107.24424,25.5586],[107.47719,25.27996],[107.47357,25.21949],[107.6409,25.31277],[107.67687,25.20603],[107.74498,25.22626],[107.77604,25.15299],[107.87396,25.14805],[108.10966,25.2358],[108.13415,25.3914],[108.29337,25.5387],[108.42111,25.5087],[108.59847,25.31132],[108.56803,25.44721],[108.69464,25.602],[108.75949,25.60859],[108.77411,25.52193],[109.00346,25.5141],[109.04475,25.71667],[108.87835,25.65035],[108.8709,25.70747],[109.08536,25.80543],[109.12805,25.74941],[109.17352,25.80897],[109.29207,25.73577],[109.38705,25.98126],[109.47082,26.04634],[109.60316,26.05267],[109.67225,25.98531],[109.65752,25.89863],[109.75943,25.90258],[109.78134,26.02376],[109.95854,26.19538],[110.06205,26.14993],[110.03363,26.0365],[110.16457,26.04704],[110.247,25.97821],[110.35283,26.12665],[110.53654,26.22486],[110.56279,26.34692],[110.68862,26.33232],[110.71327,26.27615],[110.87895,26.27522],[110.94726,26.38989],[111.27345,26.25775],[111.19448,25.96635],[111.2429,25.87806],[111.47612,25.89586],[111.31995,25.72505],[111.28275,25.43002],[111.17133,25.37238],[111.09904,25.21373],[110.99321,25.15076],[110.9546,25.02535],[111.00628,24.93546],[111.07904,24.94424],[111.26399,25.14387],[111.38858,25.13477],[111.46186,25.01948],[111.43251,24.67749],[111.51695,24.64266],[111.66712,24.77968],[111.99531,24.74658],[111.92302,24.6331],[112.00555,24.55307],[112.05009,24.35161],[111.86654,24.22718],[111.9008,23.99536],[111.78959,23.84053],[111.65751,23.8417],[111.62185,23.67569],[111.46759,23.60766],[111.36641,23.35085],[111.41282,23.0597],[111.35122,22.90821],[111.19231,22.75179],[111.05201,22.73497],[111.08322,22.70541],[111.03093,22.64213],[110.74991,22.57622],[110.72681,22.48462],[110.67545,22.47824],[110.77224,22.27802],[110.68211,22.27802],[110.59891,22.15989],[110.33356,22.19046],[110.375,21.89629],[109.96722,21.86673],[109.91053,21.67692],[109.74594,21.64868],[109.74147,21.47403],[109.64967,21.52045],[109.67701,21.62344],[109.608,21.5751],[109.56772,21.76],[109.49269,21.69855],[109.52101,21.66576],[109.46469,21.66446],[109.57277,21.58173],[109.53077,21.49164],[109.24496,21.43163],[109.23878,21.48566],[109.21461,21.41743],[109.13868,21.4016],[109.05014,21.43716],[109.14259,21.5102],[109.13575,21.60297],[109.0464,21.60297],[109.06674,21.64395],[108.92799,21.61506],[108.85523,21.68496],[108.92408,21.76683],[108.80136,21.81835],[108.84352,21.74502],[108.77955,21.72582],[108.86142,21.64395],[108.74537,21.60297],[108.72486,21.7464],[108.6832,21.70539],[108.64918,21.73334],[108.67701,21.81525],[108.59449,21.74018],[108.57138,21.81281],[108.63551,21.89033],[108.56031,21.89549],[108.57333,21.95181],[108.49147,21.85627],[108.45802,21.91767],[108.50514,21.78791],[108.47779,21.69855],[108.56544,21.67853],[108.47096,21.562],[108.38966,21.5751],[108.47096,21.67129],[108.34132,21.72582],[108.28378,21.54474],[108.21103,21.50064],[108.25278,21.58853],[108.20606,21.64256],[108.17636,21.57575],[107.99122,21.54841],[108.08058,21.48566],[107.97071,21.43163],[107.99122,21.48566],[107.81164,21.64783],[107.50132,21.58153],[107.42603,21.65207],[107.34816,21.59935],[107.27266,21.71831],[107.17235,21.71506],[107.0029,21.81056],[107.00936,21.92745],[106.72876,22.00832],[106.65311,21.96889],[106.66293,22.2233],[106.63378,22.30944],[106.5418,22.3451],[106.52691,22.43827],[106.57714,22.59531],[106.68019,22.57945],[106.78984,22.79719],[106.48779,22.92542],[106.2554,22.85465],[106.1321,22.97501],[105.85388,22.90465]]]]}},{"type":"Feature","properties":{"id":"cn-gz","lat":26.9269,"lng":106.61012},"geometry":{"type":"Polygon","coordinates":[[[107.49611,29.2461],[107.57993,29.17827],[107.77759,29.14595],[107.85004,28.9826],[108.05457,29.06451],[108.29616,29.07593],[108.37595,28.79437],[108.33032,28.68915],[108.57888,28.60673],[108.60746,28.3352],[108.6813,28.3377],[108.64994,28.47095],[108.78094,28.43214],[108.73639,28.21554],[109.08459,28.1936],[109.16314,28.44989],[109.25838,28.50591],[109.26385,28.32222],[109.35863,28.24807],[109.29589,28.08314],[109.36746,28.04612],[109.31083,27.88765],[109.44193,27.59108],[109.27688,27.43853],[109.13564,27.41119],[108.89003,27.13101],[108.78791,27.09411],[108.8922,27.00902],[109.09549,27.13444],[109.14758,27.07788],[109.22582,27.15307],[109.38188,27.15186],[109.5042,27.05427],[109.44384,26.89792],[109.51552,26.83392],[109.28137,26.71106],[109.40674,26.59724],[109.2916,26.33751],[109.40689,26.26377],[109.45671,26.03885],[109.30044,25.74305],[109.24241,25.7313],[109.1667,25.80943],[109.13859,25.74799],[109.08536,25.80543],[108.92651,25.76029],[108.86548,25.6581],[109.04133,25.72039],[109.04144,25.54335],[108.77411,25.52193],[108.75949,25.60859],[108.69464,25.602],[108.56803,25.44721],[108.59847,25.31132],[108.42111,25.5087],[108.29337,25.5387],[108.13415,25.3914],[108.10966,25.2358],[107.86187,25.14596],[107.77604,25.15299],[107.74498,25.22626],[107.67687,25.20603],[107.6409,25.31277],[107.47357,25.21949],[107.47719,25.27996],[107.24424,25.5586],[107.07794,25.52844],[106.97459,25.44044],[107.01551,25.34783],[106.98621,25.24293],[106.6668,25.1735],[106.45669,25.03609],[106.15572,24.96036],[106.19944,24.82985],[106.02074,24.64191],[105.91646,24.72872],[105.80567,24.70712],[105.50863,24.81745],[105.43081,24.93411],[105.2672,24.93822],[105.1887,25.00878],[105.04809,24.89538],[105.01248,24.79748],[104.88965,24.76539],[104.84107,24.69495],[104.72935,24.63139],[104.63034,24.68291],[104.53985,24.74177],[104.54564,24.81342],[104.70051,24.99896],[104.71974,25.21094],[104.78909,25.25076],[104.56584,25.38119],[104.5461,25.50129],[104.43345,25.50067],[104.42988,25.57138],[104.3087,25.65239],[104.29863,25.7545],[104.38849,25.77153],[104.39004,25.94361],[104.49898,26.03079],[104.54518,26.27041],[104.67695,26.38162],[104.41717,26.71816],[104.33061,26.63127],[104.12375,26.6439],[104.02707,26.51538],[103.82925,26.54711],[103.71515,26.81596],[103.7783,26.95587],[103.71132,27.04682],[103.63712,27.01843],[103.59929,27.08313],[103.92371,27.39502],[104.17435,27.27151],[104.361,27.44701],[104.50967,27.31929],[104.86402,27.30792],[105.06876,27.41119],[105.19738,27.39864],[105.29696,27.72174],[105.36838,27.76371],[105.51953,27.77707],[105.64692,27.67813],[106.28574,27.7959],[106.34538,27.83494],[106.30269,27.99103],[106.18146,28.14175],[105.89176,28.15389],[105.86602,28.25835],[105.65219,28.33116],[105.6188,28.49147],[105.67947,28.57913],[105.89191,28.60931],[105.97527,28.75522],[106.32563,28.47144],[106.38243,28.57249],[106.48873,28.54097],[106.5219,28.68504],[106.47632,28.83475],[106.62774,28.64835],[106.55513,28.51524],[106.73016,28.48333],[106.76199,28.59089],[106.83723,28.62285],[106.84917,28.77302],[106.9595,28.79096],[107.01551,28.87986],[107.13086,28.89803],[107.27018,28.80475],[107.4466,28.88506],[107.49967,29.00306],[107.41725,29.13781],[107.49611,29.2461]]]}},{"type":"Feature","properties":{"id":"cn-ha","lat":33.88581,"lng":113.09059},"geometry":{"type":"Polygon","coordinates":[[[113.72105,36.35587],[114.00449,36.35331],[114.15627,36.24668],[114.34308,36.24471],[114.56064,36.13438],[114.84227,36.14865],[114.93069,36.05656],[115.11244,36.18601],[115.23439,36.16999],[115.32209,36.07788],[115.46032,36.15787],[115.42399,35.9946],[115.33387,35.93114],[115.33108,35.77373],[115.46823,35.91293],[116.09031,36.07863],[116.03367,35.96581],[115.94396,35.97977],[115.86345,35.92504],[115.87378,35.86551],[115.50425,35.72283],[115.34162,35.55545],[115.34038,35.48517],[115.06836,35.38012],[114.85157,35.17816],[114.83421,35.01618],[115.18163,34.93999],[115.21605,34.83573],[115.42927,34.77971],[115.4428,34.66005],[115.53076,34.58006],[116.10085,34.60773],[116.16338,34.53474],[116.15671,34.4473],[116.36931,34.28607],[116.57338,34.27881],[116.54294,34.12091],[116.64118,33.95323],[116.42373,33.7923],[116.16617,33.7167],[115.96773,33.90842],[115.96138,34.00015],[115.6617,34.0541],[115.56135,33.89814],[115.6293,33.8446],[115.57354,33.75019],[115.63457,33.58477],[115.34999,33.51687],[115.34922,33.26335],[115.27909,33.13803],[114.88656,33.08341],[114.89922,32.97424],[115.18938,32.85402],[115.1993,32.59147],[115.37996,32.55403],[115.54667,32.40919],[115.64662,32.40244],[115.69385,32.49182],[115.79007,32.47071],[115.9204,32.57437],[115.86174,32.51502],[115.92815,32.02458],[115.90133,31.79449],[115.53153,31.73638],[115.33837,31.40276],[115.2114,31.45513],[115.15941,31.60345],[115.03776,31.48598],[114.79075,31.48376],[114.54787,31.57288],[114.53547,31.74845],[114.36184,31.73427],[114.14955,31.84955],[113.95809,31.75031],[113.95716,31.83829],[113.87215,31.84695],[113.79112,31.97924],[113.75236,32.1376],[113.7843,32.35229],[113.72921,32.41926],[113.43595,32.28875],[113.2187,32.41027],[113.1124,32.38156],[113.04584,32.42523],[112.7608,32.35032],[112.30429,32.34467],[111.77926,32.52037],[111.65797,32.62253],[111.54557,32.59677],[111.21448,32.92473],[111.10431,33.15346],[110.99413,33.21988],[110.97708,33.58387],[110.8005,33.69603],[110.74924,33.8028],[110.59829,33.87349],[110.64423,33.96961],[110.59333,34.04586],[110.61829,34.16246],[110.44621,34.2444],[110.47262,34.3656],[110.32942,34.46319],[110.33604,34.61585],[110.64764,34.60215],[110.88381,34.6661],[110.91083,34.73251],[110.98995,34.72196],[111.13867,34.81922],[111.55767,34.8634],[111.82943,35.08256],[112.03815,35.04577],[112.05846,35.23449],[112.52598,35.22028],[112.6746,35.31219],[112.90275,35.24059],[113.46763,35.50564],[113.60958,35.6341],[113.59031,35.78665],[113.72105,36.35587]]]}},{"type":"Feature","properties":{"id":"cn-hb","lat":31.19277,"lng":112.84009},"geometry":{"type":"Polygon","coordinates":[[[110.02231,30.82277],[110.12768,30.90641],[110.14674,31.33111],[109.96815,31.50343],[109.73261,31.56112],[109.70326,31.6737],[109.58301,31.74618],[109.6738,32.06936],[109.48606,32.34666],[109.63964,32.59483],[110.02091,32.55047],[110.07383,32.61656],[110.16829,32.62235],[110.15496,32.72958],[110.08205,32.8482],[109.73959,32.93001],[109.74904,33.08705],[109.44756,33.16798],[109.5228,33.24128],[109.65969,33.26409],[110.23444,33.15632],[110.43861,33.17446],[110.53933,33.24611],[110.61044,33.14888],[110.74774,33.09589],[110.81756,33.1949],[110.9746,33.26647],[111.10881,33.14803],[111.21448,32.92473],[111.54557,32.59677],[111.65797,32.62253],[111.77926,32.52037],[112.30429,32.34467],[112.7608,32.35032],[113.04584,32.42523],[113.1124,32.38156],[113.2187,32.41027],[113.43595,32.28875],[113.72921,32.41926],[113.7843,32.35229],[113.75236,32.1376],[113.79112,31.97924],[113.87215,31.84695],[113.95716,31.83829],[113.95809,31.75031],[114.14955,31.84955],[114.36184,31.73427],[114.53547,31.74845],[114.54787,31.57288],[114.79075,31.48376],[115.03776,31.48598],[115.16592,31.60146],[115.2114,31.45513],[115.27801,31.39615],[115.37402,31.41754],[115.38038,31.35052],[115.56895,31.16376],[115.65633,31.22179],[115.87694,31.12937],[115.93952,31.03537],[116.03538,31.03095],[115.76661,30.69441],[115.94014,30.50563],[115.87663,30.37569],[116.04049,30.22144],[116.14726,29.78878],[115.88887,29.73183],[115.70516,29.86081],[115.48621,29.86428],[115.34271,29.64028],[115.08122,29.65573],[115.14019,29.58752],[115.11393,29.50691],[114.96547,29.55778],[114.7582,29.36097],[114.70869,29.38952],[114.46323,29.31723],[114.28939,29.35844],[114.24376,29.24212],[114.06346,29.20315],[113.90238,29.06634],[113.77283,29.1253],[113.70193,29.07239],[113.5809,29.25305],[113.72952,29.44554],[113.64942,29.67628],[113.53326,29.6933],[113.59031,29.87996],[113.06646,29.44236],[113.03287,29.51905],[112.93582,29.48053],[112.90849,29.6008],[113.01293,29.77299],[112.93629,29.6933],[112.88616,29.79177],[112.66489,29.63194],[112.45089,29.644],[112.28191,29.53693],[112.2138,29.6731],[112.17282,29.64561],[111.92364,29.85639],[111.75476,29.92471],[111.39623,29.92469],[111.24616,30.03173],[110.74185,30.09617],[110.7156,30.02964],[110.54336,30.05501],[110.46316,30.01398],[110.50657,29.9846],[110.47339,29.90626],[110.59116,29.77136],[110.42745,29.72217],[110.37686,29.65354],[110.1039,29.78542],[109.7832,29.73493],[109.68512,29.60073],[109.46586,29.56641],[109.20659,29.10424],[108.92057,29.34898],[108.88941,29.62235],[108.69603,29.69816],[108.64079,29.84655],[108.51263,29.72186],[108.44049,29.74348],[108.40044,29.83107],[108.53108,29.8658],[108.55051,29.99951],[108.53883,30.30288],[108.38039,30.38861],[108.43321,30.48729],[108.58979,30.50354],[108.66131,30.57542],[108.73252,30.51971],[108.96465,30.60749],[109.37775,30.58025],[109.87069,30.88858],[110.02231,30.82277]]]}},{"type":"Feature","properties":{"id":"cn-he","lat":39.28061,"lng":115.64109},"geometry":{"type":"MultiPolygon","coordinates":[[[[118.64867,39.05585],[118.59432,38.9722],[118.48028,38.93482],[118.48819,39.05049],[118.55972,39.00312],[118.64867,39.05585]]],[[[117.54355,38.62132],[117.83716,38.27091],[117.77517,38.23581],[117.75408,38.12816],[117.56867,38.04892],[117.41317,37.84369],[116.78195,37.83384],[116.42517,37.48071],[116.35009,37.62091],[116.21991,37.46236],[116.22653,37.36346],[115.97719,37.32379],[115.77302,36.9457],[115.66439,36.81527],[115.47784,36.75357],[115.27615,36.47974],[115.34984,36.30897],[115.45583,36.22709],[115.46032,36.15787],[115.34968,36.08219],[115.1898,36.18293],[115.10608,36.18456],[114.93069,36.05656],[114.84227,36.14865],[114.56064,36.13438],[114.34308,36.24471],[114.07353,36.27161],[113.9893,36.35902],[113.72105,36.35587],[113.53512,36.48338],[113.54736,36.54852],[113.44029,36.72515],[113.60777,36.76907],[113.67924,36.8716],[113.77081,36.86819],[113.75433,37.11494],[114.05152,37.49797],[114.10645,37.66938],[113.79066,38.15286],[113.53946,38.25214],[113.5345,38.53729],[113.82512,38.81027],[113.75423,38.93127],[113.85334,39.07229],[114.02119,39.11927],[114.11668,39.06557],[114.26799,39.08208],[114.40561,39.18391],[114.54095,39.53123],[114.40214,39.65846],[114.38809,39.85762],[114.05803,39.92449],[113.92445,40.02908],[113.99597,40.13181],[114.06082,40.08667],[114.09963,40.19682],[114.51077,40.33356],[114.29512,40.36679],[114.1541,40.74258],[113.8228,41.09418],[113.9877,41.16984],[113.98026,41.24865],[113.91029,41.28611],[113.92796,41.41835],[114.01674,41.52548],[114.19037,41.58421],[114.23192,41.8269],[114.41971,41.9563],[114.52291,42.11588],[114.80486,42.17841],[114.92309,41.9271],[114.87715,41.61245],[115.23997,41.58604],[115.34131,41.61586],[115.33976,41.72084],[115.88009,41.93341],[116.05662,41.79848],[116.37753,42.00968],[116.59974,41.92372],[116.7973,41.987],[116.88943,42.06338],[116.82659,42.30817],[116.88711,42.39537],[117.10343,42.47612],[117.4124,42.45808],[117.52939,42.62024],[117.59363,42.55159],[117.80188,42.60975],[118.02425,42.38263],[118.0413,42.27825],[117.98932,42.22161],[118.09856,42.17564],[118.12481,42.02932],[118.27715,42.06245],[118.30289,41.78556],[118.2632,41.75234],[118.18341,41.79667],[118.15163,41.75048],[118.23121,41.59942],[118.31364,41.56956],[118.29472,41.46062],[118.3589,41.32262],[118.8089,41.38285],[118.86714,41.33655],[119.23828,41.31983],[119.16351,41.1764],[118.93711,41.06054],[119.01034,40.97626],[118.90218,40.95662],[118.84926,40.82983],[119.06155,40.65137],[119.191,40.70041],[119.18976,40.62011],[119.29363,40.5307],[119.56369,40.54006],[119.63474,40.20907],[119.74259,40.2052],[119.74182,40.09047],[119.85019,39.98631],[119.53559,39.89083],[119.5307,39.8147],[119.36787,39.74835],[119.28492,39.59544],[119.20859,39.56957],[119.22934,39.53596],[119.2814,39.57501],[119.27943,39.38401],[118.91041,39.12543],[118.96998,39.19331],[118.88063,39.1728],[118.87379,39.21381],[118.79599,39.15178],[118.52711,39.14924],[118.3261,39.03093],[118.00956,39.21855],[118.00792,39.34266],[117.8762,39.4246],[117.90508,39.55389],[117.75625,39.58151],[117.71357,39.53314],[117.62479,39.57846],[117.62727,39.66047],[117.53312,39.75042],[117.50299,39.99291],[117.77269,39.9649],[117.75532,40.05817],[117.28796,40.29785],[117.18415,40.49727],[117.24311,40.57016],[117.48593,40.66194],[116.95883,40.71834],[116.66805,40.94794],[116.64273,41.04561],[116.45406,40.90283],[116.35086,40.92613],[116.46801,40.76557],[116.22611,40.76475],[116.03941,40.60191],[115.72785,40.55603],[115.94303,40.27152],[115.845,40.16057],[115.57763,40.09631],[115.42523,39.98547],[115.56569,39.80072],[115.44094,39.77005],[115.47195,39.62916],[115.66036,39.59552],[115.75591,39.50896],[115.93807,39.57547],[116.19552,39.57784],[116.41039,39.44044],[116.4646,39.4663],[116.42827,39.52141],[116.56439,39.59753],[116.79342,39.60231],[116.85316,39.35225],[116.82613,39.21655],[116.91011,39.13007],[116.6958,38.99338],[116.72345,38.80321],[116.8975,38.69278],[117.03563,38.70772],[117.07273,38.62415],[117.24853,38.56315],[117.54355,38.62132]]],[[[117.23908,40.09262],[117.14983,39.93684],[117.26311,39.85124],[117.1843,39.80879],[117.16942,39.62725],[116.87564,39.68647],[116.92871,39.80139],[116.78443,39.88563],[116.765,40.01895],[117.23908,40.09262]]]]}},{"type":"Feature","properties":{"id":"cn-hi","lat":19.16275,"lng":109.58277},"geometry":{"type":"Polygon","coordinates":[[[110.93458,19.99506],[111.03468,19.64224],[110.87647,19.53978],[110.82179,19.56778],[110.84767,19.62246],[110.79444,19.60126],[110.79623,19.4846],[110.66969,19.38174],[110.58033,19.15518],[110.47918,19.16926],[110.55494,19.08735],[110.58229,19.15005],[110.51336,18.9064],[110.43149,18.82148],[110.49285,18.79312],[110.50343,18.8819],[110.53443,18.78563],[110.469,18.77717],[110.40349,18.66279],[110.33522,18.67333],[110.4109,18.69013],[110.40349,18.70376],[110.27084,18.66816],[110.08814,18.50434],[110.03419,18.51195],[110.08253,18.47777],[110.04029,18.38227],[109.9686,18.38984],[110.01368,18.40892],[110.02052,18.45051],[109.7461,18.3959],[109.73178,18.27302],[109.67042,18.27302],[109.73927,18.25873],[109.70875,18.20722],[109.67726,18.24506],[109.56121,18.16934],[109.56121,18.25873],[109.47869,18.19269],[109.50652,18.25275],[109.43995,18.28897],[109.16261,18.28783],[109.136,18.36115],[108.9909,18.36872],[108.68491,18.5152],[108.61525,19.10163],[108.68344,19.15624],[108.62696,19.27497],[108.68653,19.37787],[108.94483,19.49201],[109.00847,19.59707],[109.21119,19.7248],[109.30738,19.71113],[109.2732,19.79365],[109.16334,19.7248],[109.25514,19.89834],[109.31137,19.9195],[109.46502,19.83405],[109.58172,19.8557],[109.52019,19.88247],[109.52703,19.95136],[109.719,20.01065],[109.71811,19.95751],[109.81593,19.9912],[109.83546,19.93085],[109.94264,19.99091],[109.99008,19.90595],[110.01368,19.95751],[110.12273,19.97431],[110.14959,20.00658],[110.06821,19.98485],[110.15699,20.06737],[110.34474,20.05805],[110.41773,19.92341],[110.38299,20.08104],[110.57545,19.99917],[110.60581,19.92316],[110.56617,20.06952],[110.67791,20.16356],[110.78834,20.0104],[110.93458,19.99506]]]}},{"type":"Feature","properties":{"id":"cn-hl","lat":48.50921,"lng":127.5803},"geometry":{"type":"Polygon","coordinates":[[[123.27731,53.56944],[123.48154,53.51808],[123.5144,53.56242],[123.54189,53.5141],[123.61429,53.56335],[123.87655,53.48867],[124.12181,53.35269],[124.25307,53.3755],[124.4082,53.23569],[124.6516,53.20877],[124.87014,53.108],[124.91918,53.19394],[125.12743,53.20655],[125.52131,53.04242],[125.62135,53.06214],[125.73355,52.98165],[125.64647,52.88489],[125.83736,52.90672],[125.97694,52.765],[126.08804,52.77541],[126.03513,52.72712],[126.06861,52.67989],[125.98278,52.65304],[125.99084,52.58643],[126.21233,52.53305],[126.20034,52.46708],[126.27599,52.46328],[126.35072,52.37691],[126.31573,52.31621],[126.43929,52.27529],[126.31671,52.19976],[126.55598,52.13064],[126.43929,51.99786],[126.72558,51.70873],[126.6769,51.57659],[126.80743,51.53422],[126.8003,51.41896],[126.90944,51.3911],[126.80898,51.28907],[126.86991,51.25173],[126.89937,51.31651],[126.97218,51.324],[126.90515,51.20812],[126.93177,51.06378],[127.28735,50.75101],[127.36709,50.57779],[127.28895,50.46602],[127.35851,50.41512],[127.33066,50.3282],[127.59064,50.20872],[127.48667,50.02563],[127.53865,49.78993],[127.64428,49.76714],[127.7036,49.66064],[127.85465,49.58488],[128.1983,49.53899],[128.67187,49.61144],[128.80168,49.56514],[128.76013,49.47088],[128.99815,49.44127],[129.11535,49.34877],[129.21788,49.39079],[129.34097,49.34117],[129.3787,49.42505],[129.4806,49.42127],[129.55181,49.29048],[129.71118,49.27415],[129.92647,49.02569],[130.2018,48.8826],[130.67433,48.87082],[130.52974,48.61626],[130.62017,48.5605],[130.62637,48.48226],[130.75897,48.48572],[130.74327,48.41159],[130.82398,48.29416],[130.67474,48.13593],[130.67474,48.06394],[130.90698,47.88426],[130.96568,47.70394],[131.10386,47.67655],[131.4409,47.74117],[131.60326,47.66154],[132.33242,47.73652],[132.52465,47.70753],[132.67462,47.95061],[132.80588,47.9362],[133.09196,48.10678],[133.52439,48.09544],[133.73791,48.25109],[134.38635,48.38134],[134.71873,48.26341],[134.68297,48.13551],[134.55936,48.00952],[134.77258,47.71073],[134.55688,47.47119],[134.31287,47.42013],[134.18357,47.3275],[134.15412,47.25789],[134.22729,47.11774],[134.06916,46.98124],[134.0148,46.66503],[133.84581,46.47065],[133.93387,46.39076],[133.86338,46.33929],[133.91599,46.31299],[133.90245,46.25899],[133.68737,46.14184],[133.72003,46.06375],[133.65813,45.93451],[133.47726,45.8201],[133.47726,45.62771],[133.17981,45.49381],[133.10188,45.28721],[133.11542,45.12304],[132.92122,45.0279],[131.96882,45.23398],[131.85307,45.3376],[131.72315,45.21533],[131.62776,45.19848],[131.60905,45.0897],[131.43376,44.96129],[131.05157,44.90904],[130.93343,44.84171],[131.06583,44.68203],[131.26447,44.05421],[131.2067,43.97478],[131.16071,43.53277],[131.25285,43.46917],[131.12371,43.4327],[131.00299,43.50902],[130.84998,43.43828],[130.6194,43.61605],[130.40044,43.67496],[130.32877,44.04832],[130.10361,43.84544],[130.03318,43.85562],[130.00011,43.98357],[129.91293,44.0216],[129.80554,43.96936],[129.77201,43.87908],[129.28434,43.80084],[129.21741,43.75041],[129.23338,43.61212],[128.99211,43.53667],[128.86612,43.57155],[128.74742,43.80219],[128.44594,44.15395],[128.43875,44.4008],[128.37002,44.49806],[128.20693,44.44049],[128.13619,44.34169],[128.04617,44.35791],[128.03981,44.11328],[127.77869,44.0692],[127.49282,44.41091],[127.51302,44.51826],[127.58284,44.53837],[127.55555,44.57718],[127.17242,44.65826],[127.04499,44.59823],[126.97828,44.8261],[127.07662,44.934],[126.9527,45.1342],[126.55934,45.24675],[126.15047,45.14117],[125.91038,45.20665],[125.70776,45.34943],[125.69934,45.512],[125.45139,45.48487],[125.37481,45.39847],[125.08294,45.38607],[125.04165,45.49293],[124.91561,45.53283],[124.86135,45.44436],[124.39559,45.45149],[124.35234,45.54187],[124.27482,45.55035],[124.22356,45.63551],[124.1492,45.62223],[124.16501,45.66285],[124.01355,45.76865],[124.06197,45.87167],[123.97515,45.93983],[124.03892,46.03445],[123.95427,46.29242],[123.35612,46.23516],[123.23385,46.26586],[123.16166,46.22007],[122.98891,46.40657],[123.01009,46.60269],[123.39725,46.59783],[123.60871,46.77464],[123.59182,46.87564],[123.50428,46.81433],[123.37999,46.89807],[123.19411,46.76417],[123.1244,46.77534],[122.78768,47.04072],[122.57405,47.13113],[122.40522,47.33169],[122.56537,47.53116],[123.20683,47.81383],[123.28656,47.94131],[123.57755,48.05433],[124.23405,48.53084],[124.30376,48.48758],[124.3172,48.35095],[124.42117,48.1783],[124.52049,48.12869],[124.56225,48.23618],[124.5316,48.55931],[124.82228,49.11571],[124.87355,49.17845],[125.13565,49.13891],[125.22577,49.22557],[125.26737,49.43848],[125.2357,49.55439],[125.12521,49.65658],[125.21957,49.66813],[125.22329,49.78699],[125.17792,49.81898],[125.245,49.87703],[125.1866,49.95168],[125.29523,50.01447],[125.2436,50.05105],[125.32944,50.06227],[125.26443,50.10573],[125.43418,50.20066],[125.57474,50.43635],[125.79333,50.53438],[125.80858,50.69598],[125.75401,50.75434],[125.99033,50.87524],[126.05626,50.98027],[125.98438,51.10422],[125.70295,51.26674],[125.48664,51.5074],[125.12754,51.61574],[124.82807,51.36759],[124.46499,51.3564],[124.36986,51.2809],[124.16206,51.32837],[123.8486,51.3116],[123.77413,51.22209],[123.62194,51.19713],[123.46392,51.27113],[123.08813,51.31247],[122.88437,51.44813],[122.70903,51.71111],[122.76101,51.82614],[122.63255,52.1161],[122.76287,52.18015],[122.75202,52.24115],[122.50191,52.28596],[122.34641,52.44962],[122.20766,52.49018],[122.01791,52.28311],[121.83125,52.26937],[121.70299,52.38383],[121.1669,52.58129],[121.79911,53.01803],[121.6262,53.2297],[121.41327,53.31733],[122.31675,53.49601],[122.4016,53.45095],[122.85966,53.47395],[123.27731,53.56944]]]}},{"type":"Feature","properties":{"id":"cn-hn","lat":27.38396,"lng":111.35707},"geometry":{"type":"Polygon","coordinates":[[[109.26385,28.32222],[109.28509,28.58464],[109.21321,28.6288],[109.28106,28.72088],[109.24039,28.88271],[109.28571,29.03027],[109.20659,29.10424],[109.43635,29.54032],[109.58642,29.61607],[109.68512,29.60073],[109.7832,29.73493],[110.1039,29.78542],[110.37686,29.65354],[110.42745,29.72217],[110.59116,29.77136],[110.47339,29.90626],[110.50119,30.04615],[110.6987,30.02473],[110.7648,30.0984],[111.24616,30.03173],[111.39623,29.92469],[111.75476,29.92471],[111.92364,29.85639],[112.17282,29.64561],[112.2138,29.6731],[112.28191,29.53693],[112.45089,29.644],[112.66489,29.63194],[112.88616,29.79177],[112.93629,29.6933],[113.01293,29.77299],[112.90849,29.6008],[112.93582,29.48053],[113.03287,29.51905],[113.06646,29.44236],[113.59031,29.87996],[113.53326,29.6933],[113.64942,29.67628],[113.72952,29.44554],[113.5809,29.25305],[113.70193,29.07239],[113.77283,29.1253],[113.90238,29.06634],[113.90517,28.95598],[114.13048,28.82612],[114.11281,28.61551],[114.05694,28.56428],[114.17704,28.5073],[114.23399,28.38886],[114.02387,28.17913],[113.98915,28.07185],[113.71883,27.96372],[113.70813,27.83456],[113.55853,27.57545],[113.6086,27.35673],[113.85096,27.3459],[113.75247,27.097],[113.89323,26.96104],[113.83164,26.82748],[113.86471,26.65587],[114.08785,26.56848],[113.92538,26.17037],[114.14924,26.22207],[114.21523,26.18057],[114.0186,26.03722],[114.01457,25.91684],[113.90285,25.74019],[113.98243,25.58167],[113.92755,25.44811],[113.80911,25.34822],[113.56953,25.32344],[113.52344,25.38558],[113.35756,25.42437],[113.28294,25.51759],[112.91304,25.322],[112.86462,25.34279],[112.88911,25.24146],[113.02848,25.23037],[112.96688,25.17237],[112.9889,24.96393],[112.8764,24.94217],[112.71408,24.99951],[112.63739,25.13035],[112.19535,25.19988],[112.12239,24.96075],[112.1674,24.90117],[112.13965,24.78443],[112.09123,24.80916],[111.99655,24.73567],[111.66712,24.77968],[111.51695,24.64266],[111.42661,24.68725],[111.47442,24.80482],[111.4153,25.12286],[111.26399,25.14387],[111.02302,24.92114],[110.9546,25.02535],[110.99321,25.15076],[111.09904,25.21373],[111.17133,25.37238],[111.28275,25.43002],[111.31995,25.72505],[111.47612,25.89586],[111.31737,25.90901],[111.27851,25.86106],[111.20208,25.93028],[111.27097,26.2615],[110.94726,26.38989],[110.87895,26.27522],[110.71327,26.27615],[110.68862,26.33232],[110.57705,26.3508],[110.53654,26.22486],[110.35283,26.12665],[110.247,25.97821],[110.16457,26.04704],[110.03363,26.0365],[110.06205,26.14993],[109.92733,26.19708],[109.77462,26.01376],[109.78082,25.91638],[109.67659,25.88907],[109.61339,26.04606],[109.45671,26.03885],[109.40689,26.26377],[109.2916,26.33751],[109.40891,26.57799],[109.28292,26.71863],[109.51552,26.83392],[109.44384,26.89792],[109.50126,27.05982],[109.38188,27.15186],[109.22582,27.15307],[109.14758,27.07788],[109.09549,27.13444],[108.90351,27.01019],[108.78838,27.08822],[108.89003,27.13101],[109.13564,27.41119],[109.27688,27.43853],[109.44193,27.59108],[109.31083,27.88765],[109.36746,28.04612],[109.29589,28.08314],[109.35863,28.24807],[109.26385,28.32222]]]}},{"type":"Feature","properties":{"id":"cn-jl","lat":43.57281,"lng":126.12911},"geometry":{"type":"Polygon","coordinates":[[[131.25285,43.46917],[131.28091,43.38022],[131.16908,43.2017],[131.18396,43.12081],[131.07834,43.03182],[131.10304,42.91043],[130.99245,42.84873],[130.76952,42.86581],[130.40716,42.73538],[130.40375,42.67755],[130.57191,42.62182],[130.53077,42.53048],[130.50142,42.61078],[130.45253,42.54934],[130.26267,42.70861],[130.23901,42.90224],[130.09876,42.92152],[130.12149,42.98185],[129.99571,42.9619],[129.90921,43.00843],[129.76131,42.74605],[129.78756,42.67685],[129.70333,42.44237],[129.59171,42.44795],[129.53517,42.36956],[129.34015,42.44547],[129.1939,42.31824],[129.21116,42.21996],[128.94007,42.03537],[128.03459,41.99374],[128.04782,41.86398],[128.303,41.58341],[128.14611,41.37634],[128.01516,41.41329],[128.00142,41.47086],[127.63834,41.42988],[127.54289,41.49132],[127.13465,41.52201],[127.17971,41.58516],[126.9298,41.80104],[126.78862,41.69591],[126.67948,41.73598],[126.72795,41.70125],[126.56703,41.61415],[126.52213,41.35195],[126.44089,41.34838],[126.27475,41.15258],[126.12375,41.07553],[126.00784,40.89931],[125.70409,40.85919],[125.57645,40.91262],[125.76889,41.14421],[125.74636,41.23681],[125.56343,41.41075],[125.44953,41.67994],[125.30629,41.68038],[125.29187,41.9532],[125.48054,42.15143],[125.31858,42.16936],[125.2852,42.29876],[125.1758,42.33835],[125.20872,42.40584],[125.10196,42.49387],[125.09265,42.5821],[124.94987,42.66176],[124.96791,42.78093],[124.86176,42.8547],[124.88564,43.10225],[124.7657,43.10559],[124.4805,42.85126],[124.38567,42.88477],[124.43688,42.94916],[124.37011,43.00234],[124.41817,43.08926],[124.30345,43.14884],[124.26867,43.23442],[124.01603,43.30519],[123.78204,43.46618],[123.69625,43.35348],[123.36821,43.45972],[123.35534,43.53393],[123.41865,43.61827],[123.4942,43.58946],[123.5265,43.68617],[123.32227,44.04186],[123.35907,44.15134],[123.25323,44.2079],[123.1212,44.39615],[123.09882,44.53149],[122.72629,44.3382],[122.27794,44.2188],[122.27815,44.43858],[122.04178,44.70668],[122.00581,45.08991],[122.2181,45.22391],[122.2089,45.35682],[121.98049,45.52887],[121.93936,45.68677],[121.75911,45.67486],[121.64951,45.74095],[121.81058,45.89784],[121.79539,46.01507],[122.01077,45.97487],[122.23981,45.81348],[122.41437,45.94727],[122.50852,45.81266],[122.69631,45.71075],[122.77202,45.78144],[122.80122,46.09419],[123.08595,46.11341],[123.22652,46.26477],[123.95427,46.29242],[124.03892,46.03445],[123.97515,45.93983],[124.06197,45.87167],[124.01355,45.76865],[124.16501,45.66285],[124.1492,45.62223],[124.22356,45.63551],[124.27482,45.55035],[124.35234,45.54187],[124.37668,45.45738],[124.54954,45.41449],[124.58953,45.45738],[124.86135,45.44436],[124.91561,45.53283],[125.04165,45.49293],[125.08294,45.38607],[125.37481,45.39847],[125.45139,45.48487],[125.69934,45.512],[125.70776,45.34943],[125.91038,45.20665],[126.15047,45.14117],[126.55934,45.24675],[126.9527,45.1342],[127.07662,44.934],[126.97828,44.8261],[127.04499,44.59823],[127.17242,44.65826],[127.55555,44.57718],[127.58284,44.53837],[127.51302,44.51826],[127.49282,44.41091],[127.77869,44.0692],[128.03981,44.11328],[128.04617,44.35791],[128.13619,44.34169],[128.20693,44.44049],[128.37002,44.49806],[128.43875,44.4008],[128.44594,44.15395],[128.74742,43.80219],[128.88286,43.55615],[129.00218,43.53683],[129.22325,43.60556],[129.24925,43.78616],[129.77201,43.87908],[129.80554,43.96936],[129.91293,44.0216],[130.00011,43.98357],[130.03318,43.85562],[130.10361,43.84544],[130.32877,44.04832],[130.40044,43.67496],[130.6194,43.61605],[130.84998,43.43828],[131.00299,43.50902],[131.12371,43.4327],[131.25285,43.46917]]]}},{"type":"Feature","properties":{"id":"cn-js","lat":32.93665,"lng":119.96091},"geometry":{"type":"MultiPolygon","coordinates":[[[[119.90138,32.08246],[119.792,32.12177],[119.81935,32.20376],[119.71616,32.27265],[119.8143,32.27558],[119.90138,32.08246]]],[[[119.27322,35.09931],[119.19288,35.00043],[119.19223,34.71821],[119.34669,34.78083],[119.44223,34.74604],[119.64772,34.53384],[120.25709,34.31184],[120.39967,33.86933],[120.50489,33.73558],[120.48373,33.64997],[120.63437,33.46695],[120.66725,33.3251],[120.75025,33.2696],[120.73023,33.2049],[120.80698,33.13776],[120.82594,33.03018],[120.89576,33.01358],[120.9048,32.81265],[120.83033,32.69766],[121.10084,32.49795],[121.38941,32.38495],[121.41928,32.25031],[121.36085,32.23163],[121.44337,32.11433],[121.65537,32.06293],[121.82194,31.95249],[121.93038,31.72671],[121.872,31.69068],[121.67555,31.72357],[121.28642,31.89059],[121.11509,31.79633],[120.97782,31.81436],[120.8108,32.02261],[120.63438,32.07701],[120.49076,32.08245],[120.2671,31.94868],[120.13136,31.94318],[119.99204,32.01586],[119.84213,32.29906],[119.61289,32.35456],[119.68539,32.29243],[119.60605,32.19693],[119.69044,32.23534],[119.78858,32.19864],[119.77247,32.12678],[120.0064,31.95031],[120.22999,31.90888],[120.46949,32.02513],[120.75035,31.97834],[120.8248,31.8287],[120.71713,31.86107],[120.73146,31.81387],[121.1444,31.68466],[121.34091,31.49095],[121.18044,31.45123],[121.12887,31.28026],[121.06127,31.26662],[121.06298,31.15368],[120.86521,31.13572],[120.89425,30.99757],[120.68651,30.97338],[120.70533,30.88165],[120.49097,30.7637],[120.4378,30.90116],[120.12862,30.94318],[119.90941,31.16492],[119.57496,31.13311],[119.36277,31.19236],[119.34458,31.28752],[118.79929,31.23089],[118.73738,31.33388],[118.82725,31.39754],[118.86575,31.62068],[118.77728,31.67416],[118.67392,31.64977],[118.68013,31.70954],[118.48417,31.78444],[118.4604,31.89066],[118.35022,31.95239],[118.50789,32.19752],[118.6654,32.24974],[118.66679,32.45887],[118.59734,32.48685],[118.55889,32.58747],[118.89748,32.59553],[119.08052,32.44608],[119.19937,32.59372],[119.15338,32.82453],[118.99298,32.96205],[118.85738,32.9723],[118.72017,32.73214],[118.38144,32.72984],[118.29968,32.77741],[118.23747,32.91125],[118.29906,32.96796],[118.20904,33.19397],[118.08073,33.14955],[117.93185,33.23513],[118.05293,33.47692],[118.11546,33.48444],[118.17675,33.69262],[118.14419,33.75561],[117.7269,33.72792],[117.74866,33.87571],[117.69093,33.88351],[117.63445,34.00139],[117.15944,34.09117],[117.01842,34.17065],[116.94948,34.3893],[116.8145,34.39209],[116.37722,34.63954],[116.47003,34.89826],[116.81853,34.96208],[116.96767,34.85152],[117.18182,34.45015],[117.33695,34.58861],[117.5466,34.46245],[117.7685,34.52324],[117.79005,34.65117],[117.92813,34.67783],[118.07696,34.64075],[118.15287,34.54151],[118.16543,34.39924],[118.34278,34.41857],[118.40986,34.47169],[118.46402,34.68088],[118.74596,34.73008],[118.86678,35.03631],[119.19358,35.11003],[119.27322,35.09931]]]]}},{"type":"Feature","properties":{"id":"cn-jx","lat":27.19587,"lng":115.44487},"geometry":{"type":"Polygon","coordinates":[[[113.9848,25.42233],[113.92755,25.44811],[113.98243,25.58167],[113.90285,25.74019],[114.01457,25.91684],[114.02635,26.04962],[114.21523,26.18057],[114.14924,26.22207],[113.92538,26.17037],[114.08785,26.56848],[113.86471,26.65587],[113.83164,26.82748],[113.89323,26.96104],[113.75247,27.097],[113.85096,27.3459],[113.6086,27.35673],[113.55853,27.57545],[113.70813,27.83456],[113.71883,27.96372],[113.98915,28.07185],[114.02387,28.17913],[114.23192,28.36829],[114.17704,28.5073],[114.05694,28.56428],[114.11281,28.61551],[114.13048,28.82612],[113.89913,28.97459],[113.90238,29.06634],[113.99674,29.16429],[114.24376,29.24212],[114.28939,29.35844],[114.46323,29.31723],[114.70869,29.38952],[114.7582,29.36097],[114.96547,29.55778],[115.11393,29.50691],[115.14019,29.58752],[115.08122,29.65573],[115.34271,29.64028],[115.48621,29.86428],[115.70516,29.86081],[115.88887,29.73183],[116.23619,29.78133],[116.51333,29.8942],[116.59395,30.01067],[116.70169,30.05646],[116.8868,29.92042],[116.79414,29.75198],[116.67498,29.70801],[116.64847,29.62742],[116.7343,29.54634],[116.8762,29.54977],[117.08575,29.7155],[117.06369,29.83686],[117.1813,29.92709],[117.2459,29.8358],[117.40434,29.83443],[117.54087,29.61406],[118.10461,29.53003],[118.18248,29.36288],[118.052,29.27532],[117.99924,29.13442],[118.37167,28.7986],[118.47146,28.32039],[118.34888,28.2198],[118.36376,28.09361],[117.81739,27.93509],[117.75315,27.81611],[117.61363,27.85946],[117.5218,27.97444],[117.29292,27.86458],[117.28714,27.77262],[117.10575,27.55408],[117.1011,27.34665],[117.15619,27.28221],[117.04012,27.10953],[116.92344,27.02101],[116.66971,26.98691],[116.54775,26.87293],[116.50496,26.6893],[116.61989,26.49823],[116.59803,26.4027],[116.50527,26.40947],[116.39897,26.28754],[116.39727,26.06146],[116.32322,25.95511],[116.13517,25.86633],[116.15966,25.77553],[116.03011,25.64234],[115.97455,25.33205],[115.84128,25.18611],[115.90769,24.87556],[115.75498,24.8196],[115.79705,24.56413],[115.69152,24.54799],[115.42058,24.78456],[115.15218,24.68555],[115.04696,24.70666],[114.87023,24.58803],[114.75721,24.63206],[114.70724,24.55189],[114.64192,24.58527],[114.40576,24.50153],[114.1696,24.6747],[114.31471,24.77474],[114.41351,24.97969],[114.72931,25.11888],[114.68306,25.16345],[114.71272,25.27949],[114.54591,25.41594],[114.29109,25.29313],[114.01938,25.26853],[113.9848,25.42233]]]}},{"type":"Feature","properties":{"id":"cn-ln","lat":41.10238,"lng":122.37649},"geometry":{"type":"MultiPolygon","coordinates":[[[[123.19581,39.06533],[123.17254,39.03368],[123.14519,39.04328],[123.14356,39.08088],[123.19581,39.06533]]],[[[122.38258,39.20832],[122.4026,39.15913],[122.334,39.14631],[122.33058,39.18012],[122.38258,39.20832]]],[[[122.7186,39.24189],[122.69068,39.19331],[122.636,39.22801],[122.7186,39.24189]]],[[[122.58619,39.258],[122.50506,39.29694],[122.68442,39.26219],[122.58619,39.258]]],[[[121.44313,39.44115],[121.42172,39.37368],[121.33692,39.37739],[121.36427,39.44546],[121.25945,39.39151],[121.34059,39.48135],[121.44313,39.44115]]],[[[122.96803,39.54108],[123.02996,39.50788],[122.96437,39.51545],[122.96803,39.54108]]],[[[125.67334,40.78408],[125.56007,40.77834],[125.41325,40.63179],[125.29331,40.64858],[125.02511,40.53437],[125.04129,40.4611],[124.89551,40.48363],[124.35825,40.08906],[124.2942,39.93378],[124.11817,39.83316],[123.77304,39.81835],[123.64308,39.87857],[123.65675,39.9195],[123.5914,39.78433],[123.51319,39.7978],[123.42775,39.72663],[123.41708,39.82453],[123.31406,39.77611],[123.25204,39.81708],[123.26539,39.7541],[123.20419,39.74506],[123.26914,39.70759],[123.22316,39.67976],[123.00912,39.68049],[122.96412,39.61164],[122.84864,39.61787],[122.29005,39.35098],[122.115,39.20075],[122.1045,39.15913],[122.16269,39.14614],[122.04233,39.05972],[121.88844,39.04247],[121.92319,39.00898],[121.82691,39.03628],[121.89527,38.98102],[121.87135,38.95063],[121.7247,39.03018],[121.58741,38.94009],[121.69361,38.90961],[121.6963,38.86294],[121.23666,38.79849],[121.17954,38.72093],[121.11451,38.76813],[121.15235,38.8863],[121.08619,38.90571],[121.11793,38.94343],[121.67408,39.08804],[121.58994,39.26405],[121.94296,39.39936],[121.52589,39.36465],[121.43605,39.50861],[121.2234,39.52863],[121.46388,39.64582],[121.53329,39.6223],[121.47071,39.81025],[121.87379,39.9914],[121.82691,40.02253],[121.99567,40.12389],[121.99147,40.187],[122.09165,40.22721],[122.10612,40.31012],[122.30185,40.50235],[122.15043,40.60386],[122.15943,40.70161],[121.85108,40.83226],[121.82594,40.94819],[121.86793,40.9958],[121.77771,40.93497],[121.73955,40.84908],[121.57504,40.8415],[121.36134,40.93964],[121.17579,40.92231],[121.04985,40.7974],[120.98194,40.82681],[120.93954,40.74055],[121.02074,40.71933],[120.82532,40.67403],[120.54566,40.40241],[120.59115,40.3673],[120.50176,40.32691],[120.47202,40.2143],[119.85019,39.98631],[119.74182,40.09047],[119.74259,40.2052],[119.63474,40.20907],[119.56369,40.54006],[119.29363,40.5307],[119.18976,40.62011],[119.191,40.70041],[119.06155,40.65137],[118.84756,40.84151],[118.90218,40.95662],[119.01034,40.97626],[118.93711,41.06054],[119.16351,41.1764],[119.38231,41.40951],[119.29864,41.77735],[119.37424,42.08043],[119.24526,42.19195],[119.5117,42.39452],[119.63645,42.24008],[119.83695,42.19913],[119.80094,42.12885],[120.03033,41.8606],[120.0326,41.71156],[120.09565,41.70211],[120.33134,41.96015],[120.45842,42.02508],[120.49573,42.1441],[120.9126,42.29657],[121.01409,42.2506],[121.3828,42.50697],[121.55178,42.53549],[121.62899,42.45741],[121.72366,42.45767],[122.04504,42.72086],[122.28311,42.63748],[122.39959,42.65833],[122.43421,42.69675],[122.36347,42.80938],[122.39204,42.85356],[122.76334,42.73233],[123.06745,42.79051],[123.26124,42.9988],[123.62039,43.08693],[123.74871,43.47228],[124.01603,43.30519],[124.28185,43.22599],[124.30345,43.14884],[124.41817,43.08926],[124.37011,43.00234],[124.43688,42.94916],[124.38567,42.88477],[124.4805,42.85126],[124.7657,43.10559],[124.88564,43.10225],[124.86176,42.8547],[124.96791,42.78093],[124.94987,42.66176],[125.09265,42.5821],[125.10196,42.49387],[125.20872,42.40584],[125.1758,42.33835],[125.2852,42.29876],[125.31858,42.16936],[125.48054,42.15143],[125.29187,41.9532],[125.30629,41.68038],[125.44953,41.67994],[125.56343,41.41075],[125.74636,41.23681],[125.76889,41.14421],[125.57645,40.91262],[125.69469,40.88446],[125.67334,40.78408]]]]}},{"type":"Feature","properties":{"id":"cn-nm","lat":45.36529,"lng":118.35938},"geometry":{"type":"Polygon","coordinates":[[[115.91451,47.68391],[115.57572,47.90974],[115.51422,48.13164],[115.79999,48.24233],[115.8004,48.53037],[116.02819,48.76746],[116.03781,48.87015],[116.68428,49.82326],[117.05759,49.67289],[117.83687,49.50902],[118.64436,49.95457],[119.09168,49.98656],[119.31621,50.09265],[119.35662,50.34075],[119.13756,50.39253],[119.24366,50.4455],[119.29358,50.59924],[119.49666,50.73706],[119.51796,50.9048],[119.74084,51.07153],[119.76218,51.21504],[119.91566,51.33074],[119.8953,51.38397],[119.95286,51.39767],[120.10045,51.65995],[120.6476,51.91102],[120.77917,52.1176],[120.75809,52.23741],[120.62616,52.34681],[120.72398,52.54217],[120.45402,52.63904],[120.07937,52.58997],[120.03296,52.76066],[120.28018,52.86592],[120.84573,53.27344],[121.35764,53.32406],[121.63788,53.22027],[121.79012,53.00049],[121.16912,52.57661],[121.70299,52.38383],[121.83125,52.26937],[122.01791,52.28311],[122.20766,52.49018],[122.34641,52.44962],[122.50191,52.28596],[122.75202,52.24115],[122.76287,52.18015],[122.63255,52.1161],[122.76101,51.82614],[122.70903,51.71111],[122.88437,51.44813],[123.08813,51.31247],[123.46392,51.27113],[123.62194,51.19713],[123.77413,51.22209],[123.8486,51.3116],[124.16206,51.32837],[124.36986,51.2809],[124.46499,51.3564],[124.82807,51.36759],[125.12754,51.61574],[125.48664,51.5074],[125.70295,51.26674],[125.98438,51.10422],[126.05626,50.98027],[125.99033,50.87524],[125.75401,50.75434],[125.80858,50.69598],[125.79333,50.53438],[125.57474,50.43635],[125.43418,50.20066],[125.26443,50.10573],[125.32944,50.06227],[125.2436,50.05105],[125.29523,50.01447],[125.1866,49.95168],[125.245,49.87703],[125.17792,49.81898],[125.22329,49.78699],[125.21957,49.66813],[125.12521,49.65658],[125.2357,49.55439],[125.26737,49.43848],[125.22577,49.22557],[125.13565,49.13891],[124.87355,49.17845],[124.82228,49.11571],[124.5316,48.55931],[124.56225,48.23618],[124.52049,48.12869],[124.42117,48.1783],[124.3172,48.35095],[124.30376,48.48758],[124.23405,48.53084],[123.57755,48.05433],[123.28656,47.94131],[123.20683,47.81383],[122.56537,47.53116],[122.40522,47.33169],[122.57405,47.13113],[122.78768,47.04072],[123.07262,46.79583],[123.18683,46.76164],[123.39116,46.89988],[123.48939,46.8173],[123.57931,46.87562],[123.61331,46.8411],[123.53611,46.69198],[123.39131,46.59522],[123.01009,46.60269],[122.98891,46.40657],[123.16166,46.22007],[123.09526,46.12044],[122.80122,46.09419],[122.77202,45.78144],[122.70283,45.71233],[122.50852,45.81266],[122.41437,45.94727],[122.23981,45.81348],[122.01077,45.97487],[121.79539,46.01507],[121.81058,45.89784],[121.64951,45.74095],[121.75911,45.67486],[121.93936,45.68677],[121.98049,45.52887],[122.2089,45.35682],[122.2181,45.22391],[122.00581,45.08991],[122.04178,44.70668],[122.27815,44.43858],[122.27794,44.2188],[122.72629,44.3382],[123.11138,44.51904],[123.1212,44.39615],[123.25323,44.2079],[123.35907,44.15134],[123.32227,44.04186],[123.5265,43.68617],[123.51673,43.61201],[123.41865,43.61827],[123.35054,43.47931],[123.69625,43.35348],[123.62039,43.08693],[123.26124,42.9988],[123.05898,42.78762],[122.76334,42.73233],[122.39204,42.85356],[122.36347,42.80938],[122.43421,42.69675],[122.39959,42.65833],[122.28311,42.63748],[122.04504,42.72086],[121.72366,42.45767],[121.62899,42.45741],[121.55178,42.53549],[121.3828,42.50697],[121.01409,42.2506],[120.9126,42.29657],[120.49573,42.1441],[120.45842,42.02508],[120.33134,41.96015],[120.09565,41.70211],[120.0326,41.71156],[120.03033,41.8606],[119.80094,42.12885],[119.83695,42.19913],[119.63645,42.24008],[119.5117,42.39452],[119.24671,42.19779],[119.37424,42.08043],[119.29864,41.77735],[119.39068,41.46],[119.231,41.2734],[119.23503,41.3228],[118.86714,41.33655],[118.8089,41.38285],[118.3589,41.32262],[118.29472,41.46062],[118.31364,41.56956],[118.23121,41.59942],[118.15163,41.75048],[118.18341,41.79667],[118.2632,41.75234],[118.30289,41.78556],[118.27715,42.06245],[118.12481,42.02932],[118.09856,42.17564],[117.98932,42.22161],[118.0413,42.27825],[118.02425,42.38263],[117.80188,42.60975],[117.59363,42.55159],[117.52939,42.62024],[117.4124,42.45808],[117.10343,42.47612],[116.88711,42.39537],[116.82659,42.30817],[116.88943,42.06338],[116.7973,41.987],[116.59974,41.92372],[116.37753,42.00968],[116.05662,41.79848],[115.88009,41.93341],[115.33976,41.72084],[115.34131,41.61586],[115.23997,41.58604],[114.87715,41.61245],[114.86889,41.7959],[114.93131,41.84778],[114.84491,42.14833],[114.54994,42.13006],[114.41971,41.9563],[114.23192,41.8269],[114.19037,41.58421],[114.01674,41.52548],[113.92796,41.41835],[113.91029,41.28611],[113.98026,41.24865],[113.9877,41.16984],[113.8228,41.09418],[114.1541,40.74258],[114.02842,40.64243],[114.0757,40.5027],[113.67661,40.42854],[113.43734,40.32477],[113.31084,40.32467],[113.2077,40.4241],[113.08646,40.40443],[112.72633,40.17145],[112.39922,40.28834],[112.27928,40.22897],[111.84695,39.6288],[111.45297,39.64525],[111.34269,39.44441],[111.1057,39.3809],[111.041,39.42297],[111.13676,39.5734],[111.01806,39.56782],[110.84567,39.46519],[110.65633,39.24598],[110.51344,39.37196],[110.34709,39.31628],[110.21553,39.43018],[110.1176,39.43534],[110.17408,39.27993],[109.67427,39.01121],[109.5489,38.79525],[109.40348,38.75422],[109.31315,38.62049],[109.04537,38.42246],[108.95224,38.21224],[109.03539,38.07522],[108.94263,37.91825],[108.85153,37.99024],[108.7907,37.94177],[108.75432,37.67545],[108.01545,37.63677],[107.92874,37.78534],[107.41198,37.91198],[107.32418,38.06595],[107.16264,38.1386],[106.82917,38.15038],[106.47012,38.29069],[106.64499,38.4592],[106.70892,38.64529],[106.98172,39.01462],[106.80824,39.19906],[106.77377,39.373],[106.49694,39.28579],[106.30207,39.28949],[106.27814,39.15043],[106.1104,39.11673],[105.84122,38.57129],[105.84752,38.26542],[105.75564,38.1478],[105.82613,37.99988],[105.79946,37.81278],[105.64164,37.73486],[105.24658,37.72527],[104.94432,37.54572],[104.47521,37.52143],[104.35852,37.40123],[104.24881,37.39441],[103.67872,37.77503],[103.42715,37.84958],[103.38747,37.9991],[103.38809,38.10199],[103.52896,38.14661],[103.4394,38.41363],[103.87343,38.64268],[104.21682,39.03472],[104.21837,39.10309],[104.05239,39.32223],[104.0606,39.42739],[103.46379,39.35719],[102.96537,39.11937],[102.39311,39.23719],[101.83077,39.08242],[102.03122,38.87918],[101.83108,38.68984],[101.31979,38.75815],[101.33617,38.81825],[101.20636,38.9308],[101.21132,39.00834],[101.05211,38.99935],[100.87661,39.12007],[100.81021,39.40387],[100.50666,39.41852],[100.47333,39.4856],[100.31815,39.53337],[100.22161,39.68042],[99.762,39.8602],[99.43086,39.87881],[99.62703,40.06918],[99.91703,40.21904],[100.18978,40.58008],[100.1903,40.7094],[100.04969,40.88045],[99.76666,40.90986],[99.15744,40.83632],[98.82568,40.72656],[98.60068,40.54796],[98.23445,40.52817],[98.32059,40.89192],[97.95054,41.11982],[97.65898,41.41344],[97.65908,41.48388],[97.84687,41.61927],[97.19068,42.78706],[99.47448,42.5642],[100.01698,42.67652],[101.21871,42.52983],[101.52495,42.53746],[101.73537,42.46116],[102.03416,42.18461],[103.07348,42.00452],[103.69143,41.75923],[104.50078,41.8706],[104.50492,41.65655],[104.89234,41.64477],[104.97383,41.58615],[105.2009,41.74347],[106.76783,42.28662],[108.17736,42.45431],[108.79685,42.39837],[108.96129,42.44754],[109.48513,42.4493],[110.40673,42.76861],[110.97341,43.3156],[111.56769,43.50254],[111.75383,43.6632],[111.93335,43.69664],[111.94431,43.78637],[111.83879,43.93879],[111.54382,44.15674],[111.39705,44.38737],[111.73853,44.9663],[111.95826,45.08454],[112.41281,45.06604],[112.7485,44.86527],[113.60478,44.7397],[114.08929,44.96175],[114.41889,45.20148],[114.53371,45.3855],[114.70331,45.42715],[114.93886,45.37377],[115.33728,45.3947],[115.66739,45.45428],[116.00215,45.67556],[116.16989,45.7091],[116.25164,45.80325],[116.21319,45.90816],[116.56832,46.29087],[116.81461,46.38673],[117.33747,46.35728],[117.39379,46.57137],[117.56815,46.60354],[117.67337,46.51602],[117.7976,46.52026],[117.90064,46.6076],[118.26899,46.72294],[118.72007,46.67674],[118.84652,46.76549],[119.06238,46.66095],[119.68012,46.59163],[119.90703,46.71831],[119.89643,46.89859],[119.77014,46.993],[119.69996,47.15953],[119.2819,47.41486],[119.31011,47.4761],[119.1339,47.52754],[119.08346,47.66156],[118.76741,47.75616],[118.4728,47.98945],[118.18248,48.02821],[117.7669,47.99314],[117.36083,47.65087],[116.82205,47.8763],[116.24389,47.86289],[115.91451,47.68391]]]}},{"type":"Feature","properties":{"id":"cn-nx","lat":37.31504,"lng":105.97441},"geometry":{"type":"Polygon","coordinates":[[[106.77377,39.373],[106.80824,39.19906],[106.98172,39.01462],[106.70892,38.64529],[106.64499,38.4592],[106.47012,38.29069],[106.82917,38.15038],[107.16264,38.1386],[107.32418,38.06595],[107.41198,37.91198],[107.65765,37.85294],[107.66168,37.81072],[107.49642,37.76111],[107.311,37.57843],[107.23803,37.30635],[107.32697,37.15536],[107.28547,37.06846],[107.12569,37.12463],[106.91929,37.10941],[106.74721,37.20631],[106.64406,37.18166],[106.63704,37.00601],[106.57482,36.93134],[106.64965,36.80003],[106.61223,36.73119],[106.49601,36.70024],[106.49198,36.54263],[106.43147,36.50782],[106.49539,36.43674],[106.47493,36.30024],[106.82948,36.20673],[106.94477,36.07695],[106.93857,35.92391],[106.84323,35.8822],[106.91092,35.78236],[106.75052,35.68066],[106.4341,35.70958],[106.51089,35.56093],[106.41379,35.54062],[106.49658,35.47479],[106.49012,35.40518],[106.45772,35.32353],[106.33897,35.25713],[106.17732,35.41301],[105.89796,35.40766],[105.90065,35.44678],[106.07676,35.47895],[105.93615,35.52481],[105.82939,35.49365],[105.69312,35.64708],[105.72557,35.71007],[105.5631,35.69999],[105.4275,35.75955],[105.31484,35.97279],[105.43742,36.10668],[105.44595,36.25458],[105.21924,36.70241],[105.32058,36.79657],[105.15155,36.99609],[104.92241,37.09675],[104.85539,37.21819],[104.6214,37.24928],[104.71994,37.32372],[104.68046,37.37322],[104.71757,37.40686],[104.47629,37.44376],[104.35852,37.40123],[104.47521,37.52143],[104.94432,37.54572],[105.24658,37.72527],[105.64164,37.73486],[105.79946,37.81278],[105.82613,37.99988],[105.75564,38.1478],[105.84752,38.26542],[105.84122,38.57129],[106.1104,39.11673],[106.27814,39.15043],[106.30207,39.28949],[106.49694,39.28579],[106.77377,39.373]]]}},{"type":"Feature","properties":{"id":"cn-qh","lat":35.42797,"lng":96.02273},"geometry":{"type":"Polygon","coordinates":[[[92.36757,39.06289],[93.73385,39.30853],[94.14989,39.32427],[94.63105,39.29538],[95.00596,39.1512],[95.3137,39.18128],[95.70282,38.88323],[96.01861,38.7459],[96.05479,38.67883],[96.30056,38.63299],[96.50835,38.54483],[96.53243,38.45765],[96.91226,38.35084],[96.95866,38.38719],[96.97122,38.56726],[96.96161,39.11208],[97.01328,39.19208],[97.36256,39.15043],[98.06862,38.80184],[98.32431,39.02325],[98.60223,38.9476],[98.78191,39.06769],[99.08189,38.96863],[99.09925,38.88964],[99.79988,38.36572],[100.15847,38.20744],[100.08307,38.3945],[100.14079,38.48584],[100.33024,38.32071],[100.53012,38.2742],[100.63575,38.1054],[101.04978,37.96373],[101.7656,37.52497],[101.96559,37.73486],[102.06724,37.5483],[102.04011,37.46484],[102.42665,37.27806],[102.55062,37.16383],[102.46013,36.95565],[102.67862,36.79504],[102.59852,36.67239],[102.76973,36.49757],[102.81856,36.32605],[103.04036,36.2165],[102.92843,36.06782],[102.99953,35.99075],[102.97602,35.83329],[102.70033,35.83947],[102.70219,35.52403],[102.53496,35.53563],[102.42644,35.4353],[102.29813,35.42063],[102.26025,35.29035],[102.37445,35.17356],[102.26712,35.05587],[101.93241,34.87898],[101.90694,34.75571],[101.75506,34.70367],[101.79335,34.63189],[101.91391,34.6614],[101.95923,34.55825],[102.15028,34.49508],[102.21607,34.36431],[102.1538,34.28576],[101.78038,34.06751],[101.56985,34.20817],[100.93527,34.38632],[100.80649,34.27806],[100.79171,34.15487],[100.94798,33.92976],[101.12947,33.85065],[101.1705,33.65443],[101.37689,33.63958],[101.50893,33.70487],[101.61336,33.51186],[101.77754,33.53005],[101.66876,33.38285],[101.72695,33.26779],[101.64365,33.12777],[101.44516,33.23585],[101.18414,33.15276],[101.12719,32.95411],[101.23737,32.81828],[101.17081,32.68834],[100.92147,32.62623],[100.67471,32.6831],[100.60304,32.45122],[100.53121,32.4034],[100.46646,32.46474],[100.56092,32.56334],[100.48878,32.68361],[100.39943,32.75839],[100.255,32.72581],[100.22316,32.6369],[100.14203,32.64759],[100.14482,32.83862],[99.8759,33.0246],[99.76929,32.92176],[99.69854,32.74462],[99.28937,32.88714],[99.19997,33.01703],[98.87162,33.15922],[98.77416,33.2912],[98.73571,33.48976],[98.62786,33.61588],[98.65375,33.66572],[98.44415,33.84873],[98.28897,33.84693],[98.22768,33.93413],[98.03493,33.95979],[97.75112,33.85943],[97.73143,33.9609],[97.64156,34.00113],[97.61025,33.93088],[97.37517,33.86243],[97.38618,33.62138],[97.52131,33.46261],[97.73577,33.38943],[97.49506,33.18746],[97.49992,33.0083],[97.36096,32.89704],[97.43067,32.70033],[97.71572,32.54419],[97.70285,32.5097],[97.63087,32.44409],[97.36086,32.50019],[97.32598,32.41223],[97.39316,32.38497],[97.3885,32.28077],[97.27694,32.25229],[97.27316,32.10081],[97.15865,32.02019],[96.73769,31.96885],[96.78968,31.89684],[96.76374,31.68091],[96.46458,31.76067],[96.30743,31.90619],[96.19705,31.88193],[96.14124,31.79705],[96.22951,31.70215],[96.19302,31.53474],[96.06207,31.71377],[95.48686,31.74667],[95.35431,31.95441],[95.42434,32.0183],[95.39622,32.16207],[94.9684,32.31958],[94.92437,32.45603],[94.61493,32.67274],[94.35675,32.61408],[94.335,32.54995],[94.11077,32.47823],[93.85239,32.49977],[93.73416,32.57246],[93.49489,32.51404],[93.19574,32.66715],[93.04396,32.65232],[92.99777,32.74152],[92.22138,32.74498],[92.19611,32.86864],[91.97685,32.84862],[91.54266,33.08033],[91.37073,33.33572],[91.17757,33.33456],[91.12791,33.25433],[90.94001,33.23663],[90.77382,33.13911],[90.28889,33.30505],[90.16021,33.56043],[89.97511,33.63056],[89.887,33.81385],[89.64014,34.05797],[89.65797,34.13097],[89.78659,34.19853],[89.84447,34.35795],[89.71585,34.72506],[89.82525,34.84609],[89.77822,34.93043],[89.56919,34.94805],[89.57167,35.07331],[89.45405,35.22462],[89.49162,35.3504],[89.73755,35.44998],[89.69068,35.51985],[89.79264,35.81805],[89.51162,35.86391],[89.43514,35.9878],[89.59296,36.07273],[89.94612,36.08002],[90.021,36.25851],[90.15422,36.13247],[90.62266,36.11113],[90.8534,36.00473],[91.11132,36.07392],[91.13576,36.14064],[91.00672,36.50348],[90.76028,36.59061],[90.69775,36.65546],[90.69,36.77626],[90.82643,36.92361],[91.05499,36.94514],[91.29875,37.01764],[91.32593,37.07019],[91.08165,37.48329],[90.42263,37.78855],[90.43927,37.99608],[90.15091,38.4328],[90.47823,38.53251],[90.6593,38.67712],[91.29441,38.74513],[92.12273,38.94065],[92.36757,39.06289]]]}},{"type":"Feature","properties":{"id":"cn-sc","lat":30.11686,"lng":102.32221},"geometry":{"type":"Polygon","coordinates":[[[108.51837,32.19757],[108.36117,32.16718],[108.41688,32.08933],[108.34474,32.07355],[108.26019,31.95464],[108.48085,31.81082],[108.5162,31.70827],[108.35233,31.51741],[108.23224,31.48128],[108.17591,31.30613],[108.03736,31.2298],[107.92952,30.87266],[107.82492,30.79864],[107.72152,30.88923],[107.47719,30.79112],[107.4776,30.6095],[107.22873,30.23815],[107.03293,30.05786],[106.72923,30.04995],[106.54412,30.33991],[106.23902,30.22025],[106.12472,30.34233],[105.83311,30.43628],[105.72826,30.27673],[105.63917,30.27924],[105.64831,30.21392],[105.55519,30.17586],[105.74856,30.02078],[105.71658,29.87327],[105.56775,29.81684],[105.54279,29.73072],[105.39086,29.69219],[105.29107,29.58478],[105.29779,29.50032],[105.40517,29.42996],[105.45788,29.31503],[105.70366,29.29976],[105.73911,29.01224],[105.79512,28.93653],[106.00038,28.97443],[106.2476,28.88472],[106.28202,28.70267],[106.38243,28.57249],[106.31416,28.47103],[106.28729,28.54503],[105.97527,28.75522],[105.89191,28.60931],[105.67947,28.57913],[105.6188,28.49147],[105.65219,28.33116],[105.86602,28.25835],[105.89176,28.15389],[106.17298,28.14818],[106.29897,28.00044],[106.33974,27.82838],[105.64692,27.67813],[105.47979,27.78389],[105.29696,27.72174],[105.22813,27.85579],[105.28239,28.00075],[105.05574,28.08813],[104.97192,28.05607],[104.95611,27.94574],[104.888,27.89577],[104.58848,27.84828],[104.34984,27.99018],[104.33382,28.04674],[104.44244,28.08966],[104.42399,28.22916],[104.26354,28.346],[104.25455,28.5395],[104.44296,28.62453],[104.24835,28.662],[103.97307,28.61311],[103.86661,28.6752],[103.79525,28.53118],[103.88031,28.32574],[103.72228,28.21554],[103.64378,28.2705],[103.5718,28.24319],[103.45511,28.13394],[103.44121,28.0424],[103.56498,27.98312],[103.4517,27.75999],[103.28442,27.64051],[103.29621,27.58785],[103.21812,27.56687],[103.12077,27.41225],[102.95483,27.42078],[102.88946,27.29149],[102.90135,26.92474],[103.05793,26.55724],[102.98847,26.36519],[102.8782,26.36506],[102.6811,26.2216],[102.60994,26.26021],[102.62648,26.34514],[102.56814,26.37865],[102.25208,26.22886],[102.11256,26.08443],[101.92156,26.09887],[101.84952,26.03485],[101.76374,26.17634],[101.58236,26.21905],[101.57409,26.2986],[101.64375,26.36844],[101.41245,26.56967],[101.5004,26.7748],[101.39767,26.73529],[101.35033,26.86317],[101.15251,27.02734],[101.16802,27.19601],[101.0088,27.18844],[100.97795,27.37365],[100.66092,27.8751],[100.61467,27.89336],[100.54345,27.81709],[100.43204,27.84564],[100.32063,27.73314],[100.28807,27.86437],[100.07206,28.04418],[100.02824,28.16937],[100.16203,28.23626],[100.15025,28.32783],[99.84562,28.60381],[99.71885,28.84227],[99.61524,28.80506],[99.5029,28.57937],[99.37345,28.51893],[99.39893,28.1265],[99.16256,28.43816],[99.09662,28.83594],[99.10881,29.22418],[98.98675,29.6509],[99.05631,29.91533],[98.90536,30.66381],[98.96071,30.72719],[98.7877,30.88088],[98.80304,30.99098],[98.60378,31.16975],[98.6491,31.31669],[98.7678,31.23037],[98.88495,31.35408],[98.42565,31.81341],[98.45299,31.98409],[98.22019,32.25219],[98.20577,32.35565],[97.66373,32.5599],[97.39161,32.76162],[97.36096,32.89704],[97.49992,33.0083],[97.49506,33.18746],[97.73748,33.39646],[97.50922,33.47124],[97.38618,33.62138],[97.36484,33.82579],[97.61025,33.93088],[97.65846,34.0048],[97.73143,33.9609],[97.75112,33.85943],[98.03493,33.95979],[98.22768,33.93413],[98.28897,33.84693],[98.42922,33.85576],[98.65375,33.66572],[98.62786,33.61588],[98.73571,33.48976],[98.77416,33.2912],[98.87162,33.15922],[99.19997,33.01703],[99.28937,32.88714],[99.69854,32.74462],[99.76929,32.92176],[99.8759,33.0246],[100.14482,32.83862],[100.14203,32.64759],[100.22316,32.6369],[100.255,32.72581],[100.39943,32.75839],[100.48878,32.68361],[100.56092,32.56334],[100.46646,32.46474],[100.53121,32.4034],[100.60304,32.45122],[100.67471,32.6831],[100.92147,32.62623],[101.17081,32.68834],[101.23737,32.81828],[101.12719,32.95411],[101.18414,33.15276],[101.44516,33.23585],[101.64365,33.12777],[101.72695,33.26779],[101.66876,33.38285],[101.76607,33.47121],[101.79537,33.60508],[101.88399,33.54633],[101.92466,33.43315],[101.82472,33.24828],[101.85604,33.12018],[102.48184,33.46504],[102.48184,33.54015],[102.35601,33.6094],[102.34314,33.72518],[102.29069,33.72512],[102.32484,33.75179],[102.17121,33.94175],[102.63516,34.08851],[102.5885,34.1604],[102.91246,34.29971],[103.14056,34.14727],[103.14738,33.93026],[103.22856,33.78331],[103.3901,33.75773],[103.54141,33.81742],[103.53128,33.70631],[104.14453,33.6396],[104.17466,33.49015],[104.3858,33.32008],[104.28204,33.2821],[104.41578,33.03447],[104.28214,32.85722],[104.58569,32.67545],[105.11268,32.59434],[105.42889,32.73748],[105.3752,32.84761],[105.44657,32.91709],[105.49189,32.91965],[105.61369,32.70258],[105.80598,32.75505],[105.87548,32.84471],[106.08234,32.87352],[106.0595,32.70609],[106.22895,32.59196],[106.72313,32.74164],[107.03898,32.71798],[107.09623,32.66925],[107.07959,32.51357],[107.25622,32.44453],[107.44179,32.53285],[107.45962,32.40864],[107.6592,32.38862],[107.98042,32.14832],[108.05178,32.22661],[108.251,32.26483],[108.46359,32.25661],[108.51837,32.19757]]]}},{"type":"Feature","properties":{"id":"cn-sd","lat":36.31675,"lng":117.99976},"geometry":{"type":"MultiPolygon","coordinates":[[[[117.9417,38.23395],[118.06521,38.14308],[118.54298,38.06835],[118.76035,38.15513],[118.95004,38.09726],[118.92481,38.05777],[118.99659,37.96312],[119.2596,37.71585],[119.25566,37.67187],[119.03713,37.72209],[118.95786,37.5314],[118.96119,37.29564],[119.28712,37.13727],[119.7706,37.15184],[119.89731,37.24942],[119.8589,37.36017],[120.18759,37.51179],[120.32252,37.63239],[120.21567,37.68407],[120.73805,37.83397],[120.92579,37.81928],[121.03256,37.71039],[121.13795,37.70116],[121.17164,37.57709],[121.39356,37.62246],[121.42978,37.59687],[121.38168,37.56611],[121.57032,37.42866],[121.67612,37.43919],[121.58741,37.45356],[121.63502,37.48127],[121.98805,37.4256],[122.02564,37.52802],[122.12184,37.56273],[122.1832,37.41816],[122.24537,37.4597],[122.68873,37.38972],[122.57081,37.34479],[122.59474,37.29523],[122.54965,37.31977],[122.62892,37.19282],[122.47071,37.1103],[122.45395,37.15428],[122.40235,37.02147],[122.54005,37.02774],[122.52646,36.91425],[122.40577,36.92219],[122.43637,36.87067],[122.35523,36.82909],[122.18531,36.84992],[122.19687,36.89802],[122.26588,36.89802],[122.16269,36.94579],[122.16611,37.01411],[122.14291,36.94579],[122.03305,36.89802],[122.04916,36.97993],[121.92628,36.9936],[121.9498,36.93891],[121.63746,36.83137],[121.62525,36.74038],[121.49643,36.77448],[121.60719,36.84496],[121.45948,36.82868],[121.4017,36.71239],[121.15772,36.66861],[121.02353,36.58393],[120.8506,36.65095],[120.75058,36.61685],[120.75025,36.54076],[120.85035,36.60456],[120.96363,36.54792],[120.87428,36.3806],[120.83204,36.45527],[120.75058,36.45917],[120.68653,36.38715],[120.72218,36.33055],[120.64772,36.33088],[120.69679,36.14399],[120.35353,36.04084],[120.292,36.06196],[120.36158,36.19164],[120.30641,36.27424],[120.28452,36.17597],[120.09718,36.22639],[120.08969,36.11172],[120.1753,35.99364],[120.28492,36.01093],[120.29884,35.97313],[120.1753,35.89004],[120.18897,35.94526],[120.09718,35.90082],[120.00294,35.72777],[119.90821,35.74486],[119.90455,35.62458],[119.8602,35.60611],[119.8401,35.6579],[119.74391,35.57591],[119.73251,35.62084],[119.64796,35.58393],[119.55152,35.38003],[119.42392,35.31346],[119.358,35.09711],[118.86182,35.03275],[118.74596,34.73008],[118.46402,34.68088],[118.40986,34.47169],[118.34278,34.41857],[118.16543,34.39924],[118.15287,34.54151],[118.07696,34.64075],[117.92813,34.67783],[117.79005,34.65117],[117.7685,34.52324],[117.5466,34.46245],[117.33695,34.58861],[117.18182,34.45015],[116.96767,34.85152],[116.81853,34.96208],[116.47003,34.89826],[116.37722,34.63954],[116.24332,34.56833],[115.99367,34.62161],[115.54171,34.57753],[115.4428,34.66005],[115.42927,34.77971],[115.21605,34.83573],[115.18163,34.93999],[114.83421,35.01618],[114.85157,35.17816],[115.06836,35.38012],[115.34038,35.48517],[115.34162,35.55545],[115.50425,35.72283],[115.87378,35.86551],[115.86345,35.92504],[115.96572,35.98592],[116.03367,35.96581],[116.09171,36.06824],[116.07729,36.10312],[115.46823,35.91293],[115.32033,35.78107],[115.33573,35.93644],[115.42399,35.9946],[115.46032,36.15787],[115.44885,36.24916],[115.35418,36.30295],[115.27615,36.47974],[115.47784,36.75357],[115.66439,36.81527],[115.77302,36.9457],[115.97502,37.3217],[116.22653,37.36346],[116.21991,37.46236],[116.35009,37.62091],[116.42517,37.48071],[116.7928,37.83826],[117.42062,37.84668],[117.56867,38.04892],[117.75408,38.12816],[117.78354,38.24686],[117.9417,38.23395]]],[[[120.75733,37.92267],[120.72633,37.90884],[120.72706,37.94766],[120.75733,37.92267]]],[[[120.61899,37.98115],[120.60939,37.95502],[120.60678,37.97989],[120.61899,37.98115]]],[[[120.72731,37.96943],[120.695,37.97468],[120.6902,37.99063],[120.72731,37.96943]]],[[[120.77272,38.16543],[120.74659,38.16185],[120.74269,38.18757],[120.77272,38.16543]]],[[[120.80006,38.2875],[120.81983,38.31367],[120.83375,38.31257],[120.80006,38.2875]]],[[[120.90691,38.39256],[120.92319,38.38325],[120.90756,38.38516],[120.90691,38.39256]]]]}},{"type":"Feature","properties":{"id":"cn-sh","lat":31.07372,"lng":121.38452},"geometry":{"type":"MultiPolygon","coordinates":[[[[121.32534,31.49232],[121.72516,31.28157],[121.95082,30.98208],[121.96008,30.87426],[121.54294,30.81649],[121.27481,30.69124],[121.09414,30.84078],[120.98489,30.82649],[120.98427,30.99237],[120.90934,31.01172],[120.86521,31.13572],[121.06298,31.15368],[121.06127,31.26662],[121.12887,31.28026],[121.18679,31.45751],[121.32534,31.49232]]],[[[121.86785,31.3662],[121.87745,31.31965],[121.83473,31.29255],[121.7942,31.3688],[121.86785,31.3662]]],[[[121.7256,31.40274],[121.76637,31.32062],[121.58448,31.44139],[121.7256,31.40274]]],[[[121.98009,31.5403],[121.97785,31.47777],[121.81733,31.44665],[121.31446,31.65558],[121.17629,31.78432],[121.26407,31.84108],[121.38613,31.81174],[121.98009,31.5403]]]]}},{"type":"Feature","properties":{"id":"cn-sn","lat":35.73684,"lng":109.55086},"geometry":{"type":"Polygon","coordinates":[[[109.33599,31.70525],[109.11766,31.90573],[108.46359,32.25661],[108.06465,32.23108],[107.99049,32.14522],[107.6592,32.38862],[107.45962,32.40864],[107.44179,32.53285],[107.20217,32.45277],[107.06998,32.52293],[107.09778,32.65801],[107.05293,32.71426],[106.72313,32.74164],[106.22895,32.59196],[106.0595,32.70609],[106.09552,32.86838],[105.87548,32.84471],[105.80598,32.75505],[105.61369,32.70258],[105.49855,32.9074],[105.66707,32.8875],[105.89176,32.9854],[105.92468,33.2241],[105.74717,33.29399],[105.71513,33.37481],[105.99294,33.61064],[106.1706,33.56224],[106.40584,33.61738],[106.49555,33.54359],[106.55947,33.59862],[106.47152,33.71239],[106.4909,33.85558],[106.4232,33.92516],[106.52438,34.12097],[106.58743,34.13745],[106.49679,34.26649],[106.67879,34.26039],[106.67362,34.38467],[106.59632,34.47293],[106.36837,34.52022],[106.31773,34.58334],[106.54319,34.82005],[106.49121,35.03011],[106.5834,35.08489],[106.91485,35.08905],[107.21085,34.89177],[107.31048,34.94324],[107.72451,34.95316],[107.84244,34.99812],[107.67222,35.22059],[107.74167,35.31836],[107.97184,35.22261],[108.15498,35.29056],[108.5039,35.27482],[108.6149,35.38451],[108.49093,35.87642],[108.67495,35.99982],[108.69913,36.13593],[108.64436,36.24854],[108.70368,36.35897],[108.21875,36.59859],[108.0417,36.59774],[107.88652,36.75538],[107.28196,36.9149],[107.32697,37.15536],[107.23803,37.30635],[107.3172,37.59019],[107.49642,37.76111],[107.64369,37.78028],[107.65765,37.85294],[107.92874,37.78534],[108.03871,37.63251],[108.75432,37.67545],[108.7907,37.94177],[108.85153,37.99024],[108.94263,37.91825],[109.03539,38.07522],[108.95224,38.21224],[109.04537,38.42246],[109.31315,38.62049],[109.40348,38.75422],[109.5489,38.79525],[109.67427,39.01121],[110.17408,39.27993],[110.11279,39.43204],[110.21553,39.43018],[110.34709,39.31628],[110.51344,39.37196],[110.64625,39.24427],[110.90024,39.50679],[111.12731,39.58058],[111.041,39.42297],[111.22673,39.29703],[111.118,39.06744],[110.9729,38.97429],[111.00359,38.90259],[110.87182,38.62136],[110.89714,38.53545],[110.49995,38.16615],[110.51504,37.955],[110.74294,37.76488],[110.70537,37.71367],[110.79477,37.65843],[110.78877,37.56143],[110.6371,37.41823],[110.68738,37.35723],[110.66501,37.28227],[110.44528,37.02162],[110.37329,37.01787],[110.4183,36.96731],[110.37696,36.77517],[110.44125,36.72654],[110.39009,36.68892],[110.49892,36.52459],[110.44724,36.14188],[110.61984,35.59726],[110.33541,35.19801],[110.23744,34.80139],[110.25227,34.66326],[110.33604,34.61585],[110.34038,34.43681],[110.47696,34.35733],[110.43381,34.2614],[110.61829,34.16246],[110.59333,34.04586],[110.64423,33.96961],[110.5938,33.87974],[110.96824,33.59883],[111.01558,33.37445],[110.9746,33.26647],[110.81756,33.1949],[110.74774,33.09589],[110.61044,33.14888],[110.53933,33.24611],[110.43861,33.17446],[110.23444,33.15632],[109.65969,33.26409],[109.46229,33.18903],[109.45314,33.14816],[109.75338,33.0838],[109.73959,32.93001],[109.7832,32.9012],[110.09584,32.84125],[110.17129,32.63305],[110.01332,32.54915],[109.65814,32.59912],[109.57944,32.54122],[109.5613,32.40503],[109.48606,32.34666],[109.6738,32.06936],[109.59396,31.7376],[109.33599,31.70525]]]}},{"type":"Feature","properties":{"id":"cn-sx","lat":37.69152,"lng":112.41659},"geometry":{"type":"Polygon","coordinates":[[[114.1541,40.74258],[114.29512,40.36679],[114.51067,40.32498],[114.09963,40.19682],[114.06082,40.08667],[113.99597,40.13181],[113.92445,40.02908],[114.05803,39.92449],[114.38809,39.85762],[114.40214,39.65846],[114.54095,39.53123],[114.40561,39.18391],[114.26799,39.08208],[114.11668,39.06557],[114.02119,39.11927],[113.85334,39.07229],[113.75423,38.93127],[113.82512,38.81027],[113.5345,38.53729],[113.53946,38.25214],[113.79066,38.15286],[114.10645,37.66938],[114.05152,37.49797],[113.75433,37.11494],[113.77081,36.86819],[113.67924,36.8716],[113.60777,36.76907],[113.43838,36.71946],[113.54736,36.54852],[113.53512,36.48338],[113.72177,36.35484],[113.59031,35.78665],[113.60958,35.6341],[113.46763,35.50564],[112.90275,35.24059],[112.6746,35.31219],[112.52598,35.22028],[112.05846,35.23449],[112.03815,35.04577],[111.82943,35.08256],[111.55767,34.8634],[111.13867,34.81922],[110.98995,34.72196],[110.91083,34.73251],[110.88381,34.6661],[110.64764,34.60215],[110.2701,34.63732],[110.23744,34.80139],[110.33541,35.19801],[110.61984,35.59726],[110.44724,36.14188],[110.49892,36.52459],[110.39009,36.68892],[110.44125,36.72654],[110.37696,36.77517],[110.4183,36.96731],[110.37329,37.01787],[110.44528,37.02162],[110.66501,37.28227],[110.68738,37.35723],[110.6371,37.41823],[110.78877,37.56143],[110.79477,37.65843],[110.70537,37.71367],[110.74294,37.76488],[110.51504,37.955],[110.49995,38.16615],[110.89714,38.53545],[110.87182,38.62136],[111.00359,38.90259],[110.9729,38.97429],[111.118,39.06744],[111.22673,39.29703],[111.11004,39.38519],[111.34269,39.44441],[111.45297,39.64525],[111.84695,39.6288],[112.27928,40.22897],[112.39922,40.28834],[112.71563,40.17099],[112.81573,40.20243],[112.95055,40.35043],[113.18315,40.42529],[113.32376,40.32056],[113.48732,40.33315],[113.67661,40.42854],[114.06873,40.49792],[114.02842,40.64243],[114.1541,40.74258]]]}},{"type":"Feature","properties":{"id":"cn-tj","lat":39.38842,"lng":117.38943},"geometry":{"type":"Polygon","coordinates":[[[118.00956,39.21855],[117.71542,39.1114],[117.77526,38.98106],[117.70191,38.99531],[117.584,38.81159],[117.54355,38.62132],[117.24853,38.56315],[117.07273,38.62415],[117.03563,38.70772],[116.88075,38.6994],[116.68774,38.87494],[116.70061,39.00041],[116.91011,39.13007],[116.82613,39.21655],[116.85316,39.35225],[116.79342,39.60231],[116.87564,39.68647],[117.17438,39.63293],[117.1843,39.80879],[117.26311,39.85124],[117.17965,39.8794],[117.14844,39.95575],[117.36367,40.18049],[117.3568,40.25703],[117.75532,40.05817],[117.77269,39.9649],[117.50299,39.99291],[117.53312,39.75042],[117.62727,39.66047],[117.62479,39.57846],[117.71357,39.53314],[117.75625,39.58151],[117.90508,39.55389],[117.8762,39.4246],[118.00792,39.34266],[118.00956,39.21855]]]}},{"type":"Feature","properties":{"id":"cn-x01~","lat":16.04637,"lng":111.75648},"geometry":{"type":"MultiPolygon","coordinates":[[[[111.2046,15.77924],[111.19939,15.78921],[111.20753,15.78929],[111.2046,15.77924]]],[[[111.75343,16.04743],[111.76588,16.04531],[111.7531,16.04466],[111.75343,16.04743]]],[[[111.59986,16.52749],[111.60963,16.52827],[111.60629,16.52424],[111.59986,16.52749]]],[[[112.73015,16.66022],[112.72877,16.66926],[112.73683,16.66022],[112.73015,16.66022]]],[[[112.32716,16.82974],[112.33546,16.83259],[112.33318,16.82502],[112.32716,16.82974]]],[[[112.33367,16.92642],[112.34108,16.92699],[112.3405,16.92357],[112.33367,16.92642]]]]}},{"type":"Feature","properties":{"id":"cn-xj","lat":41.68436,"lng":86.92476},"geometry":{"type":"Polygon","coordinates":[[[77.88313,35.43107],[77.80035,35.49541],[77.38373,35.472],[76.89642,35.58961],[76.57076,35.75126],[76.53717,35.90251],[76.40312,35.83099],[76.16603,35.80624],[76.08996,35.97812],[75.9,36.06349],[76.01441,36.2304],[75.97658,36.46263],[75.84977,36.64474],[75.64978,36.75404],[75.43191,36.72293],[75.37796,36.89429],[75.31347,36.92876],[75.10015,36.99412],[74.92497,36.97087],[74.87236,36.9071],[74.79257,37.01516],[74.66245,37.05448],[74.54235,37.02167],[74.38257,37.12657],[74.36831,37.16706],[74.72146,37.29778],[74.79402,37.21393],[74.89231,37.23111],[75.16412,37.40064],[74.89189,37.5992],[74.96517,37.76746],[74.88611,37.83056],[74.88042,38.02166],[74.79071,38.08145],[74.77107,38.29154],[74.83288,38.46365],[74.31343,38.66922],[74.12336,38.66947],[74.03727,38.59847],[74.04554,38.53041],[73.93288,38.52967],[73.79739,38.60284],[73.73641,38.72167],[73.6808,38.87298],[73.82912,38.96016],[73.60784,39.20732],[73.63264,39.44834],[73.83831,39.47568],[73.92162,39.58213],[73.81857,39.78605],[73.95789,40.02143],[74.1676,40.10639],[74.36986,40.10582],[74.70575,40.33129],[74.86213,40.32617],[74.7874,40.42074],[74.83536,40.51164],[75.19389,40.44125],[75.52379,40.63318],[75.58767,40.61194],[75.66694,40.45025],[75.68182,40.2917],[75.90186,40.29888],[76.24416,40.4412],[76.33015,40.34808],[76.62078,40.61132],[76.64786,40.76485],[76.86097,41.01321],[77.00773,41.04421],[77.50352,40.98107],[77.83104,41.06297],[78.07496,41.03951],[78.34946,41.2704],[78.3599,41.37753],[78.65828,41.53245],[79.28232,41.7835],[79.74751,41.87974],[79.84291,42.00183],[80.23121,42.03369],[80.21033,42.18952],[80.26841,42.23797],[80.14377,42.64476],[80.24826,42.8162],[80.5486,42.87847],[80.37383,42.97518],[80.36815,43.02846],[80.79345,43.14946],[80.74849,43.27516],[80.64286,43.32622],[80.71273,43.45887],[80.3389,44.12149],[80.35585,44.65288],[80.49228,44.72797],[80.24474,44.81597],[79.99174,44.79365],[79.86864,44.84936],[79.8582,44.90372],[80.10336,45.03219],[80.39006,45.04578],[80.44535,45.10422],[80.69712,45.14365],[80.85385,45.1265],[81.66523,45.34798],[81.76517,45.30773],[81.79364,45.19564],[81.95012,45.14448],[82.24529,45.23181],[82.53975,45.12365],[82.63199,45.41583],[82.29149,45.53319],[82.48895,45.90169],[82.56827,46.19651],[82.98551,46.94251],[83.02147,47.20591],[83.15036,47.21154],[83.90535,46.97396],[84.66354,46.98385],[84.7516,46.91799],[84.73961,46.81477],[84.91604,46.85055],[85.22584,47.04157],[85.49864,47.05183],[85.67899,47.27489],[85.67036,47.38434],[85.58457,47.49294],[85.51538,47.92028],[85.71867,48.35883],[85.78368,48.40759],[86.19203,48.41823],[86.56508,48.52732],[86.752,48.71543],[86.78946,48.83914],[86.70942,48.95422],[86.85948,49.10532],[87.11632,49.12977],[87.40043,49.07101],[87.81632,49.16584],[87.8726,48.96802],[87.73788,48.86937],[87.82108,48.78829],[88.05941,48.70809],[87.94283,48.59949],[87.98303,48.55233],[88.50269,48.39255],[88.59623,48.19768],[88.91683,48.10595],[89.04555,47.99299],[89.5418,48.03102],[89.7513,47.82432],[90.04461,47.87977],[90.08285,47.7561],[90.3448,47.65864],[90.48722,47.37819],[90.46872,47.30892],[90.71212,47.0147],[90.88513,46.94473],[91.00481,46.74043],[90.99592,46.59463],[91.0475,46.56641],[90.89619,46.30203],[91.00244,46.02184],[90.71077,45.7522],[90.65114,45.49314],[90.75325,45.42095],[90.87324,45.18618],[91.0568,45.21755],[91.24914,45.1297],[91.43848,45.14613],[91.53398,45.0711],[92.04299,45.07482],[92.2189,45.01012],[92.84759,45.03911],[93.52528,44.95126],[93.714,44.87458],[93.92742,44.67293],[94.18188,44.66084],[94.33846,44.51212],[94.58805,44.4361],[94.69823,44.3435],[95.03681,44.25497],[95.39772,44.2805],[95.32269,44.15824],[95.31897,44.01711],[95.53528,43.95768],[95.87439,43.2471],[96.33069,42.88971],[96.36634,42.72292],[96.05339,42.54107],[96.0444,42.01315],[95.86395,41.85502],[95.05826,41.78856],[94.58092,41.58521],[94.01104,41.10403],[93.57747,40.58796],[93.28633,40.46926],[92.94154,40.47257],[92.91534,40.09331],[92.7645,39.86243],[92.95146,39.44168],[92.93596,39.15286],[92.36757,39.06289],[92.12273,38.94065],[91.29441,38.74513],[90.6593,38.67712],[90.38092,38.48618],[90.15928,38.44584],[90.43927,37.99608],[90.42263,37.78855],[91.08165,37.48329],[91.31632,37.11897],[91.29875,37.01764],[90.82643,36.92361],[90.69,36.77626],[90.69775,36.65546],[90.76028,36.59061],[91.00672,36.50348],[91.13576,36.14064],[91.11132,36.07392],[90.8534,36.00473],[90.62266,36.11113],[90.15422,36.13247],[90.02957,36.25885],[89.94612,36.08002],[89.67781,36.08196],[89.22363,36.26358],[88.98292,36.27608],[88.83864,36.37166],[88.39825,36.45483],[87.57091,36.3338],[87.3456,36.37406],[87.17988,36.30101],[86.47475,36.22394],[86.21234,36.11594],[86.08744,35.87559],[85.95122,35.76407],[85.72885,35.76609],[85.57135,35.65604],[85.44257,35.75206],[85.14977,35.74981],[84.17432,35.37681],[84.00906,35.41851],[83.61508,35.35901],[83.12178,35.40443],[82.97176,35.49044],[82.95683,35.6572],[82.82542,35.69177],[82.71044,35.65018],[82.41454,35.68573],[82.31893,35.63374],[82.28917,35.54496],[82.06613,35.43365],[82.00221,35.31945],[81.6042,35.23692],[81.07353,35.38947],[80.97886,35.2934],[80.48602,35.40425],[80.2742,35.5276],[80.17617,35.25325],[80.01417,35.08592],[80.03789,34.98996],[79.88384,34.9196],[79.96001,34.69739],[79.79397,34.43102],[79.48112,34.47118],[79.2045,34.43945],[78.95694,34.33996],[78.66458,34.52642],[78.29603,34.62466],[78.00116,35.26891],[78.04426,35.49163],[77.88313,35.43107]]]}},{"type":"Feature","properties":{"id":"cn-xz","lat":31.884,"lng":87.05665},"geometry":{"type":"Polygon","coordinates":[[[78.91769,33.38626],[78.78137,33.55279],[78.73011,34.07926],[78.97619,34.21716],[78.95694,34.33996],[79.03769,34.38467],[79.48112,34.47118],[79.79397,34.43102],[79.96001,34.69739],[79.88384,34.9196],[80.03789,34.98996],[80.01417,35.08592],[80.17617,35.25325],[80.2742,35.5276],[80.48602,35.40425],[80.97886,35.2934],[81.07353,35.38947],[81.6042,35.23692],[82.00221,35.31945],[82.06613,35.43365],[82.28917,35.54496],[82.31893,35.63374],[82.41454,35.68573],[82.71044,35.65018],[82.82542,35.69177],[82.95683,35.6572],[82.97176,35.49044],[83.12178,35.40443],[83.61508,35.35901],[84.00906,35.41851],[84.17432,35.37681],[85.14977,35.74981],[85.44257,35.75206],[85.57135,35.65604],[85.72885,35.76609],[85.95122,35.76407],[86.08744,35.87559],[86.21234,36.11594],[86.47475,36.22394],[87.17988,36.30101],[87.3456,36.37406],[87.57091,36.3338],[88.27676,36.44858],[88.83864,36.37166],[88.97491,36.27872],[89.22363,36.26358],[89.67781,36.08196],[89.43514,35.9878],[89.51162,35.86391],[89.79264,35.81805],[89.69068,35.51985],[89.73755,35.44998],[89.49162,35.3504],[89.45405,35.22462],[89.57167,35.07331],[89.56919,34.94805],[89.77822,34.93043],[89.82525,34.84609],[89.71585,34.72506],[89.84447,34.35795],[89.78659,34.19853],[89.6359,34.07448],[89.74189,33.90951],[89.887,33.81385],[89.97511,33.63056],[90.16021,33.56043],[90.20569,33.4015],[90.30563,33.29507],[90.77382,33.13911],[90.94001,33.23663],[91.12791,33.25433],[91.17757,33.33456],[91.37073,33.33572],[91.54266,33.08033],[91.97685,32.84862],[92.19611,32.86864],[92.22138,32.74498],[92.99777,32.74152],[93.04396,32.65232],[93.19574,32.66715],[93.49489,32.51404],[93.73416,32.57246],[93.85239,32.49977],[94.11077,32.47823],[94.335,32.54995],[94.35675,32.61408],[94.61493,32.67274],[94.92437,32.45603],[94.9684,32.31958],[95.39622,32.16207],[95.42434,32.0183],[95.35431,31.95441],[95.48686,31.74667],[96.06207,31.71377],[96.19302,31.53474],[96.23602,31.57774],[96.22284,31.71998],[96.14124,31.79705],[96.18264,31.87116],[96.30743,31.90619],[96.46458,31.76067],[96.76374,31.68091],[96.78968,31.89684],[96.73769,31.96885],[97.14284,32.01267],[97.25487,32.07579],[97.27694,32.25229],[97.3885,32.28077],[97.39316,32.38497],[97.32598,32.41223],[97.36086,32.50019],[97.63087,32.44409],[97.71572,32.54419],[98.20577,32.35565],[98.22019,32.25219],[98.45299,31.98409],[98.42565,31.81341],[98.88495,31.35408],[98.7678,31.23037],[98.6491,31.31669],[98.60378,31.16975],[98.80304,30.99098],[98.7877,30.88088],[98.96071,30.72719],[98.90536,30.66381],[99.05631,29.91533],[98.98675,29.6509],[99.10881,29.22377],[98.98024,29.19315],[99.00773,29.04373],[98.91709,28.96149],[98.95089,28.85938],[98.91198,28.82214],[98.85069,28.82008],[98.78305,29.00159],[98.64615,28.96438],[98.67866,28.74912],[98.58921,28.67029],[98.64429,28.4439],[98.57582,28.31755],[98.44756,28.23171],[98.29977,28.35481],[98.24768,28.22003],[98.115,28.14389],[97.99105,28.21401],[97.89752,28.35533],[97.76533,28.35243],[97.6996,28.48803],[97.54622,28.53847],[97.44783,28.2976],[97.3235,28.21748],[97.11555,28.36656],[96.96579,28.33047],[96.71692,28.43654],[96.56152,28.44729],[96.36964,28.37812],[96.30185,28.42071],[96.33646,28.47967],[96.50104,28.68763],[96.59801,28.70991],[96.59258,28.75788],[96.45761,28.99459],[96.36657,29.03654],[96.19532,28.94111],[96.17463,29.10884],[96.31642,29.17186],[96.36624,29.25723],[96.23529,29.24121],[96.14197,29.36847],[96.07454,29.36929],[95.74478,29.34043],[95.71716,29.21828],[95.56443,29.24561],[95.48758,29.06899],[95.36741,29.0365],[94.77657,29.1667],[94.70422,29.2847],[94.59994,29.31664],[94.51478,29.22106],[94.2875,29.14794],[94.27079,29.09793],[94.34731,29.02435],[94.25018,28.93311],[93.99202,28.84465],[93.92779,28.68275],[93.44621,28.67189],[93.31717,28.60346],[93.18629,28.432],[93.20782,28.34054],[92.67861,28.13306],[92.63892,28.05749],[92.73639,27.98591],[92.68367,27.91045],[92.57498,27.84781],[92.39284,27.85603],[92.30385,27.78616],[92.23957,27.86528],[91.95225,27.72482],[91.62834,27.85269],[91.63795,27.93974],[91.41884,27.99473],[91.29017,28.09141],[91.05194,27.96279],[90.66747,28.09033],[90.47523,28.07234],[90.58773,28.2333],[90.3869,28.29914],[90.29147,28.26135],[90.22559,28.3584],[89.91613,28.3156],[89.75584,28.18438],[89.56149,28.13464],[89.22492,27.80781],[89.12466,27.61485],[88.97837,27.53028],[88.97193,27.31238],[88.89233,27.31554],[88.75978,27.43507],[88.74102,27.54571],[88.85388,27.84368],[88.81771,27.99488],[88.61049,28.10583],[88.37877,27.98263],[88.11574,27.94726],[88.11822,27.86088],[87.83669,27.90832],[87.72682,27.80776],[87.36912,27.80394],[87.36384,27.85525],[87.1558,27.8258],[87.00568,27.9515],[86.7398,28.0215],[86.68006,28.10573],[86.55356,28.10415],[86.51046,27.95243],[86.4253,27.90993],[86.20304,28.00258],[86.15596,28.15652],[86.06873,28.07676],[86.11286,27.9268],[85.98026,27.88517],[85.86337,28.14335],[85.73449,28.22153],[85.69294,28.33522],[85.61181,28.25115],[85.0874,28.30411],[85.07758,28.43568],[85.16098,28.595],[85.05494,28.63869],[84.92849,28.53847],[84.81196,28.54198],[84.61621,28.69365],[84.45085,28.73388],[84.37659,28.84884],[84.20673,28.94066],[84.23143,29.02598],[84.08973,29.25661],[83.91439,29.2894],[83.69549,29.22618],[83.63927,29.15476],[83.52372,29.18359],[83.3552,29.46073],[83.26394,29.47301],[83.17356,29.62127],[83.06494,29.57879],[82.9759,29.66403],[82.83658,29.65979],[82.54181,29.92324],[82.15383,30.05817],[82.08877,30.33009],[81.61401,30.4169],[81.50937,30.32838],[81.38752,30.37391],[81.35005,30.15723],[81.26696,30.12509],[81.21683,30.0082],[81.09777,30.01693],[80.97602,30.25521],[80.59635,30.4598],[80.17984,30.55948],[80.16661,30.67441],[80.23141,30.72495],[80.1571,30.79316],[80.06253,30.78479],[79.8335,30.96152],[79.57781,30.93837],[79.40159,31.02364],[79.1314,31.43843],[79.07021,31.46138],[78.92101,31.26968],[78.7451,31.30812],[78.76256,31.44511],[78.69952,31.51002],[78.81889,31.60737],[78.67089,31.77052],[78.74458,31.9642],[78.45798,32.22966],[78.45219,32.41678],[78.38481,32.54755],[78.73683,32.62984],[78.77145,32.46166],[78.94343,32.34637],[79.07531,32.37079],[79.11293,32.47239],[79.28741,32.53258],[79.32047,32.59227],[79.4435,32.53477],[79.62067,32.72872],[79.41409,32.97205],[79.33359,32.99429],[79.39927,33.02688],[79.37317,33.11214],[79.4561,33.2504],[79.09803,33.28766],[78.91769,33.38626]]]}},{"type":"Feature","properties":{"id":"cn-yn","lat":25.13628,"lng":101.22785},"geometry":{"type":"Polygon","coordinates":[[[101.86792,22.37884],[101.71315,22.49155],[101.60122,22.27699],[101.51575,22.24536],[101.80384,21.62592],[101.7362,21.57088],[101.71511,21.32113],[101.82374,21.23447],[101.75599,21.14326],[101.58179,21.17566],[101.58396,21.22439],[101.51761,21.24263],[101.24434,21.19287],[101.23313,21.37172],[101.17143,21.4034],[101.16884,21.63785],[101.0828,21.76674],[100.83491,21.65754],[100.62174,21.46908],[100.45669,21.45502],[100.34197,21.53037],[100.1625,21.43637],[100.08607,21.55093],[100.14281,21.65491],[99.95026,21.72116],[99.94241,22.04553],[99.82102,22.01778],[99.14447,22.15353],[99.24307,22.39316],[99.35779,22.49548],[99.30797,22.74518],[99.41443,22.8569],[99.41339,22.93075],[99.53804,22.92643],[99.49308,23.05738],[99.33381,23.12962],[99.21661,23.05738],[99.02644,23.16045],[98.85901,23.17939],[98.91069,23.2976],[98.85343,23.32488],[98.8896,23.40679],[98.78087,23.53285],[98.85601,23.61001],[98.79317,23.75847],[98.66367,23.79695],[98.65882,23.96112],[98.85622,24.0838],[98.86573,24.14569],[98.58523,24.07571],[98.43495,24.13026],[98.10505,24.10153],[97.62467,23.84671],[97.51646,23.94283],[97.72006,24.14744],[97.6473,24.43233],[97.51325,24.43859],[97.53279,24.72332],[97.66394,24.82978],[97.76523,24.83466],[97.6996,25.06501],[97.80099,25.23763],[97.90992,25.20756],[98.0449,25.31194],[98.11208,25.39623],[98.14009,25.61146],[98.31207,25.55746],[98.4981,25.83072],[98.61003,25.8006],[98.69023,25.86555],[98.54554,26.10564],[98.61933,26.14574],[98.64445,26.09789],[98.70553,26.17494],[98.64217,26.25452],[98.75555,26.62504],[98.73778,27.04869],[98.67256,27.1756],[98.67928,27.57734],[98.41025,27.68425],[98.38328,27.55579],[98.2947,27.53662],[98.14009,27.87856],[98.17729,27.91292],[98.10712,27.97307],[98.115,28.14389],[98.24768,28.22003],[98.29977,28.35481],[98.44756,28.23171],[98.57582,28.31755],[98.64429,28.4439],[98.58921,28.67029],[98.67866,28.74912],[98.6353,28.94139],[98.77871,29.00304],[98.85069,28.82008],[98.94562,28.84201],[98.90841,28.93642],[99.00773,29.04373],[98.99017,29.20199],[99.10881,29.22377],[99.09662,28.83594],[99.16256,28.43816],[99.38673,28.13939],[99.37345,28.51893],[99.5029,28.57937],[99.61524,28.80506],[99.71281,28.84581],[99.84562,28.60381],[100.15025,28.32783],[100.16203,28.23626],[100.02824,28.16937],[100.07206,28.04418],[100.28807,27.86437],[100.32063,27.73314],[100.43204,27.84564],[100.54345,27.81709],[100.61467,27.89336],[100.66092,27.8751],[100.97795,27.37365],[101.0088,27.18844],[101.16802,27.19601],[101.15251,27.02734],[101.35033,26.86317],[101.39767,26.73529],[101.5004,26.7748],[101.41245,26.56967],[101.64375,26.36844],[101.57409,26.2986],[101.58236,26.21905],[101.76374,26.17634],[101.84952,26.03485],[101.92156,26.09887],[102.11256,26.08443],[102.25208,26.22886],[102.56814,26.37865],[102.62648,26.34514],[102.60994,26.26021],[102.6811,26.2216],[102.8782,26.36506],[102.98847,26.36519],[103.05793,26.55724],[102.90135,26.92474],[102.88946,27.29149],[102.95483,27.42078],[103.12077,27.41225],[103.21812,27.56687],[103.29621,27.58785],[103.28442,27.64051],[103.4517,27.75999],[103.56498,27.98312],[103.44121,28.0424],[103.45511,28.13394],[103.5718,28.24319],[103.64378,28.2705],[103.72228,28.21554],[103.88031,28.32574],[103.79525,28.53118],[103.85106,28.66812],[103.97307,28.61311],[104.24835,28.662],[104.44296,28.62453],[104.24989,28.52009],[104.2685,28.3338],[104.41733,28.23931],[104.44306,28.11051],[104.32844,28.02307],[104.4921,27.8859],[104.60476,27.84585],[104.888,27.89577],[105.01739,28.08524],[105.28239,28.00075],[105.22813,27.85579],[105.29696,27.72174],[105.19289,27.39502],[105.06876,27.41119],[104.85632,27.30681],[104.51556,27.31828],[104.361,27.44701],[104.17435,27.27151],[103.93984,27.39903],[103.59629,27.06967],[103.63712,27.01843],[103.70647,27.05],[103.7783,26.95587],[103.71515,26.81596],[103.82925,26.54711],[104.02707,26.51538],[104.12375,26.6439],[104.33061,26.63127],[104.41717,26.71816],[104.67695,26.38162],[104.54518,26.27041],[104.49898,26.03079],[104.39004,25.94361],[104.38849,25.77153],[104.29863,25.7545],[104.3087,25.65239],[104.42988,25.57138],[104.43345,25.50067],[104.5461,25.50129],[104.56584,25.38119],[104.78909,25.25076],[104.71974,25.21094],[104.70485,25.00873],[104.48306,24.66578],[104.56926,24.44342],[104.69803,24.32831],[104.73545,24.46567],[105.09341,24.42688],[105.17552,24.31562],[105.17552,24.14594],[105.28291,24.07406],[105.29671,24.12935],[105.4722,24.04251],[105.6016,24.14152],[105.66738,24.06091],[105.87223,24.02471],[106.02111,24.11091],[106.19965,23.85369],[106.13309,23.80749],[106.1241,23.53058],[106.00488,23.46996],[105.84339,23.51688],[105.69239,23.34736],[105.63172,23.3517],[105.52133,23.16315],[105.29366,23.36628],[105.2009,23.25401],[104.88086,23.17171],[104.79792,23.08557],[104.82361,22.92413],[104.71534,22.82708],[104.55354,22.83605],[104.34017,22.68637],[104.23682,22.74208],[104.24116,22.8244],[104.08686,22.79156],[103.95952,22.5071],[103.64693,22.79905],[103.50364,22.58141],[103.32158,22.79039],[103.00894,22.43031],[102.90259,22.47723],[102.83184,22.59971],[102.53579,22.69582],[102.46778,22.76859],[102.35585,22.66993],[102.38432,22.62885],[102.21803,22.41068],[101.99499,22.44742],[101.86792,22.37884]]]}},{"type":"Feature","properties":{"id":"cn-zj","lat":29.17351,"lng":119.75003},"geometry":{"type":"MultiPolygon","coordinates":[[[[121.074,27.47948],[121.06726,27.43677],[121.04611,27.4652],[121.074,27.47948]]],[[[121.11402,27.84414],[121.17123,27.81879],[121.09799,27.81782],[121.11402,27.84414]]],[[[121.04469,27.95197],[121.11134,27.98379],[121.13917,27.95698],[121.04469,27.95197]]],[[[121.26783,28.08454],[121.15157,28.04123],[121.12037,28.13569],[121.2564,28.2148],[121.26783,28.08454]]],[[[121.95191,29.15229],[121.88868,29.07233],[121.88136,29.16031],[121.95191,29.15229]]],[[[121.85353,29.09756],[121.78582,29.1197],[121.78981,29.14985],[121.85678,29.13426],[121.85353,29.09756]]],[[[121.27481,30.69124],[120.97776,30.54332],[120.83179,30.30525],[120.69815,30.39395],[120.47915,30.40352],[120.43031,30.38984],[120.37897,30.27352],[120.2579,30.29808],[120.14709,30.19889],[120.27439,30.27762],[120.38472,30.24959],[120.45049,30.36886],[120.62161,30.37256],[120.7344,30.23221],[120.63179,30.12239],[120.68246,30.08491],[120.79225,30.06607],[120.64625,30.12694],[120.75142,30.22563],[120.89281,30.1698],[121.2541,30.34839],[121.42959,30.29298],[121.72193,29.96052],[121.93556,29.88736],[122.12914,29.90378],[121.87315,29.75383],[121.68735,29.56265],[121.44337,29.52424],[121.44259,29.41537],[121.50489,29.48383],[121.48486,29.39054],[121.71095,29.53864],[121.81199,29.49012],[121.84482,29.5362],[121.74496,29.54466],[121.79612,29.60059],[121.91578,29.64085],[121.9712,29.59333],[121.91041,29.52456],[121.97096,29.44912],[121.90048,29.29865],[121.99147,29.25731],[121.94296,29.19587],[121.78535,29.16809],[121.84059,29.31879],[121.78663,29.3745],[121.72433,29.18203],[121.65246,29.18302],[121.64039,29.30663],[121.62892,29.18842],[121.57431,29.30512],[121.50351,29.17894],[121.40854,29.16112],[121.45639,29.13377],[121.4017,29.10651],[121.62143,29.11327],[121.61476,29.05805],[121.53688,29.06118],[121.53207,29.02049],[121.68979,29.01708],[121.68417,28.9147],[121.58741,28.96312],[121.57081,28.93008],[121.51686,28.95637],[121.49179,28.92837],[121.66993,28.82534],[121.62143,28.73591],[121.35117,28.71186],[121.14235,28.84585],[121.29933,28.72289],[121.25839,28.67512],[121.51013,28.65706],[121.58162,28.50469],[121.51157,28.48949],[121.60774,28.4772],[121.65634,28.3393],[121.62135,28.2851],[121.58554,28.25682],[121.49999,28.33267],[121.40895,28.30492],[121.33009,28.14753],[121.2617,28.22579],[121.22517,28.23886],[121.20314,28.33186],[121.26466,28.36603],[121.16896,28.38483],[121.13025,28.30555],[121.02499,28.30459],[121.1218,28.28436],[121.12475,28.23552],[120.96523,27.98715],[120.60605,28.04222],[120.577,28.11563],[120.55958,28.11278],[120.58896,28.02668],[120.8353,27.95596],[120.86836,27.88256],[120.72261,27.71591],[120.63527,27.76333],[120.67563,27.65965],[120.59657,27.57028],[120.67807,27.46646],[120.63527,27.37971],[120.54591,27.40327],[120.51783,27.20161],[120.46835,27.1822],[120.35134,27.37497],[120.23466,27.41303],[119.77008,27.31588],[119.60436,27.66906],[119.53031,27.65839],[119.45987,27.5199],[119.25673,27.4198],[118.89861,27.48773],[118.88947,27.72216],[118.74813,27.9732],[118.80084,28.23081],[118.73521,28.32597],[118.516,28.26228],[118.44644,28.28869],[118.42552,28.6952],[118.22713,28.95808],[118.00962,29.11262],[118.052,29.27532],[118.16264,29.33036],[118.17473,29.40787],[118.31994,29.49102],[118.3895,29.45632],[118.72374,29.7302],[118.73614,29.82265],[118.89396,29.98259],[118.8811,30.32435],[118.95432,30.35479],[119.23782,30.29864],[119.39238,30.36843],[119.32629,30.51496],[119.24293,30.55658],[119.36029,30.68045],[119.45145,30.64813],[119.57826,30.8552],[119.65309,31.15908],[119.90941,31.16492],[120.12862,30.94318],[120.4378,30.90116],[120.49097,30.7637],[120.70533,30.88165],[120.6921,30.97656],[120.96918,31.00945],[120.98489,30.82649],[121.0853,30.84388],[121.25614,30.74407],[121.27481,30.69124]]],[[[121.9935,29.91885],[121.9336,29.92133],[121.95997,29.95319],[121.9935,29.91885]]],[[[121.90919,30.04499],[121.88966,29.98395],[121.82887,29.9975],[121.85304,30.08714],[121.90919,30.04499]]],[[[122.16977,29.67504],[122.12745,29.66901],[122.03533,29.73998],[122.11476,29.78852],[122.16977,29.67504]]],[[[122.29558,29.77912],[122.25131,29.8061],[122.2317,29.83625],[122.31202,29.82905],[122.29558,29.77912]]],[[[122.40675,29.9527],[122.39519,29.83332],[122.33546,29.96133],[122.40675,29.9527]]],[[[122.29713,30.06257],[122.29363,29.93378],[122.01051,30.00031],[121.96314,30.1424],[122.16481,30.12051],[122.29713,30.06257]]],[[[122.29477,30.23672],[122.33188,30.27367],[122.39991,30.2746],[122.41066,30.25471],[122.29477,30.23672]]],[[[122.21144,30.34662],[122.20232,30.24193],[122.07358,30.29141],[122.21144,30.34662]]],[[[122.42311,30.41494],[122.28541,30.42206],[122.27662,30.4798],[122.42311,30.41494]]],[[[122.52931,30.72077],[122.43198,30.69798],[122.42994,30.74307],[122.52931,30.72077]]]]}}]}
