{"type":"FeatureCollection","features":[{"type":"Feature","properties":{"id":"ru-ad","lat":44.48694,"lng":40.13669},"geometry":{"type":"Polygon","coordinates":[[[39.63493,45.19352],[39.8901,45.08079],[40.25566,45.0881],[40.52758,44.91519],[40.7284,44.60777],[40.75413,44.47457],[40.64065,44.45762],[40.67652,44.53568],[40.53937,44.73329],[40.4047,44.7374],[40.32367,44.60841],[40.40635,44.4993],[40.43808,44.29161],[40.36646,44.19805],[40.38341,44.03339],[40.45668,43.96574],[40.32036,43.76028],[39.72422,43.93194],[39.73724,44.18655],[39.81331,44.1849],[39.95997,44.0646],[40.07862,44.23663],[39.79357,44.35021],[39.92049,44.59268],[39.91491,44.69862],[40.02663,44.73618],[39.8838,45.00743],[39.73972,44.93194],[39.6805,44.98123],[39.60309,44.95855],[39.66717,45.01002],[39.63916,45.03397],[39.49984,45.0373],[39.49643,44.95374],[39.6372,44.87075],[39.46987,44.79468],[39.0638,44.81034],[38.67292,44.95565],[38.68594,45.03658],[38.80665,45.00454],[38.90618,45.05012],[39.07765,44.96377],[39.31525,44.99896],[39.63493,45.19352]]]}},{"type":"Feature","properties":{"id":"ru-al","lat":50.85976,"lng":86.95092},"geometry":{"type":"Polygon","coordinates":[[[87.95678,49.16889],[87.40043,49.07101],[87.3238,49.08527],[87.27176,49.20511],[87.02454,49.24893],[86.91302,49.3387],[86.93307,49.39011],[86.81401,49.45001],[86.82434,49.50923],[86.5918,49.58721],[86.77587,49.695],[86.74838,49.78296],[86.6102,49.79552],[86.27213,49.58364],[86.17725,49.46334],[86.07049,49.52628],[85.94626,49.48137],[85.94057,49.55961],[85.6733,49.56044],[85.61486,49.61713],[85.22361,49.59573],[85.05629,49.87334],[84.95459,49.90693],[84.95479,49.99049],[85.02833,50.02051],[84.97577,50.07519],[84.24998,50.25993],[84.19562,50.51144],[84.0886,50.63461],[84.54164,50.69107],[84.60727,50.84269],[84.53131,50.87684],[84.50567,50.95994],[84.01795,51.06383],[84.00493,51.12657],[84.14415,51.11972],[84.27912,51.28302],[84.39416,51.26602],[85.00766,51.489],[85.23152,51.46838],[85.29973,51.50841],[85.29457,51.56548],[85.4713,51.56853],[85.53683,51.7001],[85.74539,51.72966],[85.7888,51.84696],[85.74033,51.86061],[85.87655,51.91942],[85.83717,51.98293],[85.92099,52.07212],[86.3684,52.01016],[86.45398,52.03176],[86.49852,52.11852],[86.77386,52.1131],[86.82212,52.15842],[86.78006,52.23307],[86.81137,52.288],[86.61666,52.38502],[86.84982,52.65115],[87.11657,52.66779],[87.17528,52.58692],[87.34964,52.59485],[87.37795,52.50873],[87.63551,52.4498],[87.92376,52.54759],[88.20839,52.41401],[88.42068,52.4539],[88.34575,52.13346],[88.24953,52.11641],[88.21956,52.05563],[88.09512,52.0868],[87.83911,51.81064],[87.84904,51.77214],[88.10587,51.76141],[87.86154,51.54936],[87.92345,51.47903],[88.36373,51.31981],[88.55339,51.33648],[88.66542,51.42363],[88.65932,51.53489],[88.825,51.51649],[88.96721,51.42787],[88.94375,51.233],[89.04059,51.17383],[89.05971,51.0559],[89.86845,50.47454],[89.61988,50.38468],[89.51374,50.46943],[89.51726,50.36979],[89.39561,50.32571],[89.3367,50.21487],[89.50733,50.20438],[89.52129,50.12433],[89.58898,50.10025],[89.5494,50.03948],[89.63321,49.90794],[89.62645,49.78802],[89.70241,49.71996],[89.37194,49.58168],[89.21644,49.63449],[89.19526,49.52153],[89.01408,49.46055],[88.88892,49.54168],[88.87063,49.436],[88.61576,49.49295],[88.19997,49.45435],[88.11553,49.35657],[88.14395,49.27074],[87.95678,49.16889]]]}},{"type":"Feature","properties":{"id":"ru-alt","lat":52.57379,"lng":82.63372},"geometry":{"type":"Polygon","coordinates":[[[79.04275,51.99251],[77.78466,53.32744],[77.93698,53.38925],[77.93605,53.4449],[78.0577,53.46516],[77.92633,53.50004],[77.9253,53.56484],[78.20446,53.61192],[78.24559,53.49994],[78.37664,53.4881],[78.62221,53.52573],[78.60257,53.61606],[78.66562,53.65605],[79.4419,53.69295],[79.69119,53.83666],[79.86244,53.85769],[79.86647,53.93247],[80.12847,54.07515],[80.20557,54.04285],[80.48793,54.10957],[80.58509,54.20253],[80.83861,54.25713],[80.80171,54.33017],[80.92481,54.39606],[81.11622,54.14199],[81.47361,54.07169],[81.58172,54.01665],[81.55402,53.93503],[81.71442,53.99898],[81.85457,53.96864],[81.84692,53.89976],[81.7261,53.84054],[81.83483,53.71305],[82.11306,53.66122],[82.20514,53.69788],[82.17393,53.60153],[82.48554,53.46862],[82.60078,53.50681],[82.54321,53.55565],[82.76345,53.75796],[82.73297,53.7869],[83.18968,54.06538],[83.29489,54.083],[83.4061,53.94058],[83.50171,53.99319],[83.48837,54.08238],[83.56785,54.12641],[83.91212,54.13995],[83.9053,54.09535],[84.26559,54.21571],[84.45793,54.1416],[84.69326,54.33741],[85.16,54.48716],[85.43482,54.21155],[85.60287,54.2339],[86.13917,53.98776],[86.38515,53.78499],[86.45481,53.61404],[86.5688,53.53802],[86.79938,53.47436],[87.00537,53.5081],[86.92279,53.44557],[86.98862,53.41488],[86.86946,53.29788],[86.66658,53.24988],[86.92703,53.0842],[87.07699,53.07521],[87.02314,52.9155],[86.94408,52.85512],[87.07999,52.70882],[87.16815,52.71926],[87.18747,52.63503],[86.84982,52.65115],[86.71133,52.51256],[86.61583,52.37856],[86.81137,52.288],[86.78006,52.23307],[86.82212,52.15842],[86.77386,52.1131],[86.49852,52.11852],[86.45398,52.03176],[86.3684,52.01016],[85.92099,52.07212],[85.83717,51.98293],[85.87655,51.91942],[85.74033,51.86061],[85.7888,51.84696],[85.74539,51.72966],[85.53683,51.7001],[85.4713,51.56853],[85.29457,51.56548],[85.29973,51.50841],[85.23152,51.46838],[85.00766,51.489],[84.39416,51.26602],[84.27912,51.28302],[84.14415,51.11972],[84.01444,51.1376],[84.0102,51.06706],[84.50567,50.95994],[84.60872,50.83617],[84.54164,50.69107],[84.0886,50.63461],[83.97584,50.68637],[83.95056,50.78042],[83.8205,50.86801],[83.32378,51.00242],[83.10757,50.99265],[82.9759,50.88191],[82.72645,50.90072],[82.67276,50.78977],[82.47582,50.71401],[82.32839,50.7521],[82.14732,50.70161],[81.74414,50.78491],[81.46023,50.73034],[81.4008,50.95911],[81.05152,50.9557],[81.15203,51.18654],[81.02211,51.17739],[80.92424,51.21607],[80.90574,51.28356],[80.68275,51.30201],[80.59924,51.20855],[80.42199,51.18757],[80.43905,50.95813],[80.18129,50.87566],[80.14274,50.81711],[80.01541,50.83948],[80.05499,50.75287],[79.04275,51.99251]]]}},{"type":"Feature","properties":{"id":"ru-amu","lat":52.9604,"lng":130.20279},"geometry":{"type":"Polygon","coordinates":[[[123.48154,53.51808],[123.27731,53.56944],[122.85966,53.47395],[122.4016,53.45095],[122.31675,53.49601],[122.02505,53.42982],[121.92592,53.82271],[121.80345,53.96322],[121.64315,54.0121],[121.63354,54.08244],[121.7526,54.1444],[121.7526,54.27622],[121.65483,54.35549],[121.71322,54.41521],[121.8143,54.4358],[121.90184,54.36914],[122.13511,54.42794],[121.92437,54.57504],[121.89678,54.80115],[121.65204,54.74105],[121.67023,54.82601],[121.9467,54.99411],[121.93316,55.12136],[122.02431,55.18521],[121.93926,55.21415],[121.97946,55.48318],[121.89089,55.60095],[121.76893,55.61521],[121.54775,55.50333],[121.36337,55.50736],[121.30167,55.73195],[121.35428,55.80882],[121.207,56.01586],[120.88764,56.01017],[120.46637,55.87152],[120.26928,55.91798],[120.17978,55.87416],[120.06164,56.1382],[120.52684,56.23171],[120.54058,56.27483],[120.26049,56.39521],[120.26608,56.45751],[119.96036,56.49314],[119.80926,56.59763],[119.86589,56.68545],[119.67593,56.77943],[120.30277,57.00414],[120.88878,57.04065],[121.08101,56.98014],[121.40688,56.97552],[121.59871,56.8171],[121.59871,56.74388],[122.1596,56.73837],[122.46667,56.60187],[122.58924,56.48958],[122.78137,56.49779],[122.80308,56.57696],[122.88752,56.59474],[123.28925,56.42348],[123.91536,56.37733],[124.20558,56.1651],[124.25043,56.07534],[124.36908,56.05332],[124.50933,55.87364],[124.67552,55.9046],[124.95767,55.82621],[125.24768,55.87959],[125.42659,55.84465],[125.54627,55.73577],[125.8246,55.79489],[126.05859,55.71396],[126.12753,55.63761],[126.065,55.63676],[126.06159,55.58457],[126.4226,55.55382],[126.61163,55.65306],[126.72449,55.59645],[126.88572,55.61536],[126.94329,55.68663],[127.18762,55.69081],[127.47752,55.55237],[127.67462,55.68317],[127.91057,55.6243],[128.22218,55.66379],[128.49606,55.51666],[128.9565,55.46519],[129.08714,55.52808],[129.0398,55.65195],[129.64338,55.74461],[130.01783,55.68807],[130.69583,55.72471],[131.10696,55.61536],[131.5736,55.61283],[131.61815,55.65324],[131.80367,55.61431],[132.12602,55.64477],[132.23971,55.70404],[132.53065,55.67903],[132.66294,55.56074],[132.62894,55.50008],[132.94551,55.37466],[132.68216,55.36747],[132.68661,55.27017],[132.60641,55.20201],[132.35485,55.19136],[132.38513,55.06395],[132.06205,55.04491],[131.96107,54.99049],[131.97689,54.89252],[131.19947,54.61279],[131.22448,54.5397],[131.11409,54.32327],[130.74213,54.28046],[130.5069,54.11985],[130.47899,53.98231],[130.39858,53.90932],[130.82212,53.83873],[130.92114,53.76778],[131.09673,53.81294],[131.42085,53.75135],[131.5333,53.31419],[131.44586,53.21918],[131.85307,53.23355],[131.83736,53.16197],[131.8942,53.12797],[132.01988,53.13851],[132.09967,53.22233],[132.87502,53.23112],[132.94282,53.28739],[133.15335,53.29117],[133.21516,53.42542],[133.57327,53.54603],[133.72706,53.46762],[134.01056,53.43317],[134.21458,53.47183],[134.22605,53.51844],[134.43203,53.52082],[134.44288,53.59172],[134.55523,53.62086],[134.91552,53.42702],[134.91149,53.3738],[134.81423,53.34065],[134.95645,53.25386],[134.8594,53.1844],[134.86715,53.07635],[134.65889,52.93915],[134.69197,52.87088],[134.63574,52.86442],[134.6313,52.80055],[134.7116,52.76086],[134.65796,52.72433],[134.75449,52.71099],[134.78395,52.65467],[134.64349,52.55938],[134.63471,52.42703],[133.87496,52.51974],[133.3213,52.68182],[133.23996,52.62759],[133.28637,52.52222],[133.24616,52.45013],[133.43612,52.28068],[133.34011,52.20395],[132.82893,52.17782],[132.57912,52.07424],[132.5169,51.95298],[132.40373,51.96342],[132.4273,51.86386],[132.27868,51.79299],[132.04934,51.80232],[131.7278,51.68108],[131.40958,51.68129],[131.39356,51.59401],[131.4873,51.4719],[131.49743,51.35294],[131.32948,51.37599],[131.1852,51.25222],[131.06045,51.24302],[130.9262,51.02738],[130.78233,50.99306],[130.8398,50.87586],[130.64508,50.6573],[130.72838,50.59769],[130.75835,50.66538],[130.93261,50.66567],[131.01105,50.56813],[130.87018,50.47506],[130.91989,50.393],[131.11988,50.431],[131.17249,50.33383],[131.29693,50.3653],[131.32824,50.26432],[131.44152,50.18619],[131.4656,50.14547],[131.30726,50.06056],[131.29538,49.98227],[131.49722,49.91036],[131.48451,49.7412],[131.35449,49.70374],[131.49991,49.61131],[131.49867,49.42184],[131.39573,49.24361],[131.16412,49.24113],[130.98273,48.97215],[130.82905,48.98345],[130.5409,48.85345],[130.43972,48.8965],[130.24934,48.86451],[129.92647,49.02569],[129.71118,49.27415],[129.55181,49.29048],[129.4806,49.42127],[129.3787,49.42505],[129.34097,49.34117],[129.21788,49.39079],[129.08786,49.35208],[128.99815,49.44127],[128.76013,49.47088],[128.80168,49.56514],[128.67187,49.61144],[128.09247,49.54158],[127.7036,49.66064],[127.67999,49.73919],[127.50811,49.82234],[127.534,49.92248],[127.48667,50.02563],[127.59064,50.20872],[127.33066,50.3282],[127.35851,50.41512],[127.28895,50.46602],[127.36709,50.57779],[127.28735,50.75101],[126.93177,51.06378],[126.90515,51.20812],[126.98117,51.30886],[126.82371,51.26555],[126.81415,51.32493],[126.90944,51.3911],[126.8003,51.41896],[126.83038,51.50812],[126.6769,51.57659],[126.72558,51.70873],[126.44606,51.98254],[126.55598,52.13064],[126.31671,52.19976],[126.43929,52.27529],[126.31573,52.31621],[126.35072,52.37691],[126.27599,52.46328],[126.20034,52.46708],[126.21233,52.53305],[125.9773,52.61077],[126.06861,52.67989],[126.03513,52.72712],[126.08804,52.77541],[125.97694,52.765],[125.83736,52.90672],[125.64647,52.88489],[125.73355,52.98165],[125.62135,53.06214],[125.52131,53.04242],[125.12743,53.20655],[124.91918,53.19394],[124.87014,53.108],[124.6516,53.20877],[124.4082,53.23569],[124.25307,53.3755],[124.12181,53.35269],[123.87655,53.48867],[123.61429,53.56335],[123.54189,53.5141],[123.49477,53.56009],[123.48154,53.51808]]]}},{"type":"Feature","properties":{"id":"ru-ark","lat":63.57891,"lng":41.44838},"geometry":{"type":"MultiPolygon","coordinates":[[[[38.1207,61.02504],[38.04515,61.01845],[38.02262,61.04186],[38.065,61.04733],[38.1207,61.02504]]],[[[36.52341,63.97143],[37.19418,63.89082],[37.43781,63.79228],[37.60842,63.81559],[37.65739,63.89864],[37.98463,63.94575],[38.08806,64.0349],[38.04566,64.14834],[37.90203,64.23994],[38.02622,64.29523],[37.90886,64.34296],[37.95672,64.36408],[37.83252,64.35833],[37.74903,64.44171],[37.62989,64.37702],[37.28623,64.35221],[37.1215,64.39474],[36.69526,64.70788],[36.55976,64.71742],[36.50424,64.83584],[36.57252,64.82958],[36.43995,64.91706],[36.80744,64.95905],[36.86736,65.076],[36.82,65.14714],[37.21739,65.14022],[37.67266,65.03566],[37.7946,64.92061],[38.04643,64.85367],[38.38502,64.84463],[38.40301,64.77436],[38.06658,64.78119],[38.04542,64.74372],[38.12574,64.69595],[38.04811,64.64594],[38.33904,64.75837],[38.4725,64.74348],[38.41603,64.80231],[38.44803,64.81788],[39.33082,64.63972],[39.56652,64.54527],[39.92359,64.60301],[39.78639,64.59687],[39.85035,64.67597],[40.18165,64.55866],[40.5171,64.54145],[40.4109,64.7368],[40.51734,64.77411],[40.27312,65.02143],[40.11402,65.07469],[39.7409,65.35651],[39.70948,65.4477],[39.74928,65.55207],[40.47169,65.81281],[40.71013,65.97232],[41.34254,66.06289],[41.64357,66.17276],[42.20094,66.53217],[42.66147,66.44334],[42.54859,66.38508],[43.30209,66.42601],[43.3672,66.34715],[43.55535,66.32363],[43.69264,66.23721],[43.28834,66.09024],[43.35279,66.04149],[43.5149,65.97419],[43.50099,66.05268],[43.38233,66.07193],[43.83644,66.18578],[44.04566,66.08104],[44.04054,65.9936],[44.1797,65.86432],[44.12452,65.98778],[44.15854,66.08682],[44.07936,66.20669],[44.16586,66.37295],[44.30317,66.413],[44.86024,66.23632],[45.74132,66.06791],[46.34749,66.02801],[47.15447,65.81575],[47.72611,65.81893],[47.75319,65.9407],[48.15626,66.13028],[49.00603,66.11912],[48.99869,65.24033],[49.60579,65.28919],[50.06302,64.8902],[50.46744,64.7916],[50.31469,64.51244],[49.59535,64.59135],[49.45014,64.46299],[48.95002,64.49061],[48.84015,64.35731],[48.51831,64.3555],[48.40834,64.22422],[48.19616,64.23892],[48.11575,64.34811],[46.61145,64.32657],[46.32289,64.26471],[45.82452,64.28362],[45.42713,64.17169],[45.88364,63.96431],[46.43575,63.88773],[46.81919,63.74696],[47.02135,63.55917],[46.94683,63.34156],[47.0909,63.24648],[47.55465,63.1485],[47.43569,62.97275],[47.08264,62.83963],[47.23766,62.63566],[47.23487,62.35149],[47.38629,62.32043],[47.41336,62.19279],[47.621,62.18545],[47.64984,62.29666],[47.75112,62.32183],[48.29083,62.32162],[48.3023,62.40281],[48.2345,62.46415],[48.36607,62.7293],[48.65701,62.70708],[48.71447,62.81555],[48.87508,62.82914],[49.60899,62.77023],[49.36942,62.14939],[49.21646,62.09688],[49.05161,61.69096],[49.4614,61.58611],[49.31392,61.18789],[48.50932,61.04775],[48.41899,60.85381],[47.98418,60.89649],[47.95803,61.00734],[47.5685,61.05912],[47.19612,61.04832],[47.07271,60.86014],[46.94652,60.85701],[46.76172,60.90166],[46.74622,60.98284],[46.58158,61.0],[46.50851,61.06366],[46.28506,60.96775],[45.87816,61.01628],[45.76664,61.05459],[45.78669,61.16676],[45.37876,61.20546],[45.2291,60.90388],[44.20581,60.97181],[44.15754,60.99478],[44.16726,61.07973],[44.05295,61.07922],[43.77596,61.02077],[43.74692,60.89484],[43.52492,60.84719],[43.51086,60.76745],[43.14985,60.806],[42.97994,60.73686],[42.82305,60.8553],[42.65045,60.86311],[42.55051,60.78265],[42.39476,60.76942],[41.94724,60.83494],[41.92347,60.91747],[41.71945,60.84021],[41.53631,60.90037],[41.39409,60.85799],[41.34304,60.64596],[41.05933,60.64968],[40.79961,60.71738],[40.74648,60.77965],[40.55508,60.71981],[40.40759,60.78399],[40.35147,60.70797],[39.95377,60.64999],[39.63668,60.74647],[39.35877,60.68219],[39.17666,60.71423],[39.19061,60.65294],[38.95724,60.80688],[38.81141,60.71795],[38.66134,60.71138],[38.58579,60.79722],[38.42094,60.81122],[38.37226,60.95054],[38.213,60.92398],[38.14489,61.07297],[38.17858,61.12593],[37.96939,61.14366],[37.97301,61.20474],[37.85736,61.28458],[37.76196,61.64823],[37.88154,61.71825],[37.9295,61.96211],[37.80775,61.99756],[37.7293,62.19985],[37.42876,62.21321],[37.569,62.35377],[37.59029,62.4536],[37.50493,62.64532],[37.35227,62.68382],[37.09782,62.65189],[36.50054,62.82604],[36.2589,63.03176],[36.31451,63.15578],[36.41228,63.2056],[36.262,63.23552],[36.21984,63.41649],[35.85738,63.59865],[36.45,63.66578],[36.55666,63.76955],[36.52341,63.97143]]],[[[40.19483,64.57416],[40.0547,64.65253],[39.82423,64.67976],[40.18849,64.70824],[40.30226,64.63548],[40.43141,64.6127],[40.46119,64.57388],[40.19483,64.57416]]],[[[40.03484,64.76056],[40.36354,64.75821],[40.39601,64.62914],[40.20183,64.71996],[40.03484,64.76056]]],[[[39.98048,64.72944],[39.9437,64.72797],[40.00196,64.73737],[39.98048,64.72944]]],[[[42.68097,66.68189],[42.48342,66.70733],[42.4265,66.75201],[42.58476,66.77029],[42.68097,66.68189]]],[[[53.2046,71.15168],[53.04689,71.07246],[53.13933,70.99364],[53.00978,70.96821],[52.95631,71.05707],[52.79982,71.09296],[52.75636,71.1767],[52.21176,71.30809],[52.52955,71.38784],[52.72088,71.34931],[52.68718,71.39769],[52.74106,71.40583],[52.90968,71.36734],[53.01954,71.28132],[52.86199,71.35366],[52.80307,71.37226],[52.74464,71.37417],[52.8755,71.3332],[52.77931,71.31892],[53.06105,71.23819],[53.21127,71.25747],[53.2046,71.15168]]],[[[53.35475,71.27973],[53.16147,71.35488],[53.39536,71.2805],[53.35475,71.27973]]],[[[51.50514,79.93342],[50.50354,79.95511],[50.04526,79.97443],[50.5525,79.98802],[51.00099,80.10252],[51.26482,80.05634],[51.20118,80.01089],[51.50514,79.93342]]],[[[50.04127,80.05915],[49.53126,80.15876],[49.89861,80.23395],[50.33562,80.18159],[50.12599,80.14216],[50.04127,80.05915]]],[[[54.4275,80.27188],[54.38209,80.21035],[54.15846,80.18903],[54.16822,80.23688],[54.10125,80.2729],[54.24252,80.3089],[54.4275,80.27188]]],[[[52.18287,80.27607],[52.56886,80.2895],[52.85955,80.40546],[53.14959,80.41258],[53.86948,80.27094],[53.73341,80.21768],[53.58985,80.24238],[53.48992,80.17182],[52.64503,80.17231],[52.18287,80.27607]]],[[[51.7317,80.70649],[50.94955,80.53677],[49.72779,80.49433],[49.6753,80.48151],[49.8296,80.40888],[49.49041,80.36351],[48.83953,80.38784],[48.62696,80.29532],[48.94264,80.27302],[49.03785,80.24128],[48.97576,80.21336],[49.10719,80.18952],[48.7339,80.15908],[48.52833,80.20913],[48.51059,80.12421],[48.37241,80.09178],[48.11606,80.13679],[47.6277,80.07221],[47.7365,80.16201],[48.08513,80.20718],[47.45135,80.23981],[47.33839,80.21336],[47.38689,80.18671],[47.10182,80.17032],[46.61842,80.29532],[47.08855,80.37165],[47.22389,80.30899],[48.13299,80.32648],[48.18873,80.33755],[47.61948,80.40518],[48.23585,80.42691],[48.10011,80.4763],[47.3794,80.45356],[48.3755,80.57111],[48.56902,80.5056],[49.18824,80.52143],[49.22967,80.53677],[49.17506,80.55598],[49.40707,80.61742],[49.28492,80.64533],[49.63103,80.63959],[49.66847,80.65278],[49.61329,80.68696],[49.68198,80.72114],[49.20289,80.69379],[49.33953,80.73477],[48.95533,80.73477],[50.23715,80.9335],[50.44304,80.90607],[49.99732,80.86506],[50.85597,80.91852],[51.04518,80.85147],[50.47039,80.80988],[50.54542,80.78998],[50.25123,80.7416],[51.31267,80.78998],[51.7317,80.70649]]],[[[53.97291,80.52928],[53.84132,80.57368],[53.88331,80.61074],[54.26905,80.58869],[54.31495,80.57709],[54.13608,80.55598],[54.40984,80.54291],[54.4651,80.48151],[54.28826,80.42036],[53.79803,80.47289],[53.97291,80.52928]]],[[[46.49545,80.50825],[46.53012,80.47407],[46.084,80.43989],[46.02125,80.48859],[46.084,80.55598],[46.04371,80.57355],[45.51531,80.51976],[44.85743,80.61742],[46.92075,80.74868],[47.20118,80.80988],[47.09197,80.83096],[47.13819,80.84223],[47.53631,80.85668],[48.49635,80.79808],[48.6548,80.75519],[48.45558,80.72728],[48.76401,80.65961],[48.72682,80.61074],[48.06373,80.66242],[47.71583,80.76838],[47.4756,80.73477],[47.57179,80.68012],[47.30421,80.65278],[47.43068,80.59382],[47.20004,80.62556],[46.99244,80.55272],[46.66684,80.56611],[46.66774,80.51679],[46.49545,80.50825]]],[[[50.34742,81.09101],[50.77801,81.17023],[50.97682,81.1059],[50.40943,81.01313],[50.37428,81.02277],[50.47657,81.06997],[50.34742,81.09101]]],[[[57.05665,70.53852],[57.13844,70.49706],[56.92905,70.53217],[56.84303,70.60635],[57.22169,70.52607],[57.05665,70.53852]]],[[[51.61004,72.0917],[51.86573,72.15868],[52.06674,72.07429],[52.18776,72.12922],[52.20037,72.08275],[52.36842,72.07534],[52.40943,72.08609],[52.36842,72.16242],[52.49008,72.16421],[52.40203,72.22321],[52.48455,72.20962],[52.41651,72.28929],[52.58758,72.26423],[52.68434,72.32258],[52.58074,72.37409],[52.72291,72.34516],[52.86818,72.34675],[52.68995,72.36717],[52.68409,72.44693],[52.82032,72.45038],[52.68002,72.47875],[53.10206,72.60065],[52.72397,72.55903],[52.81178,72.61392],[52.75489,72.63837],[53.21811,72.64842],[52.57504,72.67064],[52.37526,72.73037],[52.61671,72.86323],[53.02687,72.92499],[53.38201,72.88862],[53.2933,72.90843],[53.39568,72.92963],[53.14194,72.96247],[53.15284,73.01423],[53.38201,73.01154],[53.12192,73.1009],[53.32252,73.22085],[53.75318,73.2989],[54.19077,73.2722],[54.93482,73.42536],[55.30421,73.33934],[56.43523,73.23013],[56.58204,73.12958],[55.80836,73.06611],[56.46616,73.05248],[56.37721,73.00666],[55.61647,72.96369],[56.2518,72.97236],[56.2199,72.82657],[56.06267,72.77778],[55.48072,72.80581],[55.43165,72.78559],[55.81072,72.75837],[55.94606,72.66889],[55.61647,72.69684],[55.72348,72.63833],[55.62273,72.62051],[55.68482,72.57331],[55.61818,72.54218],[55.2671,72.58698],[55.54274,72.52684],[55.53614,72.47248],[55.11557,72.45038],[55.46567,72.43618],[55.4756,72.37055],[55.37696,72.30268],[55.57496,72.19965],[55.34278,72.06558],[55.45265,72.05878],[55.34962,71.97626],[55.39047,71.94269],[55.22543,71.92902],[55.50636,71.89802],[55.52866,71.78514],[55.67213,71.61103],[56.01441,71.38715],[56.10572,71.25898],[57.03875,70.86982],[57.46681,70.81802],[57.63868,70.72988],[57.43263,70.74356],[57.53932,70.70478],[57.3978,70.62621],[57.45249,70.60635],[56.74049,70.70258],[57.34327,70.5716],[57.29575,70.56468],[56.5853,70.64232],[56.4935,70.69514],[56.55209,70.75397],[56.19923,70.70938],[56.30177,70.68146],[56.23797,70.65314],[56.4336,70.67621],[56.5276,70.64053],[56.4533,70.62621],[56.65455,70.58999],[56.51401,70.54487],[56.40064,70.56387],[56.56251,70.57905],[56.04103,70.64794],[56.17823,70.60977],[56.13152,70.59589],[55.80836,70.69514],[56.04786,70.58527],[55.71925,70.6114],[55.62526,70.63373],[55.60279,70.64794],[55.79151,70.63369],[55.73805,70.70759],[55.59938,70.72142],[55.6937,70.69868],[55.74684,70.64794],[55.4048,70.75039],[55.34962,70.70258],[55.42066,70.69623],[55.4725,70.65412],[55.25001,70.67853],[55.29558,70.60635],[55.16261,70.55313],[54.76059,70.68061],[54.71217,70.7578],[54.51344,70.82543],[54.56813,70.77705],[54.49244,70.78449],[54.47877,70.73603],[54.76743,70.64794],[54.28696,70.77705],[54.22511,70.72956],[53.85483,70.82221],[53.88982,70.78449],[53.54461,70.85431],[53.53972,70.805],[53.30014,70.8664],[53.57683,70.88874],[53.70476,70.84593],[53.67359,70.89037],[53.72462,70.96882],[53.50172,71.09443],[53.90431,71.05463],[53.80714,71.13398],[54.24399,71.12287],[53.9922,71.16059],[54.16407,71.20966],[54.06446,71.23701],[53.94304,71.17642],[53.80104,71.20966],[53.79591,71.15534],[53.45094,71.26431],[53.5949,71.30182],[53.68238,71.39834],[53.95118,71.46223],[53.57635,71.39082],[53.54363,71.31684],[53.41334,71.31175],[53.25172,71.45604],[53.4441,71.54548],[53.34783,71.56753],[53.11305,71.42243],[53.02963,71.49958],[53.03875,71.44278],[52.88233,71.39399],[52.8213,71.46992],[52.82032,71.42878],[52.71811,71.48973],[52.60987,71.46869],[52.64381,71.54609],[52.54721,71.63483],[52.49879,71.5659],[52.36842,71.5349],[52.41627,71.47655],[52.28045,71.51374],[52.26881,71.58796],[52.14186,71.54548],[52.27906,71.47655],[51.82195,71.46088],[51.5324,71.5659],[51.54965,71.61351],[51.4109,71.76484],[51.43963,71.94221],[51.61004,72.0917]]],[[[56.04786,80.20034],[55.95232,80.26179],[55.98927,80.33666],[57.02198,80.364],[57.13103,80.30614],[57.08367,80.25812],[57.15357,80.19896],[57.04689,80.15436],[57.11793,80.09601],[56.9568,80.06631],[55.71209,80.10346],[56.04786,80.20034]]],[[[55.51588,80.3133],[55.07569,80.21931],[54.9297,80.25959],[55.2964,80.33218],[55.51588,80.3133]]],[[[57.42628,80.12775],[57.21974,80.24128],[57.25896,80.32587],[57.19239,80.3642],[57.27443,80.39155],[56.94606,80.48151],[58.4524,80.46809],[59.27613,80.33002],[58.59083,80.33755],[58.13844,80.28229],[58.07691,80.26179],[58.47486,80.22236],[58.40651,80.16559],[57.9131,80.18407],[58.0149,80.11099],[57.97047,80.09894],[57.42628,80.12775]]],[[[55.24497,80.43846],[55.22145,80.38068],[54.9725,80.40754],[55.19874,80.43838],[55.24497,80.43846]]],[[[54.85108,80.42617],[54.52589,80.3749],[54.39039,80.38654],[54.62672,80.47724],[54.85108,80.42617]]],[[[55.05641,80.50288],[54.98194,80.44892],[54.62241,80.5113],[54.88624,80.53311],[55.05641,80.50288]]],[[[55.70582,80.70002],[55.43165,80.71426],[56.53045,80.78709],[56.94606,80.69379],[56.32911,80.6249],[55.60279,80.66584],[55.70582,80.70002]]],[[[54.68995,80.76899],[53.98032,80.81623],[54.32342,80.86445],[54.82293,80.83592],[55.09702,80.90282],[55.9865,80.80366],[54.87672,80.72114],[54.66383,80.7416],[54.68995,80.76899]]],[[[54.41733,81.00845],[54.67091,81.12519],[55.52027,81.00845],[56.01922,81.04361],[57.71607,80.79316],[57.05877,80.69184],[56.66847,80.80923],[55.79884,80.85444],[55.38063,80.96857],[54.41733,81.00845]]],[[[57.20143,80.95392],[56.95777,80.96784],[56.89674,81.0161],[56.09555,81.09101],[56.70289,81.11311],[58.2824,80.9265],[57.83814,80.85334],[57.19858,80.90607],[57.20143,80.95392]]],[[[58.25359,80.95515],[57.84099,81.04767],[58.06951,81.11152],[58.69662,81.02473],[58.56129,80.95702],[58.25359,80.95515]]],[[[57.95777,81.24421],[58.08375,81.21455],[57.70045,81.13715],[56.99439,81.16616],[57.95777,81.24421]]],[[[55.58074,81.23957],[55.60906,81.27595],[55.43165,81.28343],[55.71209,81.33055],[56.54477,81.25479],[56.60279,81.26911],[56.33595,81.3852],[56.72625,81.39716],[57.90504,81.29711],[56.61451,81.17853],[56.24041,81.22822],[55.82439,81.18647],[55.58074,81.23957]]],[[[56.74049,81.45352],[57.01303,81.53681],[57.78403,81.56476],[57.88885,81.48558],[58.39991,81.47419],[58.57049,81.41315],[57.79762,81.37889],[56.74049,81.45352]]],[[[56.98699,74.6905],[56.41684,74.75312],[56.50099,74.79352],[56.46599,74.79926],[55.83269,74.80003],[55.88494,74.84618],[56.67848,74.94868],[56.29493,74.96483],[56.46648,75.01276],[56.42058,75.03726],[55.90333,74.99128],[55.865,75.00361],[55.94606,75.07404],[55.72633,75.08149],[55.80836,75.15664],[56.07114,75.21894],[56.23357,75.19758],[56.13722,75.15664],[56.17359,75.15021],[56.37135,75.18818],[56.44581,75.06729],[56.53045,75.07844],[56.90707,75.24018],[56.75799,75.31843],[57.04624,75.39814],[57.74106,75.32787],[57.50082,75.49921],[58.16472,75.57836],[58.19565,75.60322],[58.14682,75.62885],[57.92555,75.62897],[58.0193,75.68134],[58.6045,75.73261],[58.53614,75.75996],[58.931,75.86762],[60.34767,76.00568],[60.04274,76.05415],[60.26808,76.11009],[60.83839,76.12299],[60.46843,76.01313],[60.73471,76.00536],[61.14576,76.11612],[60.89975,76.15717],[61.07691,76.27997],[61.67514,76.31517],[62.09376,76.2534],[62.3825,76.27119],[62.38893,76.19709],[62.50367,76.17768],[62.77947,76.2707],[62.9568,76.20694],[63.71925,76.34968],[63.95607,76.36323],[64.09083,76.31281],[64.47527,76.39867],[64.67604,76.38312],[64.82594,76.4842],[65.16896,76.47529],[65.48487,76.5749],[65.99879,76.53335],[66.03289,76.54755],[65.75343,76.68285],[66.65406,76.9007],[67.58806,77.01337],[68.4629,76.9667],[68.8086,76.86909],[68.75912,76.82738],[69.03395,76.71206],[68.78761,76.58857],[68.93832,76.56806],[68.17775,76.3146],[68.32748,76.29434],[68.28793,76.28132],[63.76173,75.64159],[63.64845,75.71955],[63.55201,75.71149],[63.62037,75.69107],[63.30437,75.58861],[63.02996,75.58771],[62.2728,75.44009],[62.02882,75.4488],[61.84571,75.36205],[61.69418,75.37568],[61.65398,75.27953],[61.4817,75.22346],[61.37965,75.25967],[61.37965,75.33417],[61.27662,75.32787],[61.27166,75.2635],[61.10743,75.19766],[60.81276,75.14615],[60.72478,75.02765],[60.59148,75.03417],[60.61183,75.10139],[60.57106,75.11791],[60.49383,75.11026],[60.41603,75.01093],[59.92726,75.0058],[60.62127,74.96841],[60.68751,74.92381],[60.56056,74.86628],[60.1941,74.85497],[60.37232,74.79352],[60.27638,74.74966],[59.93377,74.72529],[59.5088,74.79975],[59.87257,74.67682],[59.87477,74.62848],[59.75522,74.58747],[59.09051,74.73827],[59.28981,74.64265],[59.08367,74.64887],[59.22145,74.61542],[59.09116,74.49494],[59.14576,74.44404],[58.18678,74.58124],[58.63868,74.42357],[58.57049,74.38886],[58.72804,74.30003],[58.68035,74.25165],[58.72804,74.23859],[58.53614,74.23859],[58.65903,74.21747],[58.50831,74.21747],[58.59083,74.18403],[58.52947,74.17178],[58.29225,74.22163],[58.2483,74.19017],[58.30063,74.16063],[58.52198,74.14924],[58.30795,74.08763],[58.16212,74.15038],[58.17311,74.10139],[58.09742,74.05988],[58.21339,74.00837],[58.1233,73.98672],[57.73927,74.05093],[57.53175,74.19184],[57.41212,74.18403],[57.53565,74.09398],[57.26075,74.08031],[57.5477,74.06078],[57.91188,73.91584],[57.80942,73.89541],[57.90504,73.87547],[57.94597,73.80659],[57.74871,73.72602],[57.39536,73.84553],[56.55568,73.88858],[57.34986,73.82758],[57.61752,73.66885],[57.58579,73.61367],[57.35011,73.55341],[57.02019,73.58422],[56.73512,73.68024],[56.85035,73.61481],[56.74676,73.60737],[57.23756,73.50959],[57.25392,73.45718],[56.90846,73.31468],[56.74928,73.36152],[56.79518,73.32062],[56.72983,73.24453],[56.12086,73.29002],[55.91749,73.44839],[55.87037,73.4361],[55.9865,73.3852],[55.924,73.312],[55.43491,73.3321],[54.90008,73.44839],[54.25001,73.32827],[54.03305,73.37466],[54.29363,73.41771],[54.41733,73.47769],[54.18458,73.49136],[54.54151,73.61099],[55.34962,73.71723],[54.53004,73.70417],[54.28077,73.60053],[53.96648,73.62665],[53.63111,73.75959],[53.65357,73.81249],[53.86866,73.77871],[54.31593,73.93098],[54.80152,73.97044],[54.58863,74.01887],[55.01889,74.173],[55.86443,74.10594],[55.07586,74.26594],[55.74684,74.29633],[55.23292,74.3758],[55.38836,74.44505],[56.28736,74.49169],[56.01441,74.49189],[56.08204,74.51976],[55.86655,74.55329],[55.65691,74.51976],[55.70582,74.54987],[55.49977,74.56696],[55.56105,74.61449],[55.52955,74.65485],[56.38705,74.72138],[56.55568,74.68366],[56.98699,74.6905]]],[[[59.26002,75.98408],[59.23715,75.94823],[58.69321,75.90327],[59.20021,75.98924],[59.26002,75.98408]]],[[[58.87037,79.90131],[58.52947,79.9333],[58.2483,79.93342],[58.61394,79.97944],[58.87037,79.90131]]],[[[59.52914,80.12092],[59.80958,80.08894],[59.92726,79.99486],[59.37208,79.91966],[58.76873,80.02106],[59.52914,80.12092]]],[[[60.17303,80.13866],[59.89129,80.17544],[60.21046,80.14916],[60.17303,80.13866]]],[[[62.27524,80.78388],[62.03745,80.66584],[62.14731,80.63915],[62.11598,80.62238],[61.70623,80.59748],[61.60621,80.52928],[61.3108,80.51073],[61.27662,80.50137],[61.38307,80.49079],[61.04461,80.40518],[60.30738,80.49555],[59.6364,80.43122],[59.24195,80.52928],[59.37232,80.57026],[59.22145,80.65278],[59.57081,80.78998],[59.5088,80.80366],[59.69386,80.83714],[60.17091,80.85395],[60.2562,80.83096],[59.96811,80.80988],[60.36199,80.78998],[61.60255,80.89566],[62.06772,80.87987],[62.27524,80.78388]]],[[[57.81568,80.80988],[58.74586,80.90274],[59.02906,80.82412],[58.42124,80.74877],[57.81568,80.80988]]],[[[63.14226,80.97138],[64.16912,81.0102],[64.21681,81.05687],[64.12037,81.09357],[64.27475,81.16913],[64.70485,81.20527],[65.22983,81.13671],[65.43629,81.03705],[65.30616,80.99543],[65.46567,80.93488],[64.58668,80.75519],[63.13071,80.68309],[62.50367,80.82412],[63.14226,80.97138]]],[[[61.67994,81.11371],[61.59978,81.0314],[60.9878,80.92202],[60.02272,80.99543],[60.6128,81.09247],[61.67994,81.11371]]],[[[59.72967,81.16486],[58.99464,81.19819],[59.75856,81.17853],[59.72967,81.16486]]],[[[60.57146,81.26813],[59.84205,81.28701],[59.84059,81.29157],[60.57146,81.26813]]],[[[58.46412,81.33495],[59.01791,81.40339],[59.38543,81.33055],[59.05437,81.28705],[58.46412,81.33495]]],[[[62.18629,81.55931],[61.82814,81.5644],[61.65398,81.60493],[62.011,81.60293],[62.18629,81.55931]]],[[[58.27573,81.59272],[58.61166,81.63394],[58.70232,81.61262],[58.27573,81.59272]]],[[[62.10646,81.67324],[62.8047,81.72163],[62.76596,81.70661],[63.80592,81.66014],[63.46746,81.58906],[62.10646,81.67324]]],[[[57.91188,81.73469],[58.14527,81.77684],[57.93971,81.80362],[58.1561,81.83027],[59.21469,81.85871],[59.43995,81.81782],[59.33131,81.78986],[59.35564,81.75332],[57.98943,81.69013],[57.91188,81.73469]]]]}},{"type":"Feature","properties":{"id":"ru-ast","lat":47.24679,"lng":47.61933},"geometry":{"type":"MultiPolygon","coordinates":[[[[47.99879,45.45384],[47.91774,45.57005],[47.95704,45.65046],[47.99708,45.52049],[47.99879,45.45384]]],[[[46.47931,48.41185],[47.09891,48.26537],[47.10356,48.1012],[47.19203,48.0718],[47.04424,47.98622],[47.15865,47.87155],[47.12382,47.80804],[47.35967,47.68334],[47.41217,47.83587],[47.64973,47.76559],[48.04449,47.76969],[48.17435,47.71285],[48.41108,47.44576],[48.52508,47.41023],[48.69727,47.10098],[49.00629,46.76911],[48.76403,46.68284],[48.67659,46.75803],[48.55671,46.76175],[48.45511,46.6608],[48.53004,46.63819],[48.53939,46.56796],[48.91797,46.47432],[49.29851,46.25178],[49.15016,46.33576],[49.05893,46.25178],[49.11451,46.15127],[49.04225,46.19623],[48.93482,46.14191],[48.93181,46.08527],[48.8392,46.14936],[48.8742,46.07819],[48.79135,46.12824],[48.81788,46.05622],[48.71412,46.12958],[48.62696,46.08731],[48.72901,46.01996],[48.6548,45.95694],[48.75221,45.96556],[48.79135,45.84089],[48.71632,45.81354],[48.71013,45.88182],[48.57342,45.97114],[48.35694,45.86937],[48.39943,45.83539],[48.28875,45.83735],[48.22088,45.7652],[48.24285,45.70991],[48.07887,45.75153],[48.0075,45.70051],[47.85914,45.72419],[47.81821,45.6081],[47.56007,45.77155],[47.62615,45.70905],[47.65366,45.55907],[47.5407,45.66584],[47.43263,45.69449],[47.50343,45.71735],[47.39674,45.75288],[47.42775,45.67642],[47.55128,45.628],[47.56772,45.55362],[47.36458,45.68543],[46.88895,45.57828],[47.04016,45.96572],[47.17379,46.10484],[46.84017,46.07553],[46.86962,46.2393],[46.49301,46.2857],[46.66364,46.429],[46.95406,46.43406],[46.93867,46.57127],[47.21348,46.74231],[47.12594,46.85068],[47.00026,46.85543],[46.92482,46.97398],[46.8009,47.00364],[46.51564,47.39261],[46.80586,47.57818],[46.6654,47.62412],[46.34625,47.43328],[46.11629,47.50242],[45.73409,47.84349],[45.7221,48.02914],[45.54691,47.99707],[45.30062,48.09768],[45.15604,48.23564],[44.98416,48.27323],[45.03377,48.38878],[45.19386,48.48417],[45.32316,48.43043],[45.37173,48.45921],[45.22342,48.50867],[45.23996,48.55311],[45.61833,48.59553],[46.03247,48.8689],[46.29798,48.83999],[46.62019,48.6696],[46.47931,48.41185]]]]}},{"type":"Feature","properties":{"id":"ru-ba","lat":54.02518,"lng":56.33595},"geometry":{"type":"Polygon","coordinates":[[[57.40841,56.32912],[57.45534,56.13029],[57.53719,56.10019],[58.07938,56.14102],[58.29993,56.11404],[58.35161,56.05896],[58.56473,56.16241],[58.82435,56.054],[58.95271,56.07012],[59.0263,56.16939],[59.28882,56.13466],[59.28137,56.05482],[59.17347,56.0055],[59.2298,55.90579],[59.15363,55.8052],[59.31662,55.76771],[59.27962,55.69363],[59.34432,55.64399],[59.23972,55.58436],[59.43671,55.63262],[59.64135,55.56534],[59.47506,55.46755],[59.20128,55.4501],[59.15921,55.33156],[58.99736,55.24417],[58.92543,55.32644],[58.84657,55.30432],[58.90042,55.26826],[58.73526,55.26459],[58.80295,55.21363],[58.75552,55.16335],[58.65878,55.18935],[58.57547,55.14382],[58.75583,55.11173],[58.8197,55.03153],[58.6195,54.94967],[58.53331,54.95778],[58.52349,55.02155],[58.38737,54.9998],[58.43347,55.0569],[58.29901,55.17369],[58.14149,55.11369],[58.19348,55.08403],[58.0893,55.0201],[58.10574,54.95711],[58.00083,54.91673],[57.96176,54.94631],[58.03132,55.07467],[57.96383,55.16712],[58.1354,55.21549],[57.9166,55.29296],[57.42536,55.32551],[57.25669,55.25802],[57.21525,55.22324],[57.23964,55.15756],[57.13691,55.09214],[57.24429,54.95122],[57.15427,54.86337],[57.18672,54.80229],[57.58132,54.67325],[57.7472,54.57936],[57.74286,54.5006],[57.96115,54.39236],[58.3542,54.54659],[58.61382,54.47027],[59.06144,54.63186],[59.22784,54.61119],[59.63153,54.91107],[59.94397,54.85743],[59.97425,54.79562],[59.86997,54.61331],[59.67949,54.49815],[59.74625,54.44714],[59.66667,54.33968],[59.80289,54.25447],[59.72899,54.13866],[59.5349,54.19754],[59.3222,54.18155],[59.15384,53.9842],[58.92336,53.93516],[58.87189,53.75052],[58.90713,53.65409],[58.82094,53.59564],[58.90228,53.54883],[58.8228,53.21138],[58.89142,53.18838],[58.90744,53.05516],[59.02764,53.01496],[58.83603,53.00082],[58.74745,52.85352],[58.78414,52.72477],[58.72368,52.64506],[58.83851,52.54057],[58.76606,52.51669],[58.8135,52.36264],[58.94103,52.29924],[58.69051,52.26529],[58.59893,52.17092],[58.69495,52.05801],[58.57237,51.78803],[58.15979,51.73922],[58.09168,51.79456],[57.67796,51.86846],[57.63331,51.76475],[57.42237,51.72506],[57.39281,51.64811],[57.19768,51.5721],[57.02022,51.66537],[56.99552,51.7309],[56.79935,51.75209],[56.88969,51.62476],[56.78013,51.5922],[56.71461,51.72098],[56.75378,51.76883],[56.60795,51.822],[56.61952,51.88846],[56.73714,51.90518],[56.65073,51.96034],[56.68288,52.05181],[56.5879,52.06059],[56.62169,52.1238],[56.41984,52.16131],[56.45643,52.19687],[56.32455,52.12276],[56.19092,52.17268],[56.45137,52.30882],[56.44341,52.42571],[56.35959,52.50212],[56.42791,52.59514],[56.2706,52.55421],[56.05428,52.64475],[56.07764,52.60361],[55.93057,52.51504],[55.86132,52.3735],[55.53576,52.38869],[55.49504,52.52532],[55.54496,52.59384],[55.45515,52.59043],[55.41164,52.65761],[55.24906,52.6478],[55.28524,52.73265],[55.42021,52.71285],[55.35376,52.76536],[55.42187,52.78691],[55.40667,52.83711],[55.16183,52.82318],[54.9266,53.21954],[54.82232,53.27303],[54.63959,53.23742],[54.56363,53.26383],[54.5196,53.35979],[54.10836,53.41656],[53.87798,53.65802],[53.65991,53.74628],[53.45713,54.06616],[53.43026,54.26568],[53.34778,54.38159],[53.41682,54.55949],[53.60565,54.71372],[53.57867,54.82218],[53.64275,54.89993],[53.4993,54.89133],[53.14387,55.13183],[53.41837,55.222],[53.59139,55.21193],[53.71396,55.33347],[53.90713,55.39316],[54.00314,55.55436],[54.18081,55.62813],[54.23093,55.69247],[54.02629,55.76378],[54.03994,55.80207],[53.96552,55.78236],[53.99384,55.84775],[53.63169,55.90669],[53.83778,56.03865],[54.00583,56.02888],[54.11724,56.15823],[54.34576,56.25259],[54.37139,56.29925],[54.32064,56.34483],[54.4302,56.34269],[54.55918,56.53841],[54.93022,56.38653],[54.96836,56.32044],[55.17237,56.31775],[55.22436,56.36416],[55.41215,56.3346],[55.91362,56.46635],[56.0733,56.28948],[56.52847,56.3833],[56.55823,56.36023],[56.50097,56.3224],[56.57405,56.26323],[56.73765,56.22298],[56.89651,56.10068],[57.16564,56.15957],[57.26703,56.30191],[57.40841,56.32912]]]}},{"type":"Feature","properties":{"id":"ru-bel","lat":50.62254,"lng":37.23646},"geometry":{"type":"Polygon","coordinates":[[[35.6732,50.34018],[35.42526,50.50048],[35.37617,50.63459],[35.46887,50.66854],[35.28222,50.96111],[35.45513,50.96286],[35.54639,50.90573],[35.73108,50.97105],[35.80415,50.93823],[35.99887,51.05332],[35.93975,51.1161],[35.98398,51.15967],[36.61103,51.07805],[37.12469,51.233],[37.14422,51.34291],[38.04174,51.4212],[38.04401,51.35392],[38.43986,51.26349],[38.50104,51.18556],[38.36947,51.14603],[38.39893,51.07347],[38.61845,50.99839],[38.73761,51.07368],[38.84583,51.03647],[38.87187,50.90092],[38.73286,50.89953],[38.72449,50.79008],[39.11878,50.6105],[39.06741,50.59815],[39.0977,50.50606],[38.99042,50.43274],[39.08478,50.34871],[39.09904,50.16474],[39.27236,50.05958],[39.18101,49.85949],[38.9374,49.80347],[38.66465,49.96517],[38.35604,49.98057],[38.29991,50.06051],[38.17393,50.06015],[38.16618,49.94057],[38.0004,49.8998],[37.59712,50.19694],[37.59918,50.29089],[37.41521,50.43186],[36.84863,50.3237],[36.59439,50.20443],[36.41,50.30458],[36.26903,50.28138],[36.10584,50.42111],[35.83743,50.42323],[35.6732,50.34018]]]}},{"type":"Feature","properties":{"id":"ru-bry","lat":52.91242,"lng":33.13063},"geometry":{"type":"Polygon","coordinates":[[[32.69793,53.32589],[32.71779,53.43106],[32.85715,53.43819],[32.92371,53.59099],[33.28896,53.82173],[33.24813,53.95397],[33.65637,54.03174],[33.87352,53.87428],[34.20632,53.88803],[34.21717,53.83026],[34.53725,53.59818],[34.48919,53.56518],[34.53601,53.46836],[34.50004,53.42728],[35.01722,53.39178],[35.01009,53.29034],[35.10352,53.31078],[35.109,53.14518],[35.31364,53.06219],[35.13453,53.01237],[35.15148,52.96033],[34.97082,52.97279],[34.79615,52.8645],[35.09153,52.69797],[34.99293,52.65413],[34.98963,52.51054],[34.83294,52.42404],[34.91718,52.32182],[34.88224,52.23102],[34.67885,52.20271],[34.71068,52.11511],[34.67233,52.06548],[34.52578,52.07059],[34.39628,52.0076],[34.33561,51.93466],[34.43648,51.90283],[34.3711,51.82681],[34.09624,51.95182],[34.06534,52.15863],[33.77895,52.36006],[33.51008,52.28753],[33.48052,52.35776],[33.18286,52.3673],[32.90898,52.2411],[32.35356,52.32159],[32.367,52.2472],[32.23331,52.08085],[31.91038,52.02907],[31.85871,52.09987],[31.76434,52.10057],[31.68239,52.20193],[31.69944,52.25146],[31.56735,52.31138],[31.60807,52.37246],[31.55056,52.51189],[31.62864,52.54806],[31.48064,52.68252],[31.57025,52.72526],[31.56084,52.78706],[31.24706,53.01439],[31.3637,53.08878],[31.41636,53.19998],[31.73856,53.19254],[31.79628,53.11239],[32.11729,53.0811],[32.42363,53.2044],[32.45484,53.30044],[32.69793,53.32589]]]}},{"type":"Feature","properties":{"id":"ru-bu","lat":53.58926,"lng":111.07479},"geometry":{"type":"Polygon","coordinates":[[[100.00597,51.73173],[99.70965,51.88058],[99.32389,51.93422],[98.99471,52.0583],[98.93239,52.19185],[98.80899,52.1964],[98.79948,52.27423],[98.6461,52.26275],[98.67711,52.3697],[98.62926,52.42429],[98.80558,52.514],[98.80041,52.60614],[98.93404,52.66562],[98.93776,52.7975],[98.85074,52.83554],[98.93807,52.92486],[99.20669,52.85344],[99.3703,53.10927],[99.69017,53.13195],[99.87766,53.20419],[99.86939,53.29752],[100.07981,53.30031],[100.24787,53.37654],[100.40103,53.23422],[100.3508,53.15937],[100.39514,53.10118],[100.86561,52.80029],[101.45999,52.62097],[101.48211,52.56242],[101.68757,52.46062],[101.67362,52.40902],[101.9104,52.31709],[101.96321,52.22245],[102.17653,52.27712],[102.54209,52.22761],[102.76885,51.98964],[103.20892,51.80914],[103.18143,51.61106],[103.32778,51.43805],[103.57635,51.47924],[103.81674,51.40126],[103.81375,51.13187],[104.21238,51.28111],[104.48843,51.31033],[104.60936,51.26829],[104.66889,51.33831],[104.64987,51.62243],[105.46119,51.86335],[105.75151,52.03099],[106.1983,52.44018],[108.06083,53.20513],[108.42349,53.78318],[109.04071,54.48089],[108.55785,54.54298],[108.69862,54.681],[108.6949,54.88998],[108.76269,54.93008],[108.69035,55.06232],[108.78223,55.1695],[108.77892,55.23296],[108.652,55.30102],[108.62224,55.45589],[108.69066,55.52131],[108.68807,55.60487],[108.77138,55.62327],[108.85406,55.86625],[108.97074,55.94563],[109.18799,55.914],[109.25507,55.97953],[108.99121,56.03968],[108.82956,56.23972],[108.58389,56.28166],[108.55702,56.34566],[108.72042,56.50162],[108.69903,56.5829],[109.30809,56.66848],[109.4102,56.73494],[109.76708,56.70408],[109.88841,56.78976],[109.88686,56.89087],[109.98898,56.96903],[110.33924,56.93735],[110.6001,56.83028],[110.75255,56.8741],[111.15232,56.81343],[111.37215,56.90035],[111.33608,56.95508],[111.46248,57.10246],[111.58692,57.10716],[111.63177,57.01197],[111.81367,56.90841],[112.10957,56.94438],[112.23494,56.87772],[112.45777,56.86371],[112.66209,56.95965],[112.74591,56.93394],[112.69848,56.86108],[112.74716,56.76103],[112.89578,56.69171],[113.36955,56.62605],[113.51372,56.67879],[113.80301,56.60244],[113.89747,56.52544],[114.00496,56.5412],[113.9971,56.58497],[114.1448,56.68114],[114.44059,56.65416],[114.50012,56.70109],[114.77928,56.69938],[114.84573,56.83203],[115.04655,56.98528],[115.02505,57.03719],[115.08593,57.11858],[115.44993,57.09703],[115.6892,57.1332],[115.86273,57.24328],[116.13103,57.23857],[116.23841,57.14933],[115.62202,56.93368],[115.59866,56.76491],[115.43412,56.6898],[115.43557,56.64109],[115.68785,56.59536],[115.68052,56.52534],[115.80051,56.46611],[115.69437,56.43919],[115.68796,56.32669],[115.83761,56.17895],[115.76247,56.07596],[115.89704,55.94808],[115.84485,55.70482],[115.91327,55.67495],[115.88671,55.54534],[115.96794,55.47636],[115.945,55.41378],[116.39334,55.4022],[116.46879,55.25787],[116.78246,55.14366],[116.92344,54.88549],[116.88365,54.73754],[116.77409,54.69031],[116.70361,54.55403],[116.49215,54.49691],[116.19046,54.53848],[115.62936,54.44228],[115.51432,54.3972],[115.49107,54.32867],[115.17915,54.21059],[114.95756,54.01924],[114.60596,53.93908],[114.32608,53.79002],[113.98346,53.74375],[113.98222,53.68138],[113.80611,53.64313],[113.88941,53.53539],[113.84249,53.38181],[113.94615,53.35183],[113.98284,53.23623],[114.19771,53.19252],[114.12898,53.07635],[114.32515,53.06772],[114.31285,52.97181],[114.2283,52.95537],[114.23802,52.82546],[114.10294,52.70464],[113.7442,52.57364],[113.58059,52.45447],[113.26609,52.47545],[112.93061,52.33717],[112.54479,52.34704],[112.40537,52.20839],[112.20621,52.24477],[112.16714,52.29955],[112.06957,52.28037],[111.59467,51.92551],[111.05506,51.79369],[110.84494,51.66463],[110.86241,51.59499],[110.677,51.50445],[110.04923,51.61608],[109.36679,51.35278],[109.24721,51.36596],[109.07389,51.50662],[108.94201,51.44048],[108.59154,51.50616],[108.35424,51.26731],[108.57004,51.11078],[108.33574,51.04583],[108.24965,50.84351],[108.06703,50.75349],[108.17978,50.6596],[108.67578,50.49475],[108.20097,50.40829],[108.13173,50.31822],[107.99024,50.33476],[107.92626,50.21482],[107.77237,50.15208],[107.79707,50.03369],[107.7446,49.96735],[107.1922,50.00604],[107.05711,50.0741],[106.97366,50.19637],[106.65652,50.32701],[106.22228,50.29238],[105.98488,50.39977],[105.32864,50.47646],[105.10576,50.39005],[104.4058,50.30055],[104.12168,50.14826],[103.78527,50.18614],[103.60141,50.13353],[103.30659,50.19043],[103.20169,50.29698],[102.92739,50.30298],[102.30293,50.56389],[102.27591,50.65019],[102.32939,50.71882],[102.21679,50.79886],[102.22966,50.97927],[102.14651,51.09763],[102.18387,51.3239],[101.72369,51.45058],[101.35017,51.45045],[100.5109,51.72689],[100.00597,51.73173]]]}},{"type":"Feature","properties":{"id":"ru-ce","lat":43.2437,"lng":45.78458},"geometry":{"type":"Polygon","coordinates":[[[45.35597,42.51996],[45.15536,42.69326],[45.07602,42.69141],[45.17929,42.80411],[45.1366,42.83514],[45.1672,43.13781],[45.04669,43.49435],[44.83854,43.58411],[44.83874,43.66106],[44.96142,43.67139],[45.07687,43.78139],[45.0688,43.94548],[45.43178,43.87861],[45.45317,43.99447],[45.5094,44.01519],[45.72851,43.95174],[45.83165,43.9785],[46.05014,43.93055],[46.01521,43.88081],[46.05655,43.81994],[46.2,43.84766],[46.24641,43.9428],[46.41901,44.00016],[46.45518,43.88125],[46.67553,43.81547],[46.48629,43.67558],[46.32713,43.43487],[46.42779,43.30635],[46.44774,43.18106],[46.4033,43.11375],[46.53455,43.07995],[46.48877,43.00761],[46.53693,42.94058],[46.39327,42.87219],[46.19618,42.9041],[46.12135,42.83793],[46.16951,42.72969],[46.04735,42.69026],[46.01324,42.59203],[45.96198,42.6158],[45.82111,42.48723],[45.35597,42.51996]]]}},{"type":"Feature","properties":{"id":"ru-che","lat":54.18955,"lng":61.54471},"geometry":{"type":"Polygon","coordinates":[[[63.32859,54.16311],[63.12377,54.17411],[63.08465,54.08564],[62.62913,54.07117],[62.55058,54.02683],[62.58655,53.96983],[62.52526,53.87185],[62.38997,53.94157],[62.44402,53.99231],[62.41271,54.02663],[62.0026,54.01738],[62.00364,53.93201],[61.85641,53.9427],[61.7913,54.00079],[61.5818,53.94766],[61.33768,54.06316],[61.19351,54.01825],[61.21077,53.90767],[60.9961,53.94141],[60.97801,53.8826],[61.19909,53.79713],[61.00757,53.63575],[60.88024,53.6328],[61.28073,53.54242],[61.50305,53.58898],[61.55534,53.50573],[61.4123,53.43576],[61.23526,53.50304],[61.13718,53.37313],[61.16271,53.29915],[61.51431,53.20867],[61.64309,53.24334],[61.76422,53.16947],[62.05066,53.12477],[62.11603,53.06459],[62.09417,52.99248],[61.95925,52.93494],[61.81982,52.97824],[61.60557,52.94832],[61.44827,53.02142],[60.9746,52.97124],[61.05842,52.92217],[60.69617,52.73492],[60.67261,52.67216],[60.80314,52.62774],[60.81492,52.52191],[60.93647,52.48858],[61.03992,52.335],[60.67219,52.14434],[60.50652,52.15165],[60.20276,51.99274],[60.02978,51.99261],[59.91369,52.10044],[60.14954,52.27756],[60.14396,52.42605],[59.93663,52.42956],[59.80961,52.49685],[59.68497,52.42802],[59.2728,52.49413],[59.17502,52.27738],[58.97876,52.3722],[58.97648,52.43029],[58.80047,52.43889],[58.76606,52.51669],[58.83851,52.54057],[58.72368,52.64506],[58.78414,52.72477],[58.74745,52.85352],[58.83603,53.00082],[59.02764,53.01496],[58.90744,53.05516],[58.89142,53.18838],[58.8228,53.21138],[58.90228,53.54883],[58.82094,53.59564],[58.90713,53.65409],[58.87189,53.75052],[58.92336,53.93516],[59.15384,53.9842],[59.3222,54.18155],[59.5349,54.19754],[59.72899,54.13866],[59.80289,54.25447],[59.66667,54.33968],[59.74625,54.44714],[59.67949,54.49815],[59.86997,54.61331],[59.97425,54.79562],[59.94397,54.85743],[59.63153,54.91107],[59.22784,54.61119],[59.06144,54.63186],[58.61382,54.47027],[58.3542,54.54659],[57.96115,54.39236],[57.74286,54.5006],[57.7472,54.57936],[57.58132,54.67325],[57.16512,54.81898],[57.24429,54.95122],[57.13691,55.09214],[57.23964,55.15756],[57.21525,55.22324],[57.25669,55.25802],[57.51797,55.33404],[58.03018,55.27477],[58.14398,55.20896],[57.96383,55.16712],[58.03132,55.07467],[57.96176,54.94631],[58.00083,54.91673],[58.10574,54.95711],[58.0893,55.0201],[58.19348,55.08403],[58.14149,55.11369],[58.29901,55.17369],[58.43347,55.0569],[58.38737,54.9998],[58.52349,55.02155],[58.55098,54.95267],[58.81567,55.02486],[58.75583,55.11173],[58.57764,55.16154],[58.74477,55.1557],[58.80295,55.21363],[58.72678,55.25745],[58.92078,55.27854],[58.87199,55.32329],[58.97028,55.31084],[58.99736,55.24417],[59.15921,55.33156],[59.20128,55.4501],[59.47506,55.46755],[59.64135,55.56534],[59.43671,55.63262],[59.23972,55.58436],[59.34432,55.64399],[59.27962,55.69363],[59.313,55.77473],[59.15394,55.79954],[59.2298,55.90579],[59.17347,56.0055],[59.28137,56.05482],[59.29605,56.13089],[58.99726,56.20856],[59.13461,56.20598],[59.16541,56.25538],[59.11529,56.31243],[59.19435,56.35181],[59.7013,56.30607],[59.6614,56.25228],[59.78873,56.23264],[60.75084,56.23734],[60.90897,56.18809],[61.15661,56.22163],[61.08416,56.32571],[61.1501,56.37578],[61.2673,56.33139],[61.37324,56.36912],[62.12616,56.12748],[62.10983,56.07968],[62.21846,56.02593],[62.21205,55.94341],[62.30517,55.9787],[62.34434,55.9261],[62.25628,55.84119],[62.4202,55.82057],[62.51684,55.73779],[62.54898,55.6394],[62.45668,55.56844],[62.58546,55.50447],[62.44997,55.47667],[62.46506,55.42352],[62.20543,55.44199],[62.1673,55.40111],[62.2414,55.34582],[62.03459,55.29368],[62.2261,55.2142],[62.18879,55.15834],[62.26951,55.13051],[62.1983,54.99675],[62.10911,55.0468],[61.9702,55.02129],[61.97992,54.93383],[62.12337,54.8151],[62.02477,54.7165],[62.14725,54.64442],[62.55156,54.72777],[62.52924,54.67703],[62.58887,54.62416],[62.91536,54.69573],[63.19214,54.68643],[63.29849,54.52616],[63.19359,54.45582],[63.13447,54.47905],[63.18584,54.40934],[63.09189,54.31855],[63.3264,54.25364],[63.32859,54.16311]]]}},{"type":"Feature","properties":{"id":"ru-chu","lat":66.02367,"lng":169.5309},"geometry":{"type":"MultiPolygon","coordinates":[[[[-172.47529,64.64183],[-172.5432,64.59219],[-172.72505,64.62645],[-172.47529,64.64183]]],[[[-172.04336,64.75118],[-172.38473,64.69848],[-172.63319,64.68444],[-172.40052,64.8367],[-172.04336,64.75118]]],[[[-168.99462,65.81586],[-169.05138,65.75788],[-169.0937,65.76195],[-169.06322,65.82819],[-168.99462,65.81586]]],[[[162.76881,69.6542],[163.16505,69.72089],[163.77303,69.6944],[164.02703,69.77383],[164.43914,69.62075],[164.83426,69.5674],[165.67473,69.59598],[166.07521,69.52326],[166.89381,69.49592],[167.80201,69.77521],[168.08334,69.70881],[167.92644,69.6542],[168.25408,69.54434],[168.19207,69.37987],[168.28826,69.24266],[169.37127,69.07657],[169.45387,68.84544],[169.6255,68.77725],[170.35109,68.82807],[170.62517,68.7486],[170.44923,68.86347],[170.63307,68.91816],[170.72804,68.82197],[170.68043,68.94038],[170.97926,69.05585],[171.0503,69.02774],[171.15943,69.04409],[171.0276,69.05476],[170.90008,69.17121],[170.9131,69.30415],[170.74855,69.39118],[170.60613,69.58979],[170.16073,69.61337],[170.23155,69.68859],[170.59178,69.76472],[170.52272,69.93846],[170.55681,70.09243],[170.40675,70.11286],[170.48162,70.14204],[171.99448,69.99307],[172.72535,69.98086],[173.23634,69.81867],[173.19801,69.78343],[173.47926,69.83576],[173.25367,69.91869],[173.16407,69.88666],[173.27857,69.94184],[173.92848,69.8454],[174.07081,69.88691],[175.08838,69.84575],[175.71554,69.88145],[175.52974,69.8563],[175.99718,69.76936],[176.15767,69.82148],[175.78157,69.88528],[176.12761,69.89378],[176.27215,69.81867],[176.24203,69.77436],[176.73455,69.67475],[177.35792,69.61717],[178.21217,69.44343],[178.36492,69.4868],[178.77263,69.41523],[179.06772,69.32526],[178.66619,69.38329],[178.65398,69.31745],[179.26148,69.27216],[179.95851,68.99567],[179.54811,69.11298],[179.69215,69.0161],[180.0,68.98105],[180.0,65.06619],[179.77955,65.01821],[179.47869,64.82274],[179.17115,64.79267],[178.56153,64.59154],[178.48561,64.6105],[178.75587,64.6822],[178.21795,64.65827],[178.27345,64.66934],[177.62501,64.72016],[177.38942,64.83584],[177.49187,64.85008],[177.43295,64.92902],[177.23829,64.94562],[177.16969,65.02757],[176.93686,65.08283],[176.60841,65.03181],[176.41863,65.09024],[176.30633,65.05549],[176.54615,65.00092],[176.95851,65.04658],[177.30006,64.82274],[177.03981,64.77277],[176.62615,64.86791],[176.4358,64.81094],[176.04567,64.96279],[175.71461,64.79365],[175.04078,64.77806],[174.75034,64.68891],[174.44174,64.69245],[174.77174,64.68065],[175.10719,64.7648],[175.71168,64.77473],[176.08237,64.91893],[176.42368,64.70962],[176.14527,64.62759],[176.11451,64.59003],[176.11427,64.54194],[176.45753,64.69245],[176.74293,64.57123],[176.98585,64.71113],[177.49187,64.76752],[177.3615,64.54841],[177.45362,64.42064],[177.81332,64.25422],[178.18385,64.2058],[178.07456,64.25422],[178.28256,64.35399],[178.20004,64.44017],[178.58863,64.0351],[178.48406,64.07087],[178.38258,64.00096],[178.49244,63.98672],[178.38258,63.97305],[178.63942,63.94636],[178.64324,64.00096],[178.75929,63.62299],[178.60857,63.6765],[178.73308,63.60834],[178.35523,63.63044],[178.26881,63.56542],[178.37232,63.52237],[178.50953,63.57852],[178.71127,63.57001],[178.72022,63.47647],[178.59547,63.41132],[178.69898,63.38569],[178.83839,63.43488],[178.75424,63.53827],[178.77703,63.59516],[178.8156,63.49116],[179.00554,63.32136],[178.84815,63.4042],[178.80934,63.35049],[179.4074,63.14134],[179.41782,63.06806],[179.27361,63.04413],[179.24952,62.98469],[179.31617,62.90615],[179.51173,62.8725],[179.60906,62.70563],[179.563,62.62474],[179.43344,62.61612],[179.38364,62.52082],[179.11606,62.47223],[179.1504,62.34186],[179.07358,62.28718],[178.93816,62.36603],[178.06105,62.54108],[177.30681,62.5821],[177.26588,62.61563],[177.33416,62.68818],[177.31984,62.74592],[177.45777,62.81485],[177.33253,62.80679],[177.26588,62.71247],[177.18897,62.70966],[177.12818,62.74592],[177.14796,62.79584],[176.9922,62.86945],[177.04225,62.7687],[176.92791,62.67292],[177.05006,62.58422],[177.26588,62.58832],[176.70899,62.49921],[176.72397,62.54108],[176.66188,62.53461],[176.59425,62.48583],[176.6421,62.47223],[176.27931,62.31708],[175.30641,62.07494],[175.39519,62.12275],[175.31837,62.11001],[175.25807,62.16877],[175.25099,62.06574],[175.17449,62.02192],[174.76515,61.91669],[174.80486,61.94404],[174.59995,61.98501],[174.7269,61.8863],[174.48976,61.81464],[174.4452,61.84915],[174.51238,61.87162],[174.45026,61.91317],[174.46783,61.98361],[174.32913,62.09316],[174.10734,62.07849],[174.11219,62.1885],[174.01039,62.27847],[174.09338,62.33981],[174.07985,62.44704],[173.87242,62.44053],[173.80637,62.5136],[173.68762,62.53469],[173.50386,62.53409],[173.17148,62.39526],[172.90317,62.39273],[172.85253,62.33149],[172.48718,62.44006],[172.29391,62.40337],[172.05475,62.46652],[171.48558,62.31165],[171.21759,62.36854],[170.85885,62.24928],[170.42322,62.31372],[170.28297,62.27889],[170.04061,62.44712],[170.09073,62.48738],[169.98614,62.54502],[170.07833,62.66129],[169.84248,62.65535],[169.12666,62.97254],[168.92574,62.94381],[168.46375,63.07822],[169.20521,63.51571],[169.49222,63.56832],[169.59836,63.65606],[169.547,63.81574],[169.37047,63.87445],[169.35352,63.94633],[168.8597,64.02658],[168.77795,64.18451],[168.62498,64.21443],[168.50892,64.31365],[168.22305,64.34594],[168.02574,64.286],[167.71413,64.34072],[167.50836,64.47762],[167.37255,64.49379],[167.23695,64.62365],[166.8068,64.53293],[166.19857,64.60898],[165.87146,64.55466],[165.81978,64.59001],[165.89006,64.61735],[165.68398,64.75398],[165.35934,64.76132],[165.26271,64.85062],[165.02841,64.8424],[165.0188,64.69404],[164.88196,64.68592],[164.79793,64.7716],[164.18784,64.93412],[163.87282,64.8654],[163.50333,64.92829],[163.3452,64.81847],[163.11648,64.80054],[163.11731,64.69326],[163.04393,64.65445],[162.73573,64.66122],[162.55404,64.74672],[161.80938,64.82653],[161.6899,64.99417],[161.28114,65.14068],[160.51954,65.16553],[160.02737,65.51486],[158.91012,65.75004],[158.92873,65.89582],[159.19486,66.15152],[159.19765,66.21136],[158.77587,66.28376],[158.35894,66.44773],[158.63014,66.61304],[158.71582,66.73086],[158.89876,66.79081],[158.78424,66.9261],[158.80057,66.98134],[158.70259,67.05524],[157.86926,67.26732],[157.78337,67.34617],[157.88476,67.43774],[157.69108,67.53947],[157.8059,67.70548],[158.32546,67.74868],[158.25766,67.83193],[158.07886,67.84258],[158.05281,67.89281],[158.19162,67.95523],[158.25642,68.06851],[158.41941,68.11098],[159.55288,68.23919],[159.78139,68.20907],[159.85012,68.27743],[160.99703,68.301],[161.4062,68.41184],[162.38392,68.31066],[162.51662,68.34715],[162.58225,68.50641],[162.72323,68.60517],[162.61047,68.70449],[162.5961,68.80056],[162.74173,68.79753],[162.84694,68.86929],[162.53213,69.00468],[162.5098,69.10922],[162.77873,69.19883],[162.36811,69.41742],[162.41172,69.46418],[162.31136,69.53984],[162.43177,69.67714],[162.76881,69.6542]]],[[[-179.51403,68.92113],[-179.54096,68.96328],[-179.31953,68.81195],[-178.84481,68.75236],[-178.48493,68.59154],[-178.72462,68.67569],[-178.69993,68.54319],[-178.04182,68.42768],[-177.95051,68.33771],[-178.07368,68.25926],[-177.7047,68.34455],[-178.37507,68.55744],[-177.49226,68.29173],[-177.76557,68.26264],[-177.63471,68.1953],[-177.33808,68.24457],[-177.17353,68.19868],[-177.2591,68.21113],[-177.21874,68.13955],[-177.07543,68.16425],[-176.56454,68.01032],[-176.72504,68.03785],[-176.78934,67.97862],[-176.53937,67.8951],[-176.2088,67.90177],[-176.53332,68.00296],[-175.92073,67.85102],[-176.11591,67.80654],[-176.06966,67.72731],[-176.34087,67.6959],[-176.20579,67.64515],[-175.68179,67.58958],[-175.76735,67.65165],[-175.89674,67.64991],[-175.8486,67.70456],[-176.01197,67.72735],[-175.82403,67.81296],[-175.26553,67.65856],[-175.29077,67.60562],[-175.12677,67.49989],[-175.22653,67.53259],[-175.1724,67.43511],[-175.36688,67.35779],[-175.15959,67.33748],[-174.96895,67.42475],[-175.07982,67.48115],[-174.80611,67.36467],[-174.75644,67.30324],[-174.86025,67.27546],[-174.90761,67.03739],[-174.70002,66.91652],[-174.76286,66.8994],[-174.68782,66.73242],[-174.7637,66.75366],[-174.97134,66.66541],[-174.43566,66.53154],[-174.39524,66.47452],[-174.46131,66.45923],[-174.46568,66.40136],[-174.38938,66.33751],[-174.4635,66.27975],[-174.35368,66.27702],[-174.29606,66.34253],[-174.36819,66.33749],[-174.16597,66.39938],[-174.20556,66.47261],[-174.01591,66.47217],[-173.95251,66.44559],[-173.92919,66.34082],[-174.01891,66.30536],[-173.99931,66.21925],[-173.79654,66.30799],[-173.89536,66.33644],[-173.70526,66.37052],[-173.69113,66.4391],[-174.26395,66.56588],[-173.93055,66.66763],[-174.02621,66.96111],[-174.23919,66.97178],[-174.19069,67.02702],[-174.28213,67.04676],[-174.49605,67.02139],[-174.35631,67.06136],[-174.612,67.06141],[-173.75084,67.07343],[-173.64647,67.11562],[-173.44659,67.07461],[-173.49528,67.063],[-173.46358,67.02949],[-173.3894,67.07846],[-173.07126,67.04423],[-173.27216,67.05195],[-173.14337,66.99965],[-173.29495,66.98133],[-173.30254,66.8221],[-173.08658,66.84675],[-173.22648,66.91093],[-173.07396,66.99307],[-173.05119,66.93411],[-172.78233,66.894],[-172.36249,66.93321],[-173.03524,67.02341],[-172.98634,67.03918],[-171.71852,66.95078],[-171.64022,66.92982],[-171.69417,66.87957],[-171.63003,66.83006],[-171.3534,66.77185],[-171.36336,66.67483],[-170.38519,66.31653],[-170.62568,66.23481],[-170.27426,66.2904],[-170.1062,66.19305],[-170.33837,66.18578],[-170.13627,66.13924],[-169.92268,66.15029],[-170.04357,66.1933],[-169.9521,66.18378],[-169.70747,66.13117],[-169.64138,66.06833],[-169.71861,66.00613],[-169.98152,66.03901],[-170.60631,65.86131],[-170.51594,65.83015],[-170.57116,65.76122],[-170.48877,65.67076],[-170.58817,65.60457],[-170.87544,65.62336],[-171.46327,65.83259],[-171.26387,65.65559],[-170.98181,65.59205],[-170.97533,65.51114],[-171.03865,65.46699],[-171.25089,65.52199],[-172.0342,65.47444],[-171.74362,65.49966],[-172.09333,65.56802],[-172.26008,65.54523],[-172.20603,65.58077],[-172.32235,65.62211],[-172.29048,65.66617],[-172.85961,65.69986],[-172.38972,65.58182],[-172.39812,65.52745],[-172.31969,65.46525],[-172.42803,65.47046],[-172.38861,65.43224],[-172.2641,65.41821],[-172.0934,65.48357],[-172.20295,65.32454],[-172.18854,65.24245],[-172.70198,65.24763],[-172.20153,65.21687],[-172.17086,65.15233],[-172.2563,65.13744],[-172.22675,65.09976],[-172.08009,65.07591],[-172.323,64.94835],[-172.76285,64.83787],[-173.00013,64.85527],[-173.16412,64.7646],[-172.80573,64.80337],[-172.75531,64.73347],[-173.04287,64.65968],[-172.84463,64.64887],[-172.96719,64.56114],[-172.81591,64.61173],[-172.46508,64.55842],[-172.22024,64.40734],[-172.59007,64.37042],[-172.71154,64.40035],[-172.81526,64.50405],[-172.88335,64.49471],[-173.01305,64.46157],[-172.78832,64.43786],[-172.82217,64.32036],[-172.95146,64.33884],[-172.9241,64.26443],[-173.10627,64.24098],[-173.36825,64.28548],[-173.36338,64.36595],[-173.26366,64.44599],[-173.41454,64.61665],[-173.3531,64.50747],[-173.38518,64.39504],[-173.63543,64.33223],[-173.98933,64.41235],[-174.04229,64.52826],[-174.34679,64.64399],[-174.3059,64.66616],[-174.65229,64.72533],[-174.59197,64.8174],[-174.65322,64.8979],[-174.72308,64.80721],[-174.89798,64.79814],[-174.95193,64.8615],[-174.9878,64.76626],[-175.41145,64.77126],[-175.45684,64.79721],[-175.36836,64.84651],[-175.48179,64.84359],[-175.86473,64.99921],[-175.76746,65.0375],[-175.8105,65.08723],[-175.73504,65.14684],[-175.88155,65.25845],[-175.90884,65.40295],[-176.04406,65.45209],[-176.97655,65.60806],[-177.41592,65.44075],[-178.4611,65.47274],[-178.53228,65.52299],[-178.42424,65.71288],[-178.51354,65.76264],[-178.62822,65.7295],[-178.90327,65.91958],[-178.86884,65.93818],[-178.97838,66.04926],[-178.68426,66.01257],[-178.68244,66.10187],[-178.49568,66.14013],[-178.54015,66.26838],[-178.47712,66.38276],[-178.60372,66.36076],[-178.78513,66.16724],[-178.98244,66.15895],[-179.11766,66.24266],[-179.08202,66.30622],[-179.1643,66.41437],[-179.17146,66.28946],[-179.42402,66.34406],[-179.21795,66.1822],[-179.25196,66.14517],[-179.57458,66.1113],[-179.69135,66.14167],[-179.58165,66.15851],[-179.69298,66.1839],[-179.82872,65.94684],[-179.76667,65.81981],[-179.27704,65.63026],[-179.32127,65.57452],[-179.26051,65.53218],[-179.499,65.39571],[-179.52421,65.23536],[-179.66309,65.14126],[-180.0,65.06623],[-180.0,68.98237],[-179.51403,68.92113]]],[[[170.27528,69.77337],[170.10148,69.68721],[169.95521,69.72674],[170.27528,69.77337]]],[[[169.45143,69.81867],[169.41228,69.76341],[169.2776,69.75951],[169.30991,69.66446],[169.23471,69.59211],[168.87452,69.56786],[168.17254,69.69522],[167.75375,69.83234],[168.26466,70.02411],[169.37232,69.88475],[169.45143,69.81867]]],[[[179.80698,70.9131],[179.13103,70.87873],[178.79331,70.805],[178.62224,71.05101],[178.90545,71.23701],[180.0,71.53642],[180.0,70.99242],[179.80698,70.9131]]],[[[-180.0,71.53669],[-179.07457,71.60004],[-178.39485,71.54072],[-177.44343,71.23701],[-177.63764,71.11701],[-177.93049,71.04145],[-179.34211,70.90803],[-180.0,70.99201],[-180.0,71.53669]]],[[[-175.57929,71.37832],[-175.62865,71.35175],[-175.81078,71.41169],[-175.57929,71.37832]]]]}},{"type":"Feature","properties":{"id":"ru-cu","lat":55.47553,"lng":47.12892},"geometry":{"type":"Polygon","coordinates":[[[48.41237,55.82936],[48.22499,55.70141],[48.08102,55.68027],[48.01839,55.61444],[48.09157,55.53645],[47.97385,55.49951],[47.83411,55.3421],[47.69604,55.32314],[47.69903,55.22273],[47.78543,55.22025],[47.81861,55.27642],[47.89261,55.24185],[47.87153,55.28487],[47.92341,55.31425],[48.01271,55.28084],[48.08464,55.15054],[48.06873,55.0986],[47.91793,55.0601],[48.02893,55.01912],[47.99627,54.96825],[47.78802,54.93923],[47.84693,54.81572],[47.75753,54.90301],[47.74823,54.82854],[47.43238,54.89179],[47.37037,54.75258],[47.20397,54.65785],[47.063,54.6902],[46.86094,54.63026],[46.41167,54.79278],[46.41467,54.89536],[46.28651,54.96347],[46.2616,55.05421],[46.20021,55.07147],[46.16042,54.9721],[46.05572,55.04212],[46.09789,55.20418],[46.22656,55.26526],[46.22016,55.35698],[46.38676,55.45155],[46.11877,55.53041],[45.92012,55.68805],[46.09376,55.80796],[46.1352,55.89641],[46.09882,55.94077],[46.23142,56.05929],[46.5358,56.1405],[46.71025,56.1221],[47.27663,56.33517],[47.38474,56.33008],[47.44633,56.18158],[47.87101,56.13585],[47.99421,55.95168],[48.41237,55.82936]]]}},{"type":"Feature","properties":{"id":"ru-da","lat":43.09685,"lng":46.97016},"geometry":{"type":"MultiPolygon","coordinates":[[[[45.94756,42.02291],[45.62138,42.22448],[45.73951,42.47065],[45.96808,42.619],[46.01324,42.59203],[46.04735,42.69026],[46.16951,42.72969],[46.12135,42.83793],[46.19618,42.9041],[46.39327,42.87219],[46.53693,42.94058],[46.48877,43.00761],[46.53455,43.07995],[46.4033,43.11375],[46.44774,43.18106],[46.42779,43.30635],[46.32713,43.43487],[46.48629,43.67558],[46.67553,43.81547],[46.45518,43.88125],[46.41901,44.00016],[46.24641,43.9428],[46.2,43.84766],[46.04869,43.82136],[46.04466,43.93365],[45.5094,44.01519],[45.51157,44.18862],[45.10591,44.21022],[45.13071,44.26831],[45.40449,44.3175],[45.44687,44.39241],[45.41049,44.4392],[45.22621,44.46597],[45.2658,44.58513],[45.43488,44.61748],[45.64634,44.79975],[45.62236,44.90344],[45.85367,45.00051],[46.43368,44.93656],[46.79294,44.76507],[46.88988,44.78073],[46.72202,44.65534],[46.70094,44.44619],[47.02564,44.35961],[47.12224,44.22272],[47.24594,44.21198],[47.50278,43.78099],[47.36573,43.62067],[47.40431,43.51138],[47.46534,43.55215],[47.54444,43.86522],[47.70151,43.8745],[47.60157,43.76569],[47.4909,43.46284],[47.49342,43.29633],[47.5857,43.29955],[47.48585,43.21284],[47.46193,43.02082],[47.69809,42.86713],[47.72731,42.66279],[48.09596,42.3498],[48.38673,41.9372],[48.57895,41.84528],[48.37015,41.58015],[48.05353,41.46129],[47.89215,41.28327],[47.89463,41.21929],[47.54731,41.20565],[47.25084,41.31603],[47.14139,41.5524],[47.02703,41.55695],[46.74079,41.85124],[46.56758,41.78668],[46.52551,41.8823],[46.22434,41.99348],[45.94756,42.02291]]],[[[47.86207,43.99433],[47.76295,43.92841],[47.62818,43.96259],[47.6657,43.99628],[47.86207,43.99433]]]]}},{"type":"Feature","properties":{"id":"ru-in","lat":43.09431,"lng":45.02715},"geometry":{"type":"Polygon","coordinates":[[[45.04808,42.6859],[44.85936,42.75951],[44.77347,42.60965],[44.6156,42.7785],[44.62842,42.88278],[44.85218,42.8364],[44.94437,42.95412],[44.92266,43.06125],[44.80856,43.1724],[44.67172,43.25214],[44.66015,43.20858],[44.57488,43.24031],[44.5724,43.39249],[44.49778,43.39694],[44.54326,43.5968],[44.62129,43.60979],[44.6216,43.54845],[44.77404,43.61853],[45.06508,43.46686],[45.16926,43.12737],[45.1366,42.83514],[45.18022,42.81025],[45.04808,42.6859]]]}},{"type":"Feature","properties":{"id":"ru-irk","lat":57.70614,"lng":108.99642},"geometry":{"type":"Polygon","coordinates":[[[101.69026,58.41721],[102.18614,58.52268],[102.31792,58.64733],[102.51326,58.72143],[102.56493,58.80212],[102.53403,58.90075],[102.43864,58.94374],[102.43874,59.13634],[102.5885,59.20305],[102.83148,59.21458],[103.01059,59.31809],[103.08263,59.26439],[103.33026,59.25618],[103.24024,59.22734],[103.24861,59.1753],[103.37522,59.03412],[103.59391,58.91671],[103.89633,58.90049],[103.95183,58.78489],[103.86914,58.73517],[104.22013,58.75796],[104.39314,58.70391],[104.45815,58.60226],[104.79394,58.66929],[104.87249,58.71854],[104.76046,58.81414],[104.79818,58.86323],[105.34699,59.09169],[105.29407,59.25992],[105.19072,59.30832],[105.24146,59.35338],[105.22534,59.42929],[105.17242,59.47448],[104.97781,59.46376],[104.86267,59.54324],[104.7988,59.69088],[105.01243,59.76979],[105.02442,59.83469],[105.49054,59.84524],[105.43287,59.89616],[105.48868,60.00117],[105.42367,60.10966],[105.47855,60.24904],[104.88924,60.30169],[104.66486,60.40277],[104.52151,60.63899],[104.59613,60.75288],[104.4597,60.83877],[104.62858,60.89001],[104.5645,60.94481],[104.61494,61.07408],[104.83663,61.17616],[105.00737,61.18218],[104.92624,61.319],[104.78898,61.3484],[105.27174,61.42493],[105.36745,61.52984],[105.69611,61.64523],[105.80908,61.62239],[105.94674,61.68885],[105.9022,61.83488],[106.20947,62.00035],[106.40728,62.03477],[106.37514,62.10324],[106.44614,62.23548],[106.32739,62.26581],[106.47808,62.32353],[106.42837,62.38283],[106.53265,62.3765],[106.70349,62.47448],[106.66908,62.54856],[106.79692,62.60176],[106.50444,62.67504],[106.52479,62.74677],[106.44253,62.84304],[106.21773,62.89678],[106.12337,63.05951],[106.40325,63.11331],[106.42454,63.19661],[106.36512,63.26296],[106.43757,63.31996],[106.67269,63.29758],[106.73057,63.36748],[106.5096,63.49509],[106.68551,63.62046],[106.62949,63.69678],[106.79341,63.84238],[106.68148,63.92532],[106.7099,63.98661],[107.07081,63.88701],[107.28981,63.95],[107.3725,63.86551],[107.56297,63.85853],[107.67976,63.98922],[108.26288,63.99589],[108.32014,64.03904],[108.21555,64.21241],[108.02651,64.22352],[108.30618,64.25008],[108.35765,64.29972],[108.53366,64.23536],[108.48488,64.20011],[108.54028,64.17774],[108.49501,64.11572],[108.73148,63.98364],[108.68787,63.91424],[108.76642,63.86044],[108.64766,63.78675],[108.2975,63.81052],[108.26505,63.67265],[108.11746,63.62159],[108.1249,63.57999],[109.04216,63.5523],[109.27874,63.34854],[109.36473,63.35417],[109.38075,63.25733],[109.45164,63.22276],[109.40751,63.18152],[109.45299,63.14896],[109.47159,62.93179],[109.64688,62.82619],[109.47273,62.74604],[109.36989,62.57701],[109.24928,62.57029],[109.26716,62.52352],[109.48699,62.411],[109.91198,62.4104],[109.89451,62.35423],[109.99828,62.28462],[109.93606,62.23894],[109.99952,62.16354],[109.59779,61.87044],[109.62001,61.71809],[109.87012,61.53289],[109.7924,61.3252],[110.08086,61.27037],[110.1901,61.15529],[110.39784,61.18019],[110.50605,61.13813],[110.4584,60.98827],[110.23506,60.82492],[110.28849,60.77017],[110.26679,60.6965],[110.04933,60.67154],[110.1162,60.58705],[109.92262,60.46334],[109.94629,60.40195],[109.73204,60.22506],[109.69442,60.11473],[109.76387,60.02698],[109.50053,59.75914],[109.52327,59.63615],[109.26819,59.46144],[109.34778,59.40955],[109.25207,59.36741],[109.26127,59.32134],[109.51025,59.28886],[109.64192,59.06193],[109.74227,59.06637],[109.82216,58.98126],[110.27826,58.98405],[110.53117,59.05872],[110.57633,59.1861],[110.69715,59.25724],[111.09134,59.23654],[111.17516,59.18781],[111.47013,59.26729],[111.63725,59.2076],[111.76365,59.27364],[111.94214,59.27385],[112.2706,59.5004],[112.3325,59.41658],[112.27524,59.36527],[112.29313,59.30057],[112.63109,59.31049],[112.45146,59.12523],[112.44774,58.9285],[112.50262,58.87036],[112.61641,58.96224],[112.56908,59.06712],[112.64442,59.03366],[112.91614,59.15163],[113.26423,59.15686],[113.46101,59.26163],[113.42432,59.38273],[113.60498,59.49906],[113.59175,59.5652],[114.17477,59.75346],[114.30902,59.87888],[114.56947,60.00058],[114.54312,60.10778],[114.69711,60.21922],[114.82496,60.18666],[115.23816,60.44696],[115.6863,60.52623],[116.07543,60.40691],[116.59943,60.35477],[116.97677,60.15444],[117.05428,60.03541],[117.29633,60.01892],[117.06358,59.9134],[117.22626,59.82082],[117.19846,59.65538],[117.08715,59.59078],[117.2337,59.53125],[117.5975,59.47231],[117.75801,59.53941],[117.88307,59.4419],[118.05825,59.58264],[118.28263,59.60933],[118.39766,59.51606],[118.74875,59.41343],[118.75805,59.33292],[118.8459,59.29106],[118.6887,59.19145],[118.7072,59.06384],[118.84952,59.00901],[118.78555,58.9],[118.89334,58.80483],[118.87588,58.68908],[118.77635,58.60397],[119.13281,58.46088],[119.06873,58.35726],[119.10811,58.2227],[118.66132,58.1749],[118.15757,58.38558],[118.07003,58.34026],[117.99459,58.39463],[117.6838,58.39799],[117.47555,58.30905],[117.58727,58.18017],[117.40806,58.12679],[117.3663,57.9946],[117.4093,57.90582],[117.0858,57.80443],[117.17272,57.73648],[117.14193,57.64129],[117.28662,57.6125],[117.25427,57.51385],[117.36568,57.32818],[117.44361,57.32932],[117.43193,57.25475],[117.59709,57.32115],[117.79449,57.29268],[117.74282,57.19584],[117.60092,57.14969],[117.67657,57.06582],[117.67254,56.9775],[117.5758,56.93472],[117.57084,56.85121],[117.49901,56.8695],[117.45136,56.81901],[117.34832,56.86769],[117.33706,56.94407],[117.13107,56.80418],[116.80613,56.72465],[116.36161,56.84733],[116.12204,56.81266],[115.7108,56.9635],[116.23841,57.14933],[116.13103,57.23857],[115.86273,57.24328],[115.67928,57.13093],[115.08593,57.11858],[115.02505,57.03719],[115.04655,56.98528],[114.84573,56.83203],[114.77928,56.69938],[114.50012,56.70109],[114.44059,56.65416],[114.1448,56.68114],[113.9971,56.58497],[114.00496,56.5412],[113.89747,56.52544],[113.80301,56.60244],[113.51372,56.67879],[113.36955,56.62605],[112.89578,56.69171],[112.74716,56.76103],[112.69848,56.86108],[112.74591,56.93394],[112.66209,56.95965],[112.45777,56.86371],[112.23494,56.87772],[112.10957,56.94438],[111.81367,56.90841],[111.63177,57.01197],[111.58692,57.10716],[111.46248,57.10246],[111.33608,56.95508],[111.37215,56.90035],[111.16503,56.81529],[110.75255,56.8741],[110.6001,56.83028],[110.33924,56.93735],[109.9958,56.97022],[109.88686,56.89087],[109.88841,56.78976],[109.76708,56.70408],[109.4102,56.73494],[109.30809,56.66848],[108.69241,56.57967],[108.72714,56.51386],[108.55702,56.34566],[108.57635,56.28504],[108.79897,56.25739],[108.99121,56.03968],[109.25631,55.97431],[109.18003,55.91302],[108.97074,55.94563],[108.85406,55.86625],[108.77138,55.62327],[108.68807,55.60487],[108.69066,55.52131],[108.62224,55.45589],[108.652,55.30102],[108.77892,55.23296],[108.78223,55.1695],[108.69035,55.06232],[108.76269,54.93008],[108.6949,54.88998],[108.69862,54.681],[108.55785,54.54298],[109.03844,54.48856],[109.00733,54.42495],[108.42349,53.78318],[108.06083,53.20513],[106.1983,52.44018],[105.75151,52.03099],[105.46119,51.86335],[104.64987,51.62243],[104.66889,51.33831],[104.60936,51.26829],[104.48843,51.31033],[104.21238,51.28111],[103.81375,51.13187],[103.81674,51.40126],[103.57635,51.47924],[103.32778,51.43805],[103.18143,51.61106],[103.20892,51.80914],[102.76885,51.98964],[102.54209,52.22761],[102.17653,52.27712],[101.96321,52.22245],[101.9104,52.31709],[101.67362,52.40902],[101.68757,52.46062],[101.48211,52.56242],[101.45999,52.62097],[100.86561,52.80029],[100.39514,53.10118],[100.3508,53.15937],[100.40103,53.23422],[100.26047,53.37483],[100.07981,53.30031],[99.86939,53.29752],[99.87766,53.20419],[99.69017,53.13195],[99.3703,53.10927],[99.24979,52.95382],[98.98934,53.03449],[99.06437,53.09741],[98.93766,53.14937],[98.34762,53.09252],[98.28757,53.12528],[98.28912,53.22326],[98.03084,53.25261],[97.95757,53.35773],[97.60627,53.37302],[97.58581,53.43808],[97.44783,53.46149],[97.32835,53.59637],[97.12754,53.6127],[96.87494,53.72907],[96.72674,53.70509],[96.68405,53.63853],[96.5683,53.65014],[96.05019,53.99975],[96.05494,54.08786],[95.66572,54.24403],[95.71667,54.38795],[95.91469,54.39554],[96.06466,54.57334],[96.57285,54.51838],[96.56489,54.69687],[96.71382,54.91939],[96.58494,55.0232],[96.68157,55.07793],[96.70658,55.2587],[96.91804,55.32952],[96.84311,55.4414],[96.85479,55.59397],[96.75278,55.65071],[96.8181,55.70079],[96.76756,55.769],[96.96,55.86093],[96.98646,56.01834],[97.12527,56.10174],[97.35192,56.0512],[97.58022,56.19512],[97.56824,56.38276],[97.87809,56.41123],[97.87705,56.54492],[97.75148,56.56027],[97.77505,56.78],[97.48628,56.81054],[97.48493,56.89257],[97.61991,56.95363],[97.34851,57.04802],[97.934,57.8113],[98.74522,57.79275],[98.96164,57.7233],[99.42208,57.79875],[99.49752,57.92902],[99.70278,58.0857],[100.04343,58.07857],[100.12932,57.8668],[100.36517,57.73237],[100.33075,57.68899],[100.40496,57.55029],[100.74882,57.40324],[100.9578,57.4983],[100.95242,57.56057],[100.80142,57.67302],[100.88462,57.76968],[100.81269,57.88365],[101.02239,57.89249],[101.15396,58.01682],[101.11799,58.11899],[101.29762,58.21929],[101.53089,58.22531],[101.69026,58.41721]]]}},{"type":"Feature","properties":{"id":"ru-iva","lat":57.08378,"lng":41.67089},"geometry":{"type":"Polygon","coordinates":[[[41.63005,57.74986],[42.1802,57.56005],[42.4145,57.63509],[42.64973,57.63524],[42.77582,57.70325],[42.85468,57.65974],[42.82615,57.52987],[42.87008,57.49737],[42.82222,57.41541],[42.97312,57.3875],[43.15802,57.42846],[43.16753,57.58894],[43.20711,57.6339],[43.21331,57.41541],[43.58383,57.65498],[43.54239,57.56693],[43.71416,57.49184],[43.70703,57.42466],[43.8633,57.37107],[43.69804,57.33743],[43.67664,57.26849],[43.53856,57.26178],[43.50094,57.12241],[43.68036,57.05797],[43.50125,56.90645],[42.84362,56.81529],[42.78657,56.66905],[42.90449,56.64223],[42.83018,56.53262],[42.88186,56.47159],[42.63867,56.47903],[42.55237,56.41372],[42.28861,56.47128],[42.05896,56.36801],[41.95768,56.39056],[41.90951,56.5397],[41.08496,56.47283],[40.71465,56.59846],[40.50536,56.59613],[40.45823,56.53195],[40.15593,56.43428],[39.95139,56.48082],[39.83367,56.60859],[39.88008,56.64967],[39.85879,56.77963],[39.62542,56.8247],[39.48434,56.76589],[39.39205,56.79328],[39.46108,56.91585],[39.57932,56.96753],[39.51648,57.02404],[39.82695,57.10959],[39.84173,57.17682],[40.17794,57.2056],[40.20512,57.28689],[41.00797,57.33567],[41.16971,57.4352],[41.56008,57.46368],[41.60876,57.56398],[41.56721,57.7042],[41.63005,57.74986]]]}},{"type":"Feature","properties":{"id":"ru-kam","lat":57.91192,"lng":159.81105},"geometry":{"type":"MultiPolygon","coordinates":[[[[168.1019,54.52497],[167.73487,54.6634],[167.43914,54.86628],[167.73406,54.76264],[168.1019,54.52497]]],[[[166.64975,54.84455],[166.6644,54.68008],[166.50001,54.82469],[166.35646,54.83955],[166.19532,54.94452],[165.99293,55.22191],[165.74643,55.29707],[165.94044,55.36498],[166.25367,55.33185],[166.25026,55.15229],[166.64975,54.84455]]],[[[174.51114,61.86702],[174.15504,61.8006],[174.19337,61.8168],[174.07301,61.84162],[174.02068,61.79686],[174.10662,61.78018],[173.80494,61.64985],[173.80193,61.6918],[173.54461,61.74909],[173.48113,61.55524],[173.33123,61.54731],[173.2859,61.46507],[173.12843,61.39696],[172.89715,61.47232],[172.71559,61.43073],[172.93133,61.35155],[172.95509,61.31403],[172.89454,61.2779],[172.66782,61.33446],[172.76677,61.26252],[172.64674,61.19111],[172.38608,61.22744],[172.33823,61.21101],[172.43442,61.14273],[172.24269,61.14273],[172.47609,61.05573],[172.26303,61.01496],[172.00929,61.10114],[172.20086,60.97577],[172.04713,60.86066],[171.95777,60.95311],[171.94939,60.84829],[171.53688,60.80695],[171.63258,60.74482],[171.41342,60.69017],[171.46795,60.73115],[171.39633,60.78294],[171.37241,60.64305],[171.17945,60.55891],[170.75074,60.52949],[170.81072,60.49844],[170.7173,60.42817],[170.51588,60.45063],[170.66212,60.33202],[170.50229,60.27253],[170.40064,59.96564],[170.26515,59.92036],[169.95582,60.05923],[169.84881,60.18163],[169.97462,60.23216],[169.75522,60.27558],[169.69337,60.41649],[169.26417,60.55048],[169.37135,60.56733],[169.21437,60.62873],[169.13258,60.58723],[169.16652,60.56733],[168.28012,60.59642],[167.83766,60.51056],[167.76808,60.55305],[167.77198,60.49673],[167.5923,60.44546],[167.48015,60.468],[167.4336,60.4204],[167.33611,60.47114],[167.37403,60.40595],[167.28151,60.41649],[167.19215,60.35505],[167.02491,60.42768],[167.04811,60.32844],[166.8978,60.29979],[166.93181,60.25902],[166.24513,59.83063],[166.10955,59.82746],[166.10279,59.90941],[166.1753,60.12031],[166.28541,60.19725],[166.2326,60.39598],[166.31267,60.39273],[166.3733,60.49946],[166.01344,60.44038],[165.92408,60.38239],[165.97975,60.37572],[166.04078,60.42333],[166.08058,60.4374],[166.21209,60.45746],[165.67091,60.25202],[165.46127,60.21947],[165.445,60.25886],[165.445,60.19676],[165.22926,60.09723],[165.16,60.1291],[165.19166,60.17011],[165.08229,60.1131],[164.99928,60.13532],[165.0241,60.07221],[165.12965,60.08417],[165.21209,59.99136],[164.83863,59.78742],[164.70167,59.98111],[164.48854,60.11103],[164.32057,60.08861],[164.36866,60.02546],[164.33912,59.99152],[164.11793,59.94139],[164.19044,59.85419],[164.04168,59.90754],[164.20485,59.9975],[163.62867,60.04658],[163.68312,59.97427],[163.79379,59.99136],[163.68849,59.89834],[163.53452,59.90542],[163.36183,59.82746],[163.39015,59.63154],[163.18019,59.55825],[163.17091,59.50568],[163.32146,59.41104],[163.31251,59.28754],[163.24448,59.23786],[163.28614,59.29926],[163.13347,59.29108],[163.0669,59.23408],[163.26187,59.08083],[163.16432,59.03368],[163.16505,59.09667],[163.07447,59.14224],[162.88266,59.1328],[163.07776,59.00759],[163.06855,58.96805],[162.87819,58.90648],[162.8899,58.97875],[162.81619,58.88722],[162.67661,58.87409],[162.7859,58.87409],[162.78769,58.83192],[162.40529,58.65445],[162.16987,58.40592],[161.99323,58.08739],[162.08204,57.88247],[162.45554,57.78435],[162.3545,57.68854],[162.52179,57.75416],[162.49115,57.88732],[162.5298,57.93651],[162.68995,57.96971],[163.00387,57.83753],[163.21894,57.81346],[163.32951,57.70894],[163.07483,57.461],[162.8002,57.34643],[162.7859,57.14545],[162.85985,57.05144],[162.7835,56.76303],[162.96719,56.70356],[163.23897,56.73302],[163.28057,56.68801],[163.25026,56.45112],[163.35328,56.32198],[163.36607,56.18066],[163.11793,56.10643],[163.05121,56.0054],[162.82162,56.0562],[162.63802,56.22079],[162.55681,56.2285],[163.11605,56.5005],[163.02013,56.53764],[162.9099,56.42569],[162.68294,56.48387],[162.41404,56.38387],[162.59254,56.26849],[162.05675,56.06914],[162.07693,56.02247],[161.76413,55.55485],[161.74769,55.37595],[161.81298,55.17918],[162.1517,54.86262],[162.12761,54.7604],[161.72381,54.50943],[161.31186,54.49014],[161.15089,54.59732],[160.74122,54.53522],[160.05299,54.17573],[159.90154,53.98188],[159.86671,53.69449],[159.81821,53.65965],[159.91456,53.59077],[159.87289,53.66649],[159.93068,53.64509],[159.96046,53.49677],[159.79103,53.5163],[159.97535,53.33161],[159.91456,53.26862],[159.96925,53.21467],[160.01759,53.2652],[160.0586,53.09736],[159.77149,53.2036],[159.82504,53.28294],[159.16383,53.13491],[158.70867,52.89179],[158.59156,53.06216],[158.43784,53.02534],[158.43556,52.91974],[158.64715,52.89936],[158.49977,52.77896],[158.59938,52.71377],[158.56471,52.64737],[158.42115,52.65913],[158.42733,52.59377],[158.52361,52.57038],[158.53045,52.48786],[158.42115,52.4121],[158.54347,52.42072],[158.5713,52.39167],[158.50318,52.3581],[158.55787,52.31306],[158.39015,52.22622],[158.42701,52.18427],[158.31902,52.13032],[158.28688,51.96751],[157.91334,51.63129],[157.53688,51.48607],[157.47574,51.36147],[157.3885,51.35132],[156.65823,50.88261],[156.76194,50.98443],[156.76155,51.07797],[156.70809,51.0877],[156.72187,51.19548],[156.52361,51.31151],[156.43919,52.21603],[156.28224,52.52945],[156.37232,52.44685],[156.44663,52.51142],[156.26573,52.59817],[156.1112,52.93542],[155.95468,53.7861],[155.72804,54.42683],[155.55118,55.28421],[155.68621,56.03913],[155.76206,56.11945],[155.94654,56.62189],[156.12526,56.83202],[156.174,56.84585],[156.08253,56.76708],[156.06373,56.71597],[156.20582,56.85431],[156.46128,56.94841],[156.55209,57.10895],[156.68385,57.04833],[157.00129,57.42551],[156.93068,57.65843],[156.74903,57.72956],[156.98146,57.85712],[157.24187,57.77049],[157.4699,57.80394],[157.63966,58.02497],[157.94703,57.9831],[158.22462,58.02546],[158.33823,57.95303],[158.22877,58.03864],[159.15252,58.50788],[159.23699,58.46784],[159.1937,58.54198],[159.50367,58.6966],[159.72779,58.88304],[159.72967,59.0113],[159.80348,59.09638],[160.33627,59.36107],[160.49732,59.55248],[160.84685,59.61799],[161.46666,60.03224],[161.89721,60.20296],[161.94805,60.2701],[161.89314,60.30311],[161.93856,60.41679],[162.20623,60.53803],[162.75367,60.64594],[162.91669,60.76001],[163.32482,60.80466],[163.31479,60.72175],[163.43623,60.83151],[163.75104,60.88306],[163.73414,60.93854],[163.4873,61.00166],[163.6182,61.05916],[163.66626,61.14486],[163.93279,61.2353],[164.02882,61.34663],[163.95232,61.43452],[163.75147,61.44331],[163.86606,61.64652],[164.04481,61.68343],[164.12719,62.26238],[164.41806,62.35348],[164.53831,62.45111],[165.22543,62.38288],[165.29689,62.32258],[165.28728,62.36612],[165.12378,62.45061],[165.65089,62.45917],[165.11003,62.48533],[164.44692,62.68942],[164.05513,62.6561],[163.90841,62.58437],[163.39893,62.5759],[163.16773,62.43205],[163.36892,62.32767],[163.09149,62.22664],[163.15041,62.1133],[163.10502,62.07997],[163.19312,62.06662],[163.02624,61.92097],[163.05838,61.8982],[162.97673,61.79957],[163.34339,61.70569],[163.32655,61.65786],[163.1121,61.61593],[163.07594,61.58515],[163.11207,61.5481],[163.01728,61.51658],[162.8598,61.60254],[162.94319,61.6501],[162.83882,61.70757],[162.62267,61.65907],[162.77484,61.59389],[162.51046,61.65836],[162.42371,61.76711],[162.46381,61.82749],[162.31116,61.9342],[162.50608,61.97208],[162.53182,62.09233],[162.16295,62.18644],[162.7286,62.29031],[162.77067,62.49691],[162.6946,62.58352],[162.81862,62.70827],[162.68044,62.70697],[162.54753,62.84474],[162.27736,62.91688],[162.2941,63.06726],[162.75578,63.18431],[162.8056,63.24617],[162.67393,63.38052],[162.96487,63.49884],[162.97706,63.62627],[162.72157,63.79766],[162.9291,63.94545],[162.89479,64.01754],[162.82916,64.02395],[162.7872,64.14322],[162.94223,64.19962],[163.14976,64.18182],[163.25591,64.32067],[163.46086,64.38558],[163.16992,64.55226],[163.15876,64.6314],[163.25901,64.71781],[163.11648,64.80054],[163.3452,64.81847],[163.52028,64.93144],[163.87282,64.8654],[164.18784,64.93412],[164.79793,64.7716],[164.93188,64.68494],[165.02252,64.69889],[165.02841,64.8424],[165.26271,64.85062],[165.35934,64.76132],[165.68398,64.75398],[165.89006,64.61735],[165.81978,64.59001],[165.87146,64.55466],[166.19857,64.60898],[166.8068,64.53293],[167.23695,64.62365],[167.37255,64.49379],[167.50836,64.47762],[167.71413,64.34072],[168.02574,64.286],[168.22305,64.34594],[168.49869,64.31737],[168.62498,64.21443],[168.77795,64.18451],[168.8597,64.02658],[169.35352,63.94633],[169.37047,63.87445],[169.547,63.81574],[169.59836,63.65606],[169.49222,63.56832],[169.20521,63.51571],[168.46375,63.07822],[168.92574,62.94381],[169.12666,62.97254],[169.84248,62.65535],[170.07833,62.66129],[169.98614,62.54502],[170.26158,62.2854],[170.42322,62.31372],[170.84769,62.24829],[171.21759,62.36854],[171.48558,62.31165],[172.05475,62.46652],[172.29391,62.40337],[172.48718,62.44006],[172.85253,62.33149],[172.90317,62.39273],[173.17148,62.39526],[173.50386,62.53409],[173.68762,62.53469],[173.80637,62.5136],[173.87242,62.44053],[174.07985,62.44704],[174.09338,62.33981],[174.01039,62.27847],[174.11219,62.1885],[174.10734,62.07849],[174.31931,62.09655],[174.46783,61.98361],[174.45026,61.91317],[174.51114,61.86702]]],[[[164.73407,59.02325],[164.63187,58.86537],[164.16082,58.8216],[163.58546,58.55789],[163.49002,58.4445],[163.41285,58.53537],[163.61054,58.60746],[163.77955,58.8104],[163.78176,58.89387],[163.91319,58.99429],[163.69639,58.99195],[163.74928,59.01896],[164.28305,59.11371],[164.55812,59.23969],[164.73407,59.02325]]]]}},{"type":"Feature","properties":{"id":"ru-kb","lat":43.46524,"lng":43.43443},"geometry":{"type":"Polygon","coordinates":[[[42.61521,43.13698],[42.36256,43.23519],[42.47868,43.49983],[42.45667,43.61067],[42.66192,43.68126],[42.69737,43.81784],[42.85209,43.81712],[43.19502,43.95145],[43.31604,43.80653],[43.45908,43.86781],[43.72873,43.83872],[43.90608,43.99421],[44.25852,43.92461],[44.42223,43.9952],[44.29872,43.8904],[44.27981,43.75144],[44.32776,43.66421],[44.43308,43.65408],[44.39928,43.42391],[44.17687,43.3556],[44.10783,43.43066],[44.03569,43.3648],[44.08427,43.27436],[44.02308,43.20889],[43.8481,43.31007],[43.56068,42.93542],[43.45857,42.9597],[43.38618,42.88688],[43.19434,42.92676],[42.99885,43.04221],[43.00009,43.09866],[42.82977,43.16876],[42.61521,43.13698]]]}},{"type":"Feature","properties":{"id":"ru-kc","lat":43.86519,"lng":41.70742},"geometry":{"type":"Polygon","coordinates":[[[41.04249,43.36983],[40.68997,43.52313],[40.77697,43.92321],[40.95309,43.98093],[40.86989,44.12924],[41.27421,44.0769],[41.28805,44.00155],[41.44949,43.9939],[41.70891,44.2334],[41.69061,44.32897],[41.60225,44.36747],[41.62653,44.4075],[41.84854,44.49072],[41.91437,44.49028],[41.97225,44.38504],[42.28655,44.32815],[42.35228,44.27048],[42.55702,44.28908],[42.55547,44.2449],[42.29636,44.10346],[42.39145,43.96755],[42.59071,44.04026],[42.55981,43.98176],[42.64983,43.96507],[42.6118,43.93375],[42.68321,43.80717],[42.66192,43.68126],[42.45667,43.61067],[42.47868,43.49983],[42.36256,43.23519],[42.04336,43.18057],[41.57754,43.2153],[41.38066,43.33477],[41.04249,43.36983]]]}},{"type":"Feature","properties":{"id":"ru-kda","lat":45.15116,"lng":38.09233},"geometry":{"type":"Polygon","coordinates":[[[40.68997,43.52313],[40.09671,43.56264],[39.96258,43.39265],[38.75831,44.27363],[38.2173,44.38719],[38.05616,44.55899],[37.77849,44.7298],[37.80006,44.63524],[37.49871,44.6684],[37.3711,44.74787],[37.306,44.90965],[37.1919,44.99103],[36.8401,45.10936],[36.70167,45.10383],[36.57732,45.19416],[36.96168,45.28294],[36.94728,45.32022],[36.78883,45.29218],[36.75807,45.35423],[36.8025,45.31269],[36.8475,45.36734],[36.78159,45.38764],[36.66814,45.32636],[36.83326,45.44302],[37.13941,45.33552],[37.07838,45.23896],[37.31918,45.27167],[37.15895,45.32608],[37.38136,45.30646],[37.5193,45.36929],[37.50473,45.33381],[37.60084,45.33137],[37.59107,45.28937],[37.6351,45.33381],[37.72926,45.30166],[37.69988,45.33918],[37.75807,45.40205],[37.71705,45.38898],[37.70289,45.45726],[37.74439,45.45043],[37.6351,45.6081],[37.6408,45.45596],[37.58627,45.43244],[37.59506,45.63532],[37.62647,45.66828],[37.70289,45.62177],[37.66684,45.66901],[37.82944,45.75316],[37.94011,46.02033],[38.0975,46.05781],[38.03248,46.02521],[38.07399,46.02521],[38.04184,45.96109],[38.08033,45.94636],[38.00123,45.83259],[38.03956,45.81607],[38.16749,46.12051],[38.24879,46.14155],[38.42742,46.03827],[38.55991,46.03266],[38.57081,46.10468],[38.30006,46.21865],[38.12289,46.37751],[37.98064,46.40034],[37.99537,46.35444],[37.90504,46.41104],[37.73756,46.67634],[37.98227,46.6175],[38.27174,46.73237],[38.31365,46.67634],[38.59164,46.65925],[38.47055,46.74348],[38.37818,46.70816],[38.40301,46.82095],[38.47462,46.86188],[38.90742,46.81833],[38.84924,46.71255],[38.8604,46.58798],[38.88448,46.63478],[39.16777,46.61855],[39.23805,46.76924],[39.44351,46.8089],[40.12285,46.72661],[40.04596,46.54783],[40.21442,46.52494],[40.28563,46.43215],[40.23354,46.35118],[40.33948,46.27989],[40.9133,46.23475],[40.99825,46.29438],[40.95464,46.19341],[41.12589,46.06789],[41.16568,45.90056],[41.26056,45.87203],[41.23286,45.82041],[41.2803,45.76496],[41.17902,45.75013],[41.13292,45.68331],[40.85666,45.69044],[40.8426,45.5272],[41.00807,45.38483],[41.02564,45.22021],[41.2926,45.24282],[41.35957,45.21202],[41.35275,45.10562],[41.46417,44.98919],[41.6532,44.97343],[41.58705,44.78817],[41.41404,44.68673],[41.57341,44.53677],[41.72906,44.48509],[41.59977,44.3728],[41.6996,44.31626],[41.69868,44.21126],[41.44949,43.9939],[41.28805,44.00155],[41.27421,44.0769],[40.85666,44.12103],[40.95309,43.98093],[40.77697,43.92321],[40.68997,43.52313]],[[39.90302,45.07864],[39.61208,45.19295],[39.31525,44.99896],[39.0423,44.96594],[38.89978,45.05069],[38.80665,45.00454],[38.68594,45.03658],[38.67188,44.9618],[39.0638,44.81034],[39.46987,44.79468],[39.6372,44.87075],[39.49643,44.95374],[39.49984,45.0373],[39.63916,45.03397],[39.66717,45.01002],[39.60309,44.95855],[39.6805,44.98123],[39.73972,44.93194],[39.8838,45.00743],[40.02663,44.73618],[39.91491,44.69862],[39.92049,44.59268],[39.79357,44.35021],[40.07862,44.23663],[39.95997,44.0646],[39.81331,44.1849],[39.73724,44.18655],[39.72422,43.93194],[40.32036,43.76028],[40.45668,43.96574],[40.38341,44.03339],[40.36646,44.19805],[40.43808,44.29161],[40.40635,44.4993],[40.32367,44.60841],[40.4047,44.7374],[40.53937,44.73329],[40.67652,44.53568],[40.64065,44.45762],[40.75413,44.47457],[40.7284,44.60777],[40.52758,44.91519],[40.25566,45.0881],[39.90302,45.07864]]]}},{"type":"Feature","properties":{"id":"ru-kem","lat":54.54564,"lng":86.79446},"geometry":{"type":"Polygon","coordinates":[[[88.53468,56.78294],[88.62398,56.83297],[88.65167,56.74176],[88.74014,56.71917],[88.66945,56.63809],[88.50636,56.62042],[88.52248,56.55143],[88.62501,56.51663],[88.59245,56.44364],[89.05661,56.30168],[89.0563,56.21011],[89.27159,56.06942],[89.31148,55.91411],[89.44904,55.86196],[89.37049,55.77499],[88.68227,55.51604],[88.39433,55.27334],[88.54998,55.08336],[88.54842,55.01675],[88.66914,54.96714],[88.66449,54.88084],[88.74345,54.89543],[88.75658,54.83278],[88.63059,54.74653],[88.56434,54.46267],[88.378,54.38851],[88.57116,54.28702],[88.84474,54.41567],[89.00431,54.29012],[89.17516,54.33477],[89.22249,54.25031],[89.19262,54.14972],[88.98147,54.06523],[89.0654,53.95479],[89.21433,53.9412],[89.18208,53.87206],[89.27375,53.84912],[89.0316,53.75313],[89.0038,53.66763],[88.83719,53.58831],[88.86303,53.4802],[88.76123,53.36506],[88.89517,53.38661],[89.05062,53.24944],[89.00587,53.19231],[89.04907,53.13045],[88.89507,52.98736],[89.06509,52.95403],[89.23469,52.80432],[89.04214,52.70645],[89.11542,52.59777],[88.66428,52.34401],[88.72237,52.31314],[88.68185,52.25108],[88.36477,52.16801],[88.42068,52.4539],[88.20839,52.41401],[87.92376,52.54759],[87.63551,52.4498],[87.37795,52.50873],[87.34964,52.59485],[87.16753,52.5911],[87.16815,52.71926],[87.07999,52.70882],[86.94408,52.85512],[87.02314,52.9155],[87.07699,53.07521],[86.92703,53.0842],[86.66658,53.24988],[86.86946,53.29788],[86.98862,53.41488],[86.92279,53.44557],[87.00537,53.5081],[86.79938,53.47436],[86.5688,53.53802],[86.45481,53.61404],[86.38515,53.78499],[86.13917,53.98776],[85.60287,54.2339],[85.44877,54.20444],[85.16,54.48716],[85.07939,54.46939],[84.94834,54.60411],[85.04332,54.66232],[84.94244,54.73697],[85.07608,54.86828],[84.8826,54.98528],[84.91578,55.16526],[84.82255,55.24624],[84.87547,55.38853],[84.63507,55.40874],[84.76106,55.45463],[84.72178,55.49971],[84.77098,55.53981],[84.70132,55.66906],[84.55125,55.72265],[84.63135,55.76848],[84.60562,55.84073],[84.50629,55.86822],[84.50113,55.95447],[84.57182,55.96271],[84.54443,56.02586],[84.41038,56.04407],[84.89294,56.1696],[85.07639,56.14701],[85.13013,56.22153],[85.25436,56.24515],[85.68793,56.23884],[85.56938,56.29959],[85.79986,56.36457],[85.78074,56.40183],[85.85443,56.43979],[86.1063,56.49234],[86.2174,56.62419],[86.31342,56.62693],[86.39786,56.54802],[86.69552,56.6338],[87.1298,56.53996],[87.1667,56.67556],[87.38457,56.61412],[87.62042,56.63975],[87.78785,56.54642],[88.39195,56.8263],[88.53468,56.78294]]]}},{"type":"Feature","properties":{"id":"ru-kgd","lat":54.80272,"lng":21.38159},"geometry":{"type":"Polygon","coordinates":[[[21.37485,55.28996],[21.50394,55.19441],[22.00344,55.09349],[22.04995,55.03354],[22.58067,55.05762],[22.63348,54.95794],[22.75213,54.93112],[22.84432,54.83226],[22.72484,54.72338],[22.68175,54.5699],[22.6804,54.45322],[22.76722,54.35627],[19.60955,54.45673],[19.90016,54.66706],[19.96168,54.77318],[19.92066,54.88959],[19.97674,54.96459],[20.48243,54.97553],[20.92457,55.28266],[20.98951,55.27041],[20.53093,54.96467],[21.09067,54.90156],[21.24342,54.96125],[21.18344,55.20173],[21.37485,55.28996]]]}},{"type":"Feature","properties":{"id":"ru-kgn","lat":55.49287,"lng":65.44888},"geometry":{"type":"Polygon","coordinates":[[[68.73423,55.35171],[68.6053,55.1956],[68.17711,55.17054],[68.30816,55.07281],[68.16605,54.95613],[67.88224,54.97044],[67.69848,54.86792],[67.31132,54.85991],[67.21334,54.79717],[65.97745,54.61171],[65.9328,54.70255],[65.74398,54.60085],[65.44978,54.62747],[65.44901,54.55662],[65.19817,54.51616],[65.18422,54.31043],[64.91064,54.40273],[64.72016,54.33384],[64.57852,54.38557],[64.0045,54.31974],[64.00786,54.22868],[63.89747,54.19416],[63.70865,54.25044],[63.36831,54.16284],[63.32859,54.16311],[63.3264,54.25364],[63.09189,54.31855],[63.18584,54.40934],[63.13447,54.47905],[63.19359,54.45582],[63.29849,54.52616],[63.19214,54.68643],[62.91536,54.69573],[62.5713,54.62473],[62.52924,54.67703],[62.56386,54.72105],[62.43074,54.72529],[62.37907,54.67206],[62.1057,54.65382],[62.0194,54.72849],[62.12337,54.8151],[61.9669,55.00073],[62.10911,55.0468],[62.1983,54.99675],[62.26641,55.10475],[62.18879,55.15834],[62.2261,55.2142],[62.03056,55.2728],[62.2414,55.34582],[62.1673,55.40111],[62.1983,55.43837],[62.46506,55.42352],[62.44997,55.47667],[62.5868,55.50907],[62.45668,55.56844],[62.54898,55.6394],[62.51684,55.73779],[62.4202,55.82057],[62.26424,55.83349],[62.26837,55.88977],[62.34289,55.90506],[62.32532,55.95736],[62.21205,55.94341],[62.21846,56.02593],[62.0718,56.13352],[62.06766,56.2807],[62.25256,56.36271],[62.33297,56.46916],[62.54216,56.57774],[62.62422,56.49836],[63.00115,56.59799],[63.30604,56.57758],[63.35668,56.51459],[63.40846,56.62414],[63.84626,56.4903],[64.17327,56.46839],[64.2357,56.5112],[64.21244,56.59427],[64.36106,56.65763],[64.32324,56.74692],[64.83824,56.8418],[64.99544,56.76827],[65.02366,56.6397],[64.96723,56.50084],[65.20814,56.36808],[65.11471,56.32917],[65.15667,56.29333],[65.66713,56.27352],[65.79405,56.11291],[66.01492,55.99121],[66.18555,56.06802],[66.2981,56.05808],[66.43484,55.95317],[66.73766,56.04898],[66.82107,55.96062],[67.29742,55.95901],[67.44666,55.73505],[67.82462,55.72068],[67.94069,55.66353],[68.17644,55.70962],[68.17489,55.58617],[68.3108,55.56079],[68.46634,55.40672],[68.59864,55.42494],[68.73423,55.35171]]]}},{"type":"Feature","properties":{"id":"ru-kha","lat":54.60416,"lng":133.45951},"geometry":{"type":"MultiPolygon","coordinates":[[[[137.85808,54.5019],[137.9275,54.47451],[137.7151,54.36717],[137.71648,54.39216],[137.85808,54.5019]]],[[[137.62257,54.57079],[137.64112,54.40046],[137.56813,54.39663],[137.54672,54.51626],[137.62257,54.57079]]],[[[139.21373,54.58558],[139.27675,54.61311],[139.24359,54.58103],[139.21373,54.58558]]],[[[134.40547,48.37033],[134.58024,48.41782],[134.7515,48.37152],[134.9059,48.42795],[134.98301,48.60453],[134.56112,48.59765],[134.39183,48.74297],[134.27835,48.72199],[134.25354,48.66483],[133.9347,48.63982],[133.77006,48.75925],[133.3213,48.81919],[133.1734,49.17509],[132.81539,49.23472],[132.76981,49.34802],[132.65002,49.2896],[132.39164,49.29239],[132.39774,49.39295],[132.13853,49.48391],[131.99828,49.37363],[131.98639,49.23643],[131.79829,49.32541],[131.44699,49.20775],[131.39573,49.24361],[131.49867,49.42184],[131.49991,49.61131],[131.35449,49.70374],[131.48451,49.7412],[131.49898,49.90522],[131.29517,49.98977],[131.30726,50.06056],[131.46446,50.14981],[131.32824,50.26432],[131.29693,50.3653],[131.17249,50.33383],[131.11988,50.431],[130.91989,50.393],[130.87018,50.47506],[131.01105,50.56813],[130.93261,50.66567],[130.75835,50.66538],[130.72838,50.59769],[130.64508,50.6573],[130.8398,50.87586],[130.78233,50.99306],[130.9262,51.02738],[131.06045,51.24302],[131.1852,51.25222],[131.32948,51.37599],[131.49743,51.35294],[131.4873,51.4719],[131.39356,51.59401],[131.40958,51.68129],[131.7278,51.68108],[132.04934,51.80232],[132.2855,51.79487],[132.42347,51.85994],[132.40373,51.96342],[132.5169,51.95298],[132.58977,52.08152],[132.83409,52.1793],[133.18012,52.16534],[133.4262,52.25498],[133.24616,52.45013],[133.28637,52.52222],[133.23996,52.62759],[133.30528,52.67601],[133.87496,52.51974],[134.63471,52.42703],[134.64349,52.55938],[134.78395,52.65467],[134.75449,52.71099],[134.65796,52.72433],[134.7116,52.76086],[134.6313,52.80055],[134.63574,52.86442],[134.69197,52.87088],[134.65889,52.93915],[134.86715,53.07635],[134.8594,53.1844],[134.95645,53.25386],[134.81423,53.34065],[134.91149,53.3738],[134.91552,53.42702],[134.55523,53.62086],[134.44288,53.59172],[134.43203,53.52082],[134.22605,53.51844],[134.21458,53.47183],[134.01056,53.43317],[133.72706,53.46762],[133.57327,53.54603],[133.21516,53.42542],[133.15335,53.29117],[132.94282,53.28739],[132.87502,53.23112],[132.09967,53.22233],[132.01988,53.13851],[131.8942,53.12797],[131.83736,53.16197],[131.85307,53.23355],[131.44586,53.21918],[131.5333,53.31419],[131.42085,53.75135],[131.09673,53.81294],[130.92114,53.76778],[130.82212,53.83873],[130.39362,53.91531],[130.47899,53.98231],[130.5069,54.11985],[130.74213,54.28046],[131.10603,54.31625],[131.22448,54.5397],[131.19947,54.61279],[131.97689,54.89252],[131.96107,54.99049],[132.06205,55.04491],[132.38513,55.06395],[132.35485,55.19136],[132.60641,55.20201],[132.68661,55.27017],[132.68216,55.36747],[132.94551,55.37466],[132.75503,55.42101],[132.62563,55.50287],[132.66294,55.56074],[132.5384,55.67562],[132.40001,55.70322],[131.80367,55.61431],[131.61815,55.65324],[131.5736,55.61283],[131.09611,55.61601],[130.923,55.67857],[130.8646,55.89948],[130.92424,55.94181],[130.96361,56.12856],[131.0926,56.20587],[131.12557,56.41051],[131.30654,56.49728],[131.40193,56.42162],[131.3978,56.48555],[131.49743,56.54952],[131.61887,56.50074],[131.60388,56.45226],[131.70145,56.45909],[131.64977,56.51433],[131.67386,56.65373],[131.79953,56.72238],[131.75106,56.84291],[131.43904,57.04223],[131.48224,57.076],[131.27533,57.16375],[131.19275,57.13072],[131.10169,57.23093],[131.26065,57.30477],[131.50591,57.24581],[131.59861,57.29583],[131.58539,57.42559],[131.73587,57.50926],[131.69308,57.56052],[131.97048,57.58295],[131.96448,57.62796],[132.04747,57.66108],[131.888,57.80862],[131.75995,57.8419],[131.79871,57.92039],[131.60461,57.99951],[131.63313,58.05894],[131.46374,58.15991],[131.71447,58.17257],[132.04747,58.01703],[132.11982,58.04648],[132.00851,58.11454],[132.02246,58.19536],[132.19475,58.24254],[132.20953,58.3446],[132.12416,58.48684],[132.41696,58.48196],[132.3719,58.5239],[132.56682,58.64562],[132.57116,58.75595],[132.52135,58.78489],[132.59928,58.89103],[132.80795,58.88018],[132.87327,58.98333],[132.8159,59.01423],[132.86396,59.05412],[132.83637,59.10332],[132.936,59.0928],[133.10353,59.20021],[133.42899,59.27563],[133.57017,59.2924],[133.61492,59.23406],[133.76665,59.22274],[134.04653,59.256],[134.52205,59.14745],[134.72493,59.21135],[134.85454,59.12704],[135.18692,59.11624],[135.42174,59.38692],[135.75722,59.5288],[136.07545,59.42738],[136.75871,59.35465],[137.46575,59.55525],[137.44704,59.63605],[137.61571,59.73976],[137.94872,59.75253],[137.99988,59.79702],[138.03491,59.68576],[138.25299,59.71253],[138.17382,59.83123],[138.27314,59.95541],[138.20069,60.23669],[138.31521,60.31808],[138.32906,60.39063],[138.24276,60.49269],[138.43747,60.68038],[138.2843,60.75485],[138.18281,60.88941],[138.21485,60.96258],[138.3458,61.0001],[138.29164,61.10997],[138.70299,61.19309],[138.64366,61.26928],[138.73461,61.34308],[138.92003,61.31745],[139.09769,61.44757],[139.54821,61.48167],[139.67275,61.65153],[139.95314,61.83261],[139.99428,61.97766],[140.12719,61.97234],[140.27963,62.05337],[140.34723,62.38746],[140.62762,62.42048],[140.70472,62.57272],[141.04806,62.48551],[141.08858,62.40854],[141.29539,62.4351],[141.4099,62.29651],[141.51821,62.26253],[141.54478,62.17858],[141.74042,62.07967],[141.87096,62.08908],[141.86145,62.02712],[142.1773,62.08525],[142.26422,61.974],[142.39392,61.94738],[142.41325,61.87126],[142.68114,61.96562],[142.98118,61.90558],[143.1207,62.09657],[143.2132,62.11551],[143.36234,62.02412],[143.60935,62.02469],[143.56078,61.93966],[143.64687,61.86995],[143.92716,61.98914],[143.9344,61.75685],[144.22244,61.73318],[144.54645,61.85974],[144.58552,61.97751],[144.71451,62.04376],[144.94519,62.06334],[145.15582,61.96759],[145.46836,61.9557],[145.73284,62.05996],[146.21209,61.90656],[146.57971,61.64076],[146.61475,61.43408],[146.76761,61.40328],[146.68327,61.31259],[146.74994,61.21642],[146.74115,61.09736],[146.6656,61.06609],[146.73154,61.00718],[146.70115,60.95886],[146.48608,60.93292],[146.47574,60.72756],[146.40401,60.66612],[146.05985,60.73727],[145.51001,60.4637],[145.63672,60.38247],[145.5683,60.34495],[145.59404,60.30696],[145.79299,60.19816],[146.37425,60.27121],[146.45393,60.13178],[146.67604,60.10204],[146.64514,59.98957],[146.77608,59.90642],[146.99788,59.94797],[147.11126,59.88492],[147.14805,59.75248],[147.08707,59.69109],[147.1588,59.64122],[147.09286,59.41756],[146.86052,59.36131],[146.43964,59.46041],[146.31914,59.40169],[146.31902,59.23786],[146.36311,59.21281],[146.05029,59.13887],[145.82496,59.24128],[145.95701,59.41672],[145.81813,59.41596],[145.8089,59.36683],[145.67465,59.43643],[145.00076,59.36958],[143.90391,59.42271],[143.49362,59.31852],[143.16481,59.38101],[142.26238,59.12458],[142.01531,58.99726],[141.58373,58.61775],[140.98731,58.41852],[140.74,58.27131],[140.49573,57.84477],[140.30245,57.74779],[140.03484,57.71308],[139.78968,57.48273],[139.62057,57.46734],[139.41846,57.29719],[139.19654,57.27265],[139.02562,57.14],[138.93296,57.13502],[138.88511,57.01911],[138.62306,56.9593],[138.58174,56.78451],[138.54984,56.85952],[138.45445,56.83934],[138.26051,56.61582],[138.12965,56.58564],[138.12513,56.50693],[138.25777,56.46605],[138.22348,56.42416],[138.06943,56.43776],[138.05368,56.38785],[137.91407,56.35953],[137.7236,56.13632],[137.44366,56.04851],[137.39083,55.94561],[137.29563,55.96132],[136.77328,55.66055],[136.43016,55.56525],[136.16163,55.31828],[135.46906,55.05666],[135.18372,54.85916],[135.24415,54.70124],[135.65414,54.66596],[135.75017,54.57095],[136.20672,54.62067],[136.53492,54.59553],[136.66245,54.68525],[136.68141,54.61469],[136.8235,54.64753],[136.88331,54.59138],[136.80747,54.51626],[136.84083,54.43232],[136.73862,54.4138],[136.82065,54.31611],[136.75229,54.28352],[136.81446,54.24873],[136.76287,54.20405],[136.81446,54.15933],[136.65919,53.93505],[136.68474,53.8085],[136.76433,53.77529],[136.95777,53.85765],[137.10792,53.80793],[137.18572,53.85106],[137.29086,54.03571],[137.15699,54.04401],[137.06137,54.1457],[137.39479,54.3083],[137.73585,54.32099],[137.4839,54.08466],[137.43686,54.1457],[137.30787,54.11835],[137.32008,54.04946],[137.59051,53.95612],[137.8628,53.9676],[137.60914,53.83442],[137.48797,53.67056],[137.21762,53.60057],[137.33513,53.52936],[137.91822,53.58662],[138.15008,53.67276],[138.28419,53.73851],[138.36638,53.90949],[138.57862,53.99934],[138.57993,53.82832],[138.21559,53.49177],[138.43922,53.51366],[138.65577,53.73176],[138.77182,54.01557],[138.7671,54.10468],[138.66472,54.07746],[138.74659,54.2425],[138.64356,54.29719],[139.30226,54.19062],[139.76759,54.30394],[139.81593,54.21516],[140.24057,54.05695],[140.23569,54.00129],[140.33082,53.97028],[140.25734,53.86856],[140.52174,53.72704],[140.58123,53.63931],[141.09783,53.47476],[140.94972,53.48896],[140.93092,53.43635],[140.99537,53.44843],[141.22926,53.31598],[141.40748,53.30378],[141.35776,53.22089],[141.424,53.21784],[141.43295,53.14887],[141.36443,53.07339],[141.18637,53.0502],[141.26157,53.03587],[141.18881,52.98749],[140.86069,53.11848],[140.70672,53.11103],[140.93344,53.03156],[140.96607,52.94465],[141.08253,52.88398],[141.26059,52.85224],[141.20102,52.77741],[141.31625,52.65913],[141.12818,52.42292],[141.40211,52.22553],[141.54005,52.22077],[141.55584,52.1623],[141.35499,52.1059],[141.30258,52.02167],[141.42555,51.92548],[141.20021,51.82368],[141.10922,51.67878],[140.91529,51.62385],[140.90138,51.49409],[140.80006,51.45417],[140.89601,51.42878],[140.87379,51.37177],[140.68629,51.31281],[140.70672,51.03168],[140.6736,50.94831],[140.5298,50.86237],[140.46339,50.69896],[140.5149,50.61709],[140.44215,50.5301],[140.54542,50.34406],[140.52296,50.15107],[140.6006,50.07518],[140.69093,50.08027],[140.48227,49.97529],[140.41521,49.87458],[140.535,49.77741],[140.5075,49.69164],[140.5608,49.57538],[140.43556,49.29438],[140.33595,49.28754],[140.39023,49.27505],[140.34571,49.22919],[140.35646,49.09577],[140.29493,49.08832],[140.3436,49.04707],[140.21925,49.01386],[140.28126,48.9654],[140.35914,49.02131],[140.39796,48.99274],[140.21298,48.7674],[140.17701,48.46182],[139.26173,47.78791],[139.02638,47.38943],[138.85616,47.4663],[138.55157,47.47661],[138.62247,47.51002],[138.5923,47.54291],[138.64273,47.60567],[138.51261,47.66345],[138.81626,47.76977],[138.82556,47.8609],[138.57948,48.02188],[138.62651,48.12109],[138.72242,48.13613],[138.70784,48.18879],[138.543,48.1892],[138.48512,48.40663],[138.3056,48.44459],[138.18064,48.38402],[138.16514,48.32294],[137.88557,48.22067],[137.43588,48.19871],[137.31547,48.09029],[137.41686,47.97795],[137.60517,47.89827],[137.44032,47.78204],[138.05021,47.6759],[137.97228,47.59766],[138.06644,47.58278],[138.0868,47.51661],[137.45242,47.19836],[137.06546,47.29487],[136.94981,47.15591],[136.93245,47.06178],[136.97834,47.01568],[136.6072,46.78733],[136.26365,46.765],[136.06862,46.85104],[135.9415,46.78975],[135.71588,46.90344],[135.74585,46.94856],[135.36727,46.91641],[135.42329,47.04059],[135.30474,47.09775],[135.30909,47.14436],[135.08998,47.19443],[134.99872,47.11671],[134.85113,47.15407],[134.6744,47.1056],[134.53725,46.95677],[134.44454,46.94737],[134.41074,46.86009],[134.46821,46.77611],[134.41932,46.68015],[134.0149,46.62646],[134.06916,46.98124],[134.22729,47.11774],[134.15412,47.25789],[134.18357,47.3275],[134.31287,47.42013],[134.55688,47.47119],[134.77258,47.71073],[134.55936,48.00952],[134.68297,48.13551],[134.71873,48.26341],[134.40547,48.37033]]],[[[138.24099,54.71371],[138.19594,54.70111],[138.18082,54.71508],[138.24099,54.71371]]],[[[138.21217,55.03636],[138.01092,54.93325],[137.98618,54.79743],[137.71892,54.62434],[137.48536,54.87934],[137.22592,54.77782],[137.27491,54.89826],[137.46144,55.0268],[137.56788,55.19465],[137.95216,55.14688],[137.98618,55.09907],[137.88315,55.00288],[138.04672,55.05805],[138.21217,55.03636]]],[[[137.17123,55.11953],[137.0486,54.92328],[136.89584,54.96015],[136.74887,54.9311],[136.73813,54.88508],[136.67042,54.90729],[136.80926,55.01805],[137.17123,55.11953]]]]}},{"type":"Feature","properties":{"id":"ru-khm","lat":62.24031,"lng":71.91782},"geometry":{"type":"Polygon","coordinates":[[[59.98428,61.90279],[59.51206,61.97438],[59.40405,62.10804],[59.64373,62.51027],[59.51082,62.54776],[59.39868,62.71803],[59.47671,62.90675],[59.28509,62.96479],[59.22319,63.07191],[59.29161,63.12351],[59.26225,63.19942],[59.33398,63.28593],[59.28726,63.33717],[59.49376,63.61054],[59.57293,63.92716],[59.77013,63.99961],[59.85643,64.13133],[59.58843,64.23264],[59.6337,64.33641],[59.60611,64.45415],[59.48229,64.48692],[59.70409,64.66768],[59.65086,64.77786],[60.14737,65.06479],[60.42032,65.05257],[60.64522,64.89123],[60.8081,65.04378],[60.97905,65.04828],[61.10669,65.16083],[61.24053,65.19189],[61.33138,65.28201],[61.25376,65.31942],[61.58304,65.54892],[61.87098,65.69901],[62.01847,65.71713],[62.2784,65.62292],[62.41059,65.51541],[62.37359,65.44887],[62.48128,65.34929],[62.81666,65.29157],[62.80147,65.05143],[62.67765,64.89123],[62.81046,64.83573],[62.80643,64.73517],[62.59259,64.64045],[62.53565,64.55477],[62.89986,64.47661],[63.237,64.52356],[63.46313,64.45519],[63.5053,64.37519],[63.41342,64.32822],[63.48794,64.28853],[64.47703,64.36021],[64.60115,64.43731],[65.1759,64.44578],[65.39966,64.57136],[66.01905,64.59482],[66.46564,64.51198],[66.68165,64.55746],[66.93631,64.48705],[66.79637,64.32615],[66.81869,64.22562],[67.17092,64.16285],[67.28068,64.08061],[67.6791,64.07904],[67.79889,64.03165],[68.425,64.29597],[68.88213,64.22264],[68.99045,64.32961],[68.85919,64.4357],[69.01484,64.47183],[69.23084,64.47002],[69.38959,64.38853],[69.73293,64.39416],[69.99989,64.31589],[70.30685,64.34357],[70.47273,64.25161],[70.76894,64.19355],[70.77576,64.11433],[70.55862,64.00049],[70.91384,63.69239],[71.38761,63.67462],[71.55101,63.58997],[71.60796,63.18524],[71.98768,63.20193],[72.16079,63.29924],[72.65503,63.28017],[73.10379,63.43626],[73.36806,63.20694],[74.24108,63.17201],[74.50742,63.04323],[75.86124,63.11108],[76.24024,63.01884],[76.29739,62.94965],[76.68837,63.03941],[77.02623,62.97502],[77.15801,62.79147],[77.88902,62.55727],[78.0147,62.46146],[78.79305,62.61509],[79.82007,62.60372],[79.91474,62.79203],[80.55294,63.00086],[80.58416,63.08256],[81.11498,63.11553],[81.17472,62.97166],[81.33936,62.82578],[81.78398,62.68845],[82.16494,62.80945],[82.7493,62.7539],[82.75808,62.67013],[83.28291,62.46053],[83.79822,62.56026],[84.01919,62.39676],[84.24285,62.37258],[84.55125,62.00149],[84.53761,61.91178],[84.68975,61.80997],[85.37591,61.70112],[85.72193,61.57474],[85.85402,61.59505],[85.97391,61.50834],[85.6439,61.3876],[85.67118,61.28923],[84.25959,60.85551],[83.98881,60.82688],[83.50356,61.04723],[83.14421,61.02821],[82.4074,60.72301],[82.38074,60.61196],[82.16535,60.52628],[81.83039,60.64472],[81.14051,60.63666],[81.02754,60.75474],[80.72348,60.79662],[80.4284,60.76482],[80.18573,60.66472],[79.37369,60.66229],[79.28542,60.72053],[79.31178,60.80066],[79.18517,60.83758],[78.80649,60.77983],[78.68784,60.82895],[78.47441,60.77748],[78.12053,60.80177],[77.92044,60.74746],[77.70226,60.82518],[77.10478,60.85246],[77.06758,60.72632],[76.97094,60.71035],[77.04659,60.55899],[76.80589,60.47114],[76.75266,60.37745],[76.84795,60.26614],[76.69396,60.11261],[76.757,60.066],[76.7415,59.7578],[76.65633,59.69274],[76.64548,59.5851],[76.17171,59.54277],[75.99622,59.42247],[75.89514,59.4264],[75.81866,59.29452],[75.62839,59.23778],[75.68688,59.04007],[75.64162,58.98239],[75.15948,58.65022],[74.74307,58.74809],[74.10011,58.73941],[73.97908,58.80592],[73.63264,58.85351],[73.44413,58.8176],[73.03206,58.86313],[73.09324,58.95227],[72.95,59.01686],[72.97563,59.09898],[72.92612,59.14396],[72.64728,59.10632],[72.52377,59.15505],[72.43716,59.30336],[72.016,59.55931],[71.29645,59.79909],[71.18752,59.90885],[70.98557,59.81865],[70.79757,59.86301],[70.39853,59.81749],[70.15492,59.90001],[69.61563,59.90487],[69.53501,59.9845],[69.30608,59.9889],[69.07137,59.8974],[69.29523,59.78289],[68.57135,59.57424],[68.35813,59.28292],[67.74215,59.21194],[67.56449,59.09293],[67.07087,58.92488],[66.96597,58.97506],[66.779,58.93201],[66.7726,58.68252],[66.38017,58.58909],[65.66899,58.66329],[65.38229,58.91909],[65.20029,59.21538],[65.0988,59.23734],[65.01942,59.33349],[64.02868,59.39503],[63.84141,59.46314],[63.79552,59.7916],[63.6377,60.12284],[63.19762,60.23105],[63.22005,60.30051],[62.88115,60.63997],[62.75971,60.85944],[62.85976,61.00126],[62.62009,61.21073],[61.16519,61.68275],[60.43086,61.74708],[60.05662,61.72119],[59.97828,61.75675],[59.98428,61.90279]]]}},{"type":"Feature","properties":{"id":"ru-kir","lat":58.58697,"lng":50.24548},"geometry":{"type":"Polygon","coordinates":[[[50.42992,56.58941],[50.32482,56.6761],[50.07201,56.62275],[50.10126,56.7924],[50.01693,56.86366],[49.7418,56.89952],[49.7079,57.07249],[49.26379,57.04833],[49.14401,57.15997],[49.21305,57.29149],[49.18494,57.33012],[49.01265,57.27707],[49.04624,57.21206],[48.95353,57.08623],[48.84553,57.09375],[48.83064,57.16054],[48.7585,57.17165],[48.4348,57.12695],[48.30075,57.16504],[48.19544,57.12039],[48.2437,57.09982],[48.13074,57.00019],[47.91545,56.98169],[47.73459,57.0545],[47.7598,57.01313],[47.61501,56.9735],[47.49884,56.85333],[47.1587,56.81576],[47.16098,56.90123],[47.0847,56.93125],[46.70529,56.94407],[46.76483,57.03538],[46.73434,57.19992],[46.84482,57.22906],[46.68018,57.35133],[46.7981,57.46192],[46.74901,57.52186],[47.03675,57.4946],[47.26051,57.56912],[47.47104,57.52853],[47.56622,57.80304],[47.76745,57.90042],[47.70306,57.95837],[47.35425,58.0255],[46.42986,58.02049],[46.31297,58.11118],[46.47968,58.33825],[46.4156,58.36057],[46.59088,58.43816],[46.5515,58.48258],[46.59305,58.56061],[47.00037,58.62014],[47.00791,58.6928],[47.10734,58.76861],[47.31652,58.79778],[47.30019,58.91315],[47.60436,58.91304],[47.57087,59.05986],[47.44199,59.16424],[47.23922,59.22021],[47.25244,59.3555],[47.05628,59.37855],[47.1339,59.72498],[46.92223,59.81821],[47.03499,60.11711],[46.59894,60.06874],[46.36826,60.12078],[46.30336,60.2509],[46.74953,60.26113],[46.86187,60.5129],[47.04884,60.57517],[46.95996,60.66627],[47.19612,61.04832],[47.95803,61.00734],[47.98418,60.89649],[48.41899,60.85381],[48.53846,60.59806],[48.48555,60.52509],[48.61185,60.4361],[48.54746,60.41502],[48.75375,60.36722],[48.45733,60.18651],[48.50756,59.71511],[49.07259,59.65962],[49.04252,59.4882],[49.1375,59.50836],[49.53458,59.39503],[49.50988,59.24662],[49.66367,59.20838],[49.79492,59.23308],[49.78976,59.5134],[49.84484,59.65388],[50.04721,59.68486],[49.95843,59.74379],[49.98303,59.77155],[50.23604,59.75589],[50.38641,59.8395],[50.81068,59.86296],[51.07536,60.06073],[51.53311,59.94921],[52.04223,60.31366],[52.45378,60.20051],[53.35812,60.16646],[53.45723,60.2048],[53.60761,60.14274],[53.70652,60.0012],[53.62311,59.75439],[53.42313,59.68421],[53.35429,59.50081],[53.20578,59.364],[53.40266,59.14957],[53.87654,59.0928],[53.72574,58.93852],[53.77184,58.85656],[53.92201,58.78282],[53.77091,58.71585],[53.70559,58.61332],[53.78455,58.4399],[53.49837,58.45033],[53.32091,58.38899],[53.16506,58.45617],[53.11762,58.54382],[52.92135,58.53431],[52.87009,58.41062],[52.17886,58.48966],[51.97102,58.46413],[51.79615,58.3613],[51.79149,58.28115],[51.67316,58.17185],[51.7918,58.1265],[51.79418,58.03604],[51.88854,57.97874],[51.83687,57.85208],[51.9211,57.82469],[51.92554,57.75867],[51.85247,57.63119],[51.74199,57.5429],[51.63295,57.54129],[51.59316,57.44166],[51.19515,57.45375],[51.11557,57.30508],[51.32486,56.94671],[51.54045,56.88299],[51.40031,56.76708],[51.3786,56.6799],[51.1966,56.66745],[51.19546,56.5297],[51.13789,56.50012],[51.29106,56.43568],[51.3199,56.32912],[51.41674,56.29016],[51.37529,56.23435],[51.46242,56.21662],[51.43648,56.14443],[51.31349,56.07301],[51.19319,56.14076],[51.07309,56.13053],[50.84044,56.2407],[50.90783,56.296],[50.85119,56.39025],[50.76737,56.40426],[50.72965,56.33041],[50.58289,56.35863],[50.62443,56.39945],[50.45204,56.5496],[50.48873,56.61308],[50.42992,56.58941]]]}},{"type":"Feature","properties":{"id":"ru-kk","lat":53.40589,"lng":90.29272},"geometry":{"type":"Polygon","coordinates":[[[88.677,54.95654],[88.39278,55.26779],[88.60877,55.44559],[88.95016,55.28908],[88.96607,55.18477],[89.06705,55.13201],[89.0379,55.08413],[89.14736,55.0763],[89.20079,54.99039],[89.39168,54.97365],[89.56728,55.05803],[89.65781,55.00308],[90.19587,55.15141],[90.22884,55.06628],[90.43555,55.01633],[90.45828,54.87076],[90.68483,54.90466],[90.71491,54.83118],[90.84048,54.83888],[90.91531,54.79107],[90.85495,54.62674],[91.15901,54.48789],[91.25172,54.27483],[91.46391,54.05655],[91.46515,53.96603],[91.32655,53.81666],[91.46969,53.51389],[91.74399,53.44671],[91.84641,53.35194],[91.84125,53.28827],[91.65986,53.15849],[91.35115,53.07748],[91.39631,52.86799],[90.70033,52.45819],[90.47659,52.1834],[90.12941,52.13522],[90.11887,52.0438],[90.02751,51.98437],[90.10089,51.7509],[89.96498,51.76141],[89.73037,51.58223],[89.60138,51.55303],[89.42093,51.60538],[89.24234,51.55225],[89.20616,51.6585],[88.7357,51.55938],[88.65405,51.53153],[88.66542,51.42363],[88.55339,51.33648],[88.36373,51.31981],[87.91001,51.49029],[87.86154,51.54936],[88.10587,51.76141],[87.84904,51.77214],[87.83911,51.81064],[88.09512,52.0868],[88.24922,52.06261],[88.24219,52.11134],[88.36477,52.16801],[88.68185,52.25108],[88.72237,52.31314],[88.66428,52.34401],[89.11542,52.59777],[89.04214,52.70645],[89.23562,52.81003],[89.11108,52.86675],[89.06509,52.95403],[88.89507,52.98736],[89.05144,53.13562],[89.00587,53.19231],[89.05289,53.24393],[88.96876,53.34558],[88.76123,53.36506],[88.86303,53.4802],[88.83719,53.58831],[89.0038,53.66763],[89.0316,53.75313],[89.27375,53.84912],[89.18208,53.87206],[89.21433,53.9412],[89.0654,53.95479],[88.98147,54.06523],[89.19262,54.14972],[89.19004,54.32185],[89.12917,54.35048],[89.00431,54.29012],[88.84474,54.41567],[88.56083,54.28775],[88.54016,54.34077],[88.378,54.38851],[88.53055,54.42319],[88.60548,54.52693],[88.63059,54.74653],[88.75306,54.80456],[88.74759,54.89014],[88.668,54.87686],[88.677,54.95654]]]}},{"type":"Feature","properties":{"id":"ru-kl","lat":46.48028,"lng":45.44195},"geometry":{"type":"Polygon","coordinates":[[[47.36458,45.68543],[47.53826,45.5065],[47.49676,45.43],[47.38136,45.41104],[47.46013,45.39082],[47.3794,45.20283],[47.29713,45.18744],[47.20118,44.97004],[47.09881,44.95637],[47.0783,44.7851],[47.00318,44.92158],[47.00318,44.81761],[46.88814,44.75187],[46.43368,44.93656],[45.70598,44.97578],[45.58619,45.1583],[44.73766,45.4966],[44.42099,45.52673],[44.20715,45.61001],[44.08003,45.79581],[43.87756,45.94549],[43.39252,46.016],[42.91555,46.24142],[42.51661,45.9897],[42.32551,45.97195],[42.33254,46.12478],[42.17741,46.0991],[42.15715,45.9604],[42.10485,45.92789],[41.71263,45.996],[41.6471,46.16708],[41.72596,46.21356],[41.85691,46.15501],[41.96305,46.28911],[42.20634,46.31702],[42.03426,46.54326],[42.16852,46.57871],[42.40933,46.52494],[42.60994,46.40756],[42.92837,46.43562],[43.35563,46.17235],[43.61938,46.19728],[43.77297,46.40792],[43.86175,46.29183],[43.96076,46.33614],[43.92645,46.52832],[43.8171,46.58873],[44.07259,46.82774],[44.26245,46.90013],[44.32756,47.11077],[44.33273,47.48072],[44.25056,47.50888],[44.23878,47.57338],[44.12633,47.54464],[44.11641,47.41845],[43.97368,47.39339],[43.93916,47.2689],[43.80232,47.28254],[43.78403,47.40408],[43.63633,47.57573],[43.72904,47.7035],[44.00406,47.78938],[44.07155,47.90656],[44.38905,47.86827],[44.46522,48.03877],[44.32807,48.06384],[44.31112,48.25819],[44.53478,48.20548],[44.56899,48.05652],[44.82975,48.07169],[44.96256,48.20869],[45.13692,48.11184],[45.40491,48.09169],[45.54691,47.99707],[45.71652,48.03293],[45.71269,47.88633],[45.82886,47.7282],[46.11629,47.50242],[46.29705,47.437],[46.67253,47.62629],[46.80586,47.57818],[46.51564,47.39261],[46.8009,47.00364],[46.92482,46.97398],[47.00026,46.85543],[47.12594,46.85068],[47.21348,46.74231],[46.93867,46.57127],[46.95406,46.43406],[46.66364,46.429],[46.49301,46.2857],[46.86962,46.2393],[46.84017,46.07553],[47.17379,46.10484],[47.04016,45.96572],[46.88895,45.57828],[47.36458,45.68543]]]}},{"type":"Feature","properties":{"id":"ru-klu","lat":54.30745,"lng":35.29709},"geometry":{"type":"Polygon","coordinates":[[[36.00962,53.61828],[35.9106,53.64404],[35.77242,53.51978],[35.64085,53.54583],[35.44882,53.44087],[35.3557,53.28424],[35.28046,53.32258],[35.19478,53.27055],[35.01381,53.28838],[35.01381,53.39287],[34.50004,53.42728],[34.53601,53.46836],[34.48919,53.56518],[34.53725,53.59818],[34.19918,53.8916],[33.88168,53.87247],[33.68232,54.02639],[33.42424,54.0489],[33.6171,54.18279],[33.5862,54.25473],[33.68366,54.32134],[33.61679,54.37389],[33.67436,54.44918],[33.63715,54.47678],[33.72872,54.56168],[34.10751,54.55031],[34.38212,54.42376],[34.49963,54.63199],[34.40806,54.68012],[34.65404,54.66292],[34.82312,54.71175],[34.92379,54.77438],[34.85,54.81836],[34.86581,54.88383],[34.99211,54.88202],[35.14135,54.96522],[35.1276,55.01251],[35.24026,55.06486],[35.36966,55.2388],[35.70669,55.2943],[36.13974,55.18495],[36.31761,55.22531],[36.35296,55.29714],[36.55759,55.31967],[36.75148,55.25575],[36.78559,55.19058],[36.92491,55.22247],[37.08118,55.09963],[37.18753,54.86789],[37.25905,54.83583],[37.20758,54.68767],[37.07208,54.53605],[36.80502,54.60995],[36.85081,54.46799],[36.96439,54.40464],[36.92605,54.29356],[36.46148,54.28816],[36.40587,54.2109],[36.24495,54.23478],[36.19689,54.15845],[36.02305,54.18512],[36.11297,54.13639],[36.08796,54.09887],[36.21643,54.06988],[35.9106,53.85015],[35.96362,53.82188],[35.95742,53.72558],[36.0583,53.70396],[36.00962,53.61828]]]}},{"type":"Feature","properties":{"id":"ru-ko","lat":63.81735,"lng":53.08647},"geometry":{"type":"Polygon","coordinates":[[[59.48539,61.99327],[59.33801,61.84465],[59.39186,61.7576],[59.34866,61.68218],[59.01524,61.54906],[58.69154,61.50273],[56.67574,61.52234],[56.53818,61.43119],[56.3908,61.42023],[56.28735,61.20942],[55.83022,61.24895],[55.7157,61.08826],[55.28751,61.12123],[55.19904,61.00946],[55.0621,61.00899],[54.97952,60.86383],[53.85349,60.98021],[53.80398,60.84985],[53.35398,60.89344],[53.37207,61.02896],[52.87649,61.09384],[52.78978,60.94889],[52.43063,60.97788],[52.35477,60.84391],[51.90126,60.88228],[51.77661,60.60072],[52.1338,60.54685],[52.13845,60.47285],[52.32387,60.43213],[52.29782,60.24159],[51.99572,60.29803],[51.52133,59.94621],[51.07536,60.06073],[50.81068,59.86296],[50.38641,59.8395],[50.23604,59.75589],[49.98303,59.77155],[49.95843,59.74379],[50.04721,59.68486],[49.84484,59.65388],[49.78976,59.5134],[49.79492,59.23308],[49.58657,59.21943],[49.50988,59.24662],[49.53458,59.39503],[49.1375,59.50836],[49.04252,59.4882],[49.07259,59.65962],[48.50756,59.71511],[48.45733,60.18651],[48.75468,60.36122],[48.54746,60.41502],[48.61185,60.4361],[48.48555,60.52509],[48.53846,60.59806],[48.41899,60.85381],[48.50932,61.04775],[49.31392,61.18789],[49.4614,61.58611],[49.05161,61.69096],[49.21646,62.09688],[49.36942,62.14939],[49.60899,62.77023],[48.87508,62.82914],[48.71447,62.81555],[48.65701,62.70708],[48.36607,62.7293],[48.2345,62.46415],[48.3023,62.40281],[48.29083,62.32162],[47.75112,62.32183],[47.64984,62.29666],[47.621,62.18545],[47.41336,62.19279],[47.38629,62.32043],[47.23487,62.35149],[47.23766,62.63566],[47.08264,62.83963],[47.43569,62.97275],[47.55465,63.1485],[47.0909,63.24648],[46.94683,63.34156],[47.02135,63.55917],[46.81919,63.74696],[46.43575,63.88773],[45.88364,63.96431],[45.42713,64.17169],[45.82452,64.28362],[46.32289,64.26471],[46.61145,64.32657],[48.11575,64.34811],[48.19616,64.23892],[48.40834,64.22422],[48.51831,64.3555],[48.84015,64.35731],[48.95002,64.49061],[49.45014,64.46299],[49.59535,64.59135],[50.31469,64.51244],[50.46744,64.7916],[50.06302,64.8902],[49.63659,65.27385],[48.99869,65.24033],[49.00603,66.11912],[51.51017,66.78326],[51.54924,66.79804],[51.48195,66.82807],[51.52464,66.9278],[51.81072,66.95421],[52.15519,67.08552],[53.77246,66.99855],[59.91772,67.00159],[59.87193,66.971],[59.91865,66.95354],[61.43173,66.99968],[61.66066,67.01606],[61.85052,67.12614],[62.82131,67.38803],[62.89345,67.59567],[63.32764,67.74579],[63.68968,67.76207],[63.7087,67.80951],[63.86177,67.83157],[63.94672,67.894],[63.83396,68.02846],[64.53025,68.20013],[64.49914,68.32591],[64.74512,68.40445],[65.48048,68.43045],[65.27377,68.23046],[65.33062,68.09065],[65.28979,68.01233],[65.43655,67.91996],[66.08954,67.92965],[66.01957,67.79814],[66.19816,67.73959],[66.20591,67.69303],[66.10473,67.64657],[65.85162,67.65448],[65.79612,67.56784],[66.036,67.5751],[66.10308,67.47981],[65.9372,67.39323],[65.70165,67.38873],[65.66186,67.31072],[65.19016,67.145],[65.21579,67.0756],[65.07813,67.04154],[65.10469,66.89463],[64.57645,66.79799],[64.53408,66.72786],[64.29481,66.66312],[63.98135,66.65146],[63.54096,66.47083],[63.41487,66.48013],[63.24155,66.32805],[63.2955,66.23921],[63.10543,66.24991],[62.86224,66.07473],[62.82142,66.01246],[62.88415,65.97985],[62.80281,65.93148],[62.85066,65.87298],[61.87098,65.69901],[61.25376,65.31942],[61.33138,65.28201],[61.24053,65.19189],[61.10669,65.16083],[60.97905,65.04828],[60.8081,65.04378],[60.64522,64.89123],[60.42032,65.05257],[60.14737,65.06479],[59.67412,64.80214],[59.63846,64.72561],[59.70409,64.66768],[59.48229,64.48692],[59.60611,64.45415],[59.6337,64.33641],[59.58843,64.23264],[59.85643,64.13133],[59.77013,63.99961],[59.57293,63.92716],[59.49376,63.61054],[59.28726,63.33717],[59.33398,63.28593],[59.26225,63.19942],[59.29161,63.12351],[59.22319,63.07191],[59.28509,62.96479],[59.47671,62.90675],[59.39868,62.71803],[59.51082,62.54776],[59.64373,62.51027],[59.6029,62.37557],[59.40178,62.1315],[59.48539,61.99327]]]}},{"type":"Feature","properties":{"id":"ru-kos","lat":58.45648,"lng":43.81374},"geometry":{"type":"MultiPolygon","coordinates":[[[[40.61543,57.53964],[40.66525,57.58899],[40.60768,57.9269],[40.88467,58.12555],[40.88146,58.19402],[41.16393,58.36088],[40.92601,58.57911],[41.22025,58.72959],[41.13416,58.7991],[41.24723,58.8771],[41.16754,58.9548],[41.34128,58.95661],[41.74363,59.12084],[41.87458,59.0859],[42.0262,59.12161],[42.08987,59.22972],[41.9583,59.28997],[42.04935,59.42723],[42.18185,59.39658],[42.19043,59.3093],[42.28406,59.2616],[42.60146,59.31597],[42.67143,59.22843],[42.85406,59.16158],[43.02573,59.20781],[43.11192,59.29013],[43.3363,59.21168],[43.34085,59.27065],[43.49288,59.29721],[43.52595,59.16936],[43.74175,59.25954],[43.93595,59.20714],[44.14555,59.22703],[44.3318,59.13761],[44.99108,59.12161],[45.06632,59.18243],[45.95206,59.19432],[46.02937,59.30434],[46.35627,59.34697],[46.4064,59.63254],[47.11354,59.6113],[47.05628,59.37855],[47.25244,59.3555],[47.23922,59.22021],[47.44199,59.16424],[47.57087,59.05986],[47.60436,58.91304],[47.30019,58.91315],[47.31652,58.79778],[47.10734,58.76861],[47.00791,58.6928],[47.00037,58.62014],[46.59305,58.56061],[46.5515,58.48258],[46.58406,58.43039],[46.41125,58.35365],[46.47968,58.33825],[46.41436,58.30833],[46.4126,58.2135],[46.31359,58.11606],[46.34128,58.07465],[45.82824,58.04922],[45.56294,57.93509],[45.46206,58.03532],[44.86262,58.07542],[44.79203,57.96132],[44.86458,57.87983],[44.73787,57.70578],[44.56682,57.69565],[44.34296,57.53215],[43.99538,57.43952],[43.72739,57.46579],[43.53794,57.5724],[43.57639,57.65498],[43.31232,57.51706],[43.26354,57.42435],[43.19316,57.42451],[43.20711,57.6339],[43.15802,57.42846],[42.85333,57.39433],[42.8184,57.42675],[42.87008,57.49737],[42.82615,57.52987],[42.85468,57.65974],[42.77582,57.70325],[42.64973,57.63524],[42.4145,57.63509],[42.1802,57.56005],[41.63005,57.74986],[41.56721,57.7042],[41.60876,57.56398],[41.56008,57.46368],[41.16971,57.4352],[41.06212,57.34288],[40.44521,57.27635],[40.39974,57.41825],[40.45017,57.43644],[40.38671,57.50326],[40.48986,57.49944],[40.44025,57.5523],[40.5035,57.58124],[40.61543,57.53964]]],[[[44.42533,59.18455],[44.49065,59.18378],[44.49437,59.16218],[44.42533,59.18455]]]]}},{"type":"Feature","properties":{"id":"ru-kr","lat":63.6371,"lng":33.16542},"geometry":{"type":"MultiPolygon","coordinates":[[[[29.52448,66.49121],[29.3625,66.62655],[31.07328,66.68415],[31.55532,66.65521],[31.65236,66.5371],[31.80067,66.49418],[31.83158,66.38468],[31.90155,66.35636],[32.3287,66.35915],[32.36271,66.46674],[32.54027,66.49222],[32.5936,66.58234],[33.04593,66.57625],[33.16585,66.55593],[32.94093,66.52847],[33.22869,66.53286],[33.50864,66.46381],[33.60222,66.50165],[33.63364,66.47407],[33.58522,66.46015],[33.73536,66.42601],[33.51629,66.4055],[33.67457,66.35712],[33.62908,66.34431],[33.3108,66.3168],[33.59881,66.33039],[33.89967,66.22891],[34.10279,66.24689],[34.16139,66.18549],[34.55299,66.09369],[34.72291,65.98778],[34.6609,65.95303],[34.69508,65.90949],[34.85239,65.90034],[34.82537,65.84321],[34.89967,65.82372],[34.87062,65.77448],[34.9686,65.72773],[34.9004,65.706],[34.68873,65.80972],[34.68873,65.72773],[34.75701,65.71345],[34.695,65.68618],[34.77662,65.59658],[34.63347,65.48749],[34.68189,65.45336],[34.29705,65.38508],[34.4629,65.36441],[34.47975,65.28107],[34.64031,65.24116],[34.60621,65.22687],[34.68189,65.20014],[34.62672,65.17219],[34.6631,65.12678],[34.77369,65.10025],[34.7544,65.05488],[34.81609,65.0434],[34.7024,64.98041],[34.94207,64.85757],[34.75701,64.77436],[35.00903,64.74318],[34.83229,64.69794],[34.97759,64.61192],[34.74334,64.55585],[35.00896,64.49391],[34.95558,64.45222],[35.01399,64.42332],[35.3073,64.37222],[35.34875,64.29607],[35.58907,64.32231],[35.58253,64.41128],[35.8108,64.34203],[35.97674,64.19896],[36.05979,64.21813],[36.22721,64.13621],[36.29217,64.00971],[36.52341,63.97143],[36.55666,63.76955],[36.46933,63.67554],[35.85738,63.59865],[36.21984,63.41649],[36.262,63.23552],[36.41228,63.2056],[36.31451,63.15578],[36.2589,63.03176],[36.50054,62.82604],[37.09782,62.65189],[37.35227,62.68382],[37.51226,62.63757],[37.58998,62.46156],[37.57262,62.36064],[37.42876,62.21321],[37.7293,62.19985],[37.80775,61.99756],[37.9295,61.96211],[37.88154,61.71825],[37.76196,61.64823],[37.77292,61.52214],[37.27827,61.50054],[36.99643,61.59443],[36.84987,61.54079],[36.63232,61.55314],[36.46685,61.40659],[35.43632,61.16159],[35.33214,61.18019],[35.33183,61.28685],[34.8222,61.27833],[34.73331,61.32101],[34.53219,61.26644],[34.40599,61.14707],[34.21613,61.24195],[33.53493,61.22081],[33.45856,61.12723],[33.58496,61.07129],[33.74216,61.12449],[33.86711,61.07054],[33.75229,60.94367],[33.41742,61.00033],[33.42259,60.93597],[33.23542,60.89292],[33.14819,60.82975],[33.20731,60.80678],[33.1055,60.74588],[32.70336,60.6457],[29.86953,61.17629],[29.57642,61.17074],[29.27706,61.3046],[30.64772,62.19277],[31.24376,62.50334],[31.56952,62.90593],[31.26277,63.10059],[31.20397,63.21268],[30.46107,63.47287],[29.98079,63.74154],[30.20155,63.79265],[30.58643,64.08467],[30.5362,64.23468],[30.03246,64.39695],[30.07039,64.47188],[29.95484,64.56898],[30.18082,64.64277],[30.11886,64.76793],[29.78028,64.79558],[29.58815,64.99143],[29.62732,65.06223],[29.8502,65.1215],[29.80819,65.1353],[29.8332,65.20501],[29.58009,65.2354],[29.72013,65.32909],[29.72633,65.49151],[29.83857,65.56489],[29.70287,65.62938],[30.11628,65.68721],[29.90017,66.10806],[29.59321,66.34593],[29.52448,66.49121]]],[[[36.03126,64.37311],[35.97511,64.33259],[35.85629,64.40339],[35.91847,64.41372],[36.03126,64.37311]]],[[[36.02564,65.03657],[35.92058,65.02119],[35.89186,65.04072],[35.97413,65.05606],[36.02564,65.03657]]],[[[35.85922,65.04491],[35.74466,64.96155],[35.72332,65.02635],[35.56326,65.05214],[35.50611,65.12129],[35.78645,65.16511],[35.86687,65.076],[35.79664,65.11441],[35.78126,65.07274],[35.85922,65.04491]]],[[[36.23618,65.1459],[36.06609,65.12515],[35.94223,65.15461],[35.99041,65.19123],[36.23618,65.1459]]]]}},{"type":"Feature","properties":{"id":"ru-krs","lat":51.66545,"lng":36.18798},"geometry":{"type":"Polygon","coordinates":[[[34.0795,51.6431],[34.41416,51.73646],[34.3711,51.82681],[34.43648,51.90283],[34.33561,51.93466],[34.38491,51.99641],[34.52103,52.06948],[34.5882,52.03388],[34.68412,52.07155],[34.67543,52.19989],[34.84235,52.20017],[34.89682,52.35324],[35.10507,52.33024],[35.54866,52.43298],[35.64013,52.32818],[35.62938,52.2489],[36.35068,52.36807],[36.4931,52.24035],[36.82021,52.12028],[37.1866,52.07915],[37.3869,51.9266],[37.51257,52.01148],[37.65179,51.97114],[37.75866,52.01491],[37.89105,51.8842],[38.29878,51.96102],[38.30395,51.91507],[38.40978,51.92019],[38.38684,51.77622],[38.50507,51.73188],[38.40978,51.6878],[38.2132,51.70718],[38.21889,51.63178],[38.13993,51.62868],[38.2748,51.53143],[38.28638,51.36728],[38.35201,51.37185],[38.29154,51.29245],[38.03967,51.35576],[38.04174,51.4212],[37.66667,51.36565],[37.3686,51.38578],[37.13689,51.3411],[37.12469,51.233],[36.61103,51.07805],[35.98398,51.15967],[35.93975,51.1161],[35.99887,51.05332],[35.81014,50.9404],[35.73108,50.97105],[35.54639,50.90573],[35.45513,50.96286],[35.28222,50.96111],[35.3464,51.0366],[35.14362,51.05849],[35.07872,51.20763],[34.67492,51.16768],[34.60836,51.23401],[34.18595,51.24891],[34.30016,51.36839],[34.18585,51.39415],[34.22368,51.51476],[34.0795,51.6431]]]}},{"type":"Feature","properties":{"id":"ru-kya","lat":64.77669,"lng":95.81603},"geometry":{"type":"MultiPolygon","coordinates":[[[[83.30476,70.6446],[83.25919,70.54881],[83.30957,70.4431],[83.06527,70.36533],[83.13223,70.43381],[83.14706,70.64991],[83.25672,70.80103],[83.46941,70.73774],[83.30476,70.6446]]],[[[78.88282,72.74657],[78.58465,72.84186],[79.17311,73.10139],[79.55958,72.90843],[79.49073,72.90843],[79.57203,72.74055],[79.53688,72.72647],[78.88282,72.74657]]],[[[86.90602,73.70417],[86.76222,73.60375],[86.39894,73.59439],[86.90602,73.70417]]],[[[84.41831,73.97044],[83.91212,73.9936],[83.88453,74.01887],[84.41831,74.03998],[84.32814,74.01252],[84.41831,73.97044]]],[[[83.62013,74.09089],[83.39552,74.07453],[83.46559,74.04682],[83.39235,74.03579],[82.81446,74.09398],[83.18002,74.15518],[83.62013,74.09089]]],[[[82.74,74.10139],[82.35287,74.08088],[82.31756,74.11685],[82.56804,74.16291],[82.74,74.10139]]],[[[84.93483,74.482],[84.54184,74.4571],[84.76783,74.4099],[84.38657,74.45767],[84.59181,74.49893],[84.93483,74.482]]],[[[86.11305,74.48725],[85.96827,74.51236],[86.00856,74.49189],[85.85841,74.44404],[85.65846,74.47138],[85.80299,74.57441],[85.93914,74.58246],[86.20216,74.53388],[86.11305,74.48725]]],[[[85.50131,74.46455],[85.24781,74.47647],[85.14812,74.53718],[85.23748,74.57526],[85.64479,74.54645],[85.50131,74.46455]]],[[[79.53224,74.52603],[79.19068,74.58808],[79.14869,74.6079],[79.31691,74.59081],[79.18279,74.62905],[79.24431,74.65864],[79.61411,74.60175],[79.53224,74.52603]]],[[[85.09669,74.7556],[85.63478,74.80272],[85.70623,74.73143],[85.09669,74.7556]]],[[[86.99415,74.88373],[86.68686,74.89594],[86.94703,74.84073],[86.87159,74.82046],[86.31983,74.8509],[86.21339,74.90339],[86.5975,74.91706],[86.50131,74.93065],[86.52394,74.98696],[86.61866,74.95059],[87.02898,74.99152],[87.13885,74.93692],[86.99415,74.88373]]],[[[82.05681,75.11791],[82.11329,75.15864],[82.1504,75.09516],[82.05681,75.11791]]],[[[82.04119,75.33784],[81.98455,75.1774],[81.90659,75.20816],[81.87078,75.3159],[81.68849,75.27705],[81.49244,75.36205],[81.7518,75.46328],[81.79331,75.46507],[81.73878,75.38251],[81.93963,75.3935],[81.86915,75.44404],[81.95102,75.46507],[81.89698,75.49238],[82.17075,75.51972],[82.13014,75.45722],[82.16456,75.43773],[82.01303,75.44404],[82.20395,75.41494],[82.29428,75.33417],[82.04119,75.33784]]],[[[82.22316,75.86042],[81.55388,75.93061],[82.25904,75.87596],[82.22316,75.86042]]],[[[83.29713,75.9431],[82.31642,75.94717],[82.25904,75.97223],[82.65748,75.99885],[83.29713,75.9431]]],[[[89.01869,77.01308],[88.81633,76.98541],[88.66388,77.08035],[89.1359,77.12711],[88.96884,77.03943],[89.01869,77.01308]]],[[[76.64096,79.48713],[76.69874,79.51821],[76.17433,79.56908],[76.05144,79.64851],[77.61362,79.52192],[76.64096,79.48713]]],[[[80.32643,80.86054],[79.12762,80.80671],[78.97462,80.8426],[79.2107,80.96133],[80.43718,80.94017],[80.32643,80.86054]]],[[[78.49757,72.40819],[79.39145,72.38556],[80.0101,72.20775],[80.83465,72.08332],[80.82081,72.0246],[80.73211,72.04511],[80.81397,72.0799],[80.63233,72.04609],[81.24977,71.8592],[81.3423,71.76423],[81.73666,71.6999],[82.86736,71.78644],[83.29558,71.70311],[83.28989,71.6479],[83.02654,71.54987],[82.98536,71.46284],[83.04786,71.41511],[82.27263,71.2788],[82.35279,71.09626],[82.20834,70.9868],[82.41725,70.77705],[82.08204,70.56538],[82.15333,70.51813],[82.23959,70.27733],[82.34889,70.2023],[82.23959,70.49706],[82.15724,70.5716],[82.46461,70.61319],[82.43092,70.69514],[82.55421,70.76154],[82.47869,70.805],[82.57862,70.91112],[82.73455,70.96552],[82.87664,70.91698],[82.90162,71.00104],[83.1338,70.88239],[83.13722,70.76398],[83.05714,70.59711],[82.99317,70.5716],[83.0525,70.4999],[83.01051,70.42658],[82.66407,70.26016],[82.64381,70.18122],[82.91928,70.08071],[83.14942,70.07648],[83.18873,70.12287],[83.12973,70.20856],[82.95167,70.32514],[83.53443,70.33198],[83.77467,70.47663],[83.75733,70.56851],[83.60271,70.70258],[83.60157,70.76984],[83.38307,70.97626],[83.38185,71.03266],[83.11606,71.11347],[83.25701,71.11652],[83.14763,71.24482],[83.37582,71.36982],[83.38217,71.46503],[83.56284,71.50991],[83.61891,71.63117],[83.4109,71.75092],[83.36052,71.84064],[82.96998,71.89794],[82.67807,71.87946],[82.47055,72.02082],[82.18507,72.09349],[82.30738,72.18285],[82.19809,72.28156],[81.20818,72.35493],[80.70411,72.54536],[80.83448,72.62051],[80.68588,72.64631],[80.63209,72.73379],[80.77296,72.8061],[80.84197,72.92211],[80.8143,72.97427],[80.7505,73.03775],[80.43718,73.1009],[80.59498,73.11457],[80.56861,73.14155],[80.23113,73.17597],[80.56349,73.2215],[80.52833,73.28148],[80.25489,73.32974],[80.67742,73.50495],[80.50554,73.49811],[80.51295,73.56704],[81.95688,73.66267],[83.48365,73.65546],[84.79322,73.76472],[85.00799,73.7104],[85.42701,73.7119],[85.58546,73.81867],[86.01612,73.86652],[87.08009,73.87153],[87.01075,73.77871],[85.78679,73.48078],[85.83318,73.33177],[86.66334,73.12214],[86.78248,73.00088],[86.76547,73.08356],[86.65968,73.1518],[85.93393,73.32392],[85.844,73.43985],[85.88233,73.49624],[86.20362,73.55785],[87.16481,73.6114],[87.34425,73.70417],[87.24871,73.69058],[87.28053,73.72993],[87.61736,73.82355],[87.66407,73.89086],[87.54493,73.91429],[87.45427,73.82469],[87.2964,73.84138],[86.9402,74.03315],[87.41993,74.01211],[87.36231,74.04776],[86.89576,74.07022],[86.72389,74.13215],[86.80299,74.18403],[86.71144,74.22435],[86.02003,74.26252],[85.90553,74.35468],[86.29713,74.31306],[86.25489,74.38886],[86.04949,74.41616],[86.47527,74.4582],[86.62355,74.38752],[86.95387,74.38886],[86.71583,74.30182],[86.9489,74.3426],[86.99293,74.27025],[87.05006,74.3063],[87.01596,74.36726],[87.26238,74.35468],[87.08009,74.38996],[87.07911,74.44204],[86.79591,74.42357],[86.53549,74.51236],[86.78248,74.56074],[85.74041,74.63589],[85.90016,74.72329],[86.10108,74.73579],[86.12525,74.77302],[86.02833,74.81395],[86.09059,74.82079],[86.36704,74.77505],[86.21339,74.76557],[86.32146,74.70767],[86.47397,74.72529],[86.63917,74.69733],[86.60499,74.66315],[86.69166,74.62189],[86.95753,74.60883],[86.9026,74.65412],[86.95387,74.68366],[86.76206,74.70409],[86.91424,74.75772],[87.06373,74.72529],[87.06129,74.83967],[87.38575,74.94432],[87.17286,74.9853],[87.42628,75.0058],[87.47999,74.98725],[87.44549,74.95327],[87.57407,74.92967],[87.56373,74.96483],[87.78989,75.02627],[86.89861,75.08771],[87.02459,75.16421],[87.95265,75.10004],[88.30665,75.17601],[88.37135,75.25532],[88.62599,75.26651],[88.5503,75.31428],[88.61166,75.34422],[89.08522,75.40302],[88.75717,75.41665],[89.24578,75.50674],[89.39519,75.44896],[89.70362,75.44351],[89.6128,75.49238],[90.05787,75.51972],[89.91456,75.5607],[89.95411,75.57762],[90.88673,75.67056],[90.97804,75.62043],[91.12818,75.66572],[91.58025,75.63776],[91.70021,75.7364],[92.37135,75.74047],[93.54981,75.85301],[94.1631,75.94428],[93.74049,75.90021],[93.54607,75.95344],[93.41896,75.87287],[93.25815,75.95173],[93.32016,75.97223],[93.27735,75.98212],[92.96404,75.93061],[93.10792,75.91079],[93.00701,75.88666],[92.88819,75.89647],[92.82683,75.9654],[92.92921,75.99266],[92.95248,76.06684],[93.10108,76.02375],[93.23081,76.05415],[93.12094,76.09569],[93.43035,76.10688],[93.33383,76.06778],[93.42701,76.01203],[93.99871,76.05415],[93.63551,76.12299],[93.6858,76.13227],[94.3742,76.1208],[94.45948,76.0517],[94.73854,76.11563],[94.57277,76.15998],[95.05543,76.11201],[95.38982,76.16401],[96.19646,76.08755],[96.03761,76.08137],[95.99293,76.06159],[96.07496,76.04731],[95.97869,76.03364],[96.00489,75.99335],[95.57521,75.88898],[95.73951,75.85643],[95.93727,75.94916],[96.34181,75.97223],[96.26596,75.99266],[96.30112,75.99934],[96.51856,76.01577],[96.50001,75.97842],[96.66456,75.9654],[96.46144,75.87189],[96.83522,75.88898],[97.25099,76.0434],[97.39682,76.04731],[97.19923,75.99311],[97.24675,75.95795],[97.18531,75.93061],[97.39438,75.98871],[97.8239,75.98811],[97.54835,76.05415],[98.16139,76.09081],[98.21998,76.10252],[97.91773,76.12299],[98.81642,76.26704],[98.71274,76.20498],[99.23504,76.22358],[99.29558,76.20498],[99.09018,76.16401],[99.57423,76.1551],[99.59978,76.13056],[99.46754,76.10871],[99.75489,76.04902],[99.67921,75.87596],[99.424,75.79344],[99.57065,75.77973],[99.90235,75.92719],[99.82521,76.02436],[99.86573,76.10765],[99.64308,76.19627],[99.59067,76.27241],[99.02019,76.36237],[98.81788,76.49421],[100.30445,76.46186],[100.85108,76.54011],[101.05714,76.48615],[101.01564,76.45881],[101.31617,76.48395],[102.24952,76.38312],[100.87827,76.555],[101.10483,76.61644],[101.12599,76.73261],[101.23463,76.76728],[100.98129,76.78718],[100.85768,76.87324],[100.91928,76.9759],[101.20631,76.98603],[101.23805,77.05097],[101.16635,77.06147],[101.20704,77.09854],[102.04314,77.3806],[102.27076,77.38056],[103.19662,77.65892],[103.59254,77.63158],[104.0608,77.73554],[104.32569,77.72997],[104.2575,77.68529],[104.32398,77.66861],[104.75164,77.7062],[104.86687,77.61298],[105.33424,77.541],[105.87371,77.56859],[105.83334,77.54072],[105.97731,77.42524],[106.292,77.37002],[105.75815,77.36945],[105.43539,77.2744],[105.53842,77.26699],[105.45582,77.24047],[104.14194,77.08885],[105.34067,77.08881],[105.92848,77.14411],[105.73707,77.06147],[105.78492,77.041],[105.43539,77.00007],[105.89536,76.99506],[106.20558,77.06196],[106.75538,77.00117],[106.64894,77.03425],[106.82985,77.05467],[107.00294,77.00312],[107.28582,77.02057],[107.23797,77.00629],[107.49977,76.92451],[107.26588,76.89082],[107.35467,76.86909],[107.08033,76.8083],[106.92555,76.71279],[106.72413,76.7189],[106.79908,76.67451],[106.61231,76.55964],[106.39666,76.60431],[106.36704,76.5749],[106.417,76.50922],[106.81983,76.46894],[107.27003,76.53461],[107.84547,76.53482],[107.98463,76.62271],[107.90211,76.67109],[107.94606,76.73729],[108.32049,76.72508],[108.28631,76.70527],[109.3978,76.76],[110.06137,76.6916],[110.35857,76.75568],[111.09034,76.76227],[111.13706,76.74681],[111.06886,76.7189],[111.11939,76.68211],[111.55543,76.68415],[111.44557,76.63007],[111.82643,76.59638],[112.19907,76.47187],[111.82911,76.3415],[112.25685,76.45441],[112.74781,76.33527],[112.65838,76.32225],[112.74041,76.26704],[112.69264,76.23163],[112.50074,76.23908],[112.85768,76.1435],[112.56967,76.04731],[112.96217,76.06509],[113.042,76.11563],[112.98731,76.1435],[113.05934,76.16376],[113.30275,76.11563],[113.28907,76.17084],[112.93214,76.25959],[113.25929,76.26642],[113.29591,76.24592],[113.24122,76.20498],[113.3589,76.21133],[113.45973,76.14838],[113.45281,76.04133],[113.54908,76.02066],[113.50074,75.98583],[113.53199,75.95405],[113.43979,75.94428],[113.56275,75.89647],[113.48081,75.85554],[113.78093,75.93928],[113.89015,75.85399],[113.72047,75.61933],[113.55592,75.54023],[113.42612,75.54023],[113.61744,75.65624],[113.06756,75.6835],[113.13754,75.71149],[112.55909,75.8513],[112.33692,75.84809],[112.87062,75.71149],[112.74781,75.69847],[112.8781,75.64667],[112.78883,75.58861],[112.81365,75.55732],[113.03549,75.55305],[112.99301,75.60985],[113.26743,75.65111],[113.29054,75.55052],[113.63771,75.52407],[113.72047,75.40986],[113.54908,75.40644],[113.67066,75.36888],[113.60523,75.28498],[112.87965,74.99291],[112.14682,74.87836],[111.77231,74.66852],[111.40284,74.69111],[110.98618,74.59422],[111.05209,74.57917],[110.96022,74.54849],[110.33155,74.49616],[110.28053,74.47822],[110.38982,74.45087],[110.36256,74.41828],[110.21209,74.37238],[109.56121,74.31371],[109.9795,74.29633],[109.79689,74.16169],[108.9961,74.01557],[108.06658,73.63532],[108.09449,73.66267],[108.03679,73.67723],[107.74871,73.61205],[107.14682,73.61766],[107.10133,73.57388],[107.16969,73.55341],[106.8816,73.44355],[106.78541,73.34052],[106.06275,73.27302],[106.00929,73.1551],[105.87371,73.11457],[105.83383,73.00226],[105.65064,72.91108],[105.06674,72.78559],[105.4826,72.76813],[106.03637,72.95252],[106.65713,72.83195],[107.10326,72.85641],[106.25464,72.9672],[106.17563,73.09439],[106.35987,73.19428],[106.77556,73.14102],[107.72234,73.16852],[108.09164,73.2464],[108.31666,73.22158],[108.39617,73.25788],[108.19752,73.27904],[109.2212,73.38711],[109.25489,73.42023],[109.20924,73.46882],[109.43491,73.4267],[109.18019,73.5102],[109.19361,73.55166],[109.71388,73.45258],[110.10377,73.51606],[110.15699,73.54588],[110.08937,73.55956],[110.12428,73.58031],[110.47055,73.64936],[110.93197,73.68791],[111.12296,73.62036],[110.82738,73.56347],[110.53778,73.40622],[110.15765,73.39495],[110.53561,73.31682],[110.59256,73.26346],[110.39681,73.19362],[110.77043,73.17135],[110.90127,73.05048],[110.75369,72.99947],[110.8373,72.94511],[110.62739,72.89452],[110.69529,72.82605],[110.60878,72.78584],[110.7017,72.65045],[111.29536,72.50333],[111.05671,72.38059],[111.5555,72.31646],[111.64665,72.26965],[111.61813,72.21301],[111.71445,72.20619],[111.76365,72.1435],[111.99609,72.13273],[112.00002,71.40779],[112.70943,71.24289],[112.51864,71.1617],[112.55554,71.09664],[112.24941,71.00332],[112.07639,71.06124],[111.98028,70.98874],[111.52242,70.93862],[111.33494,70.85531],[110.53943,70.80064],[110.4737,70.71563],[110.10277,70.63192],[110.13501,70.55967],[110.06422,70.54861],[110.11052,70.48231],[110.26317,70.42738],[109.60151,70.37819],[109.53546,70.26398],[109.28153,70.2123],[109.3517,70.07345],[109.50901,70.03345],[109.38519,69.92948],[109.41496,69.89219],[109.36659,69.8437],[109.23698,69.7759],[108.29058,69.85677],[107.92523,69.68122],[106.83858,69.51824],[106.45545,69.57131],[106.1396,69.41628],[106.89004,68.85993],[106.89408,68.10933],[106.8024,67.34824],[106.6668,67.24535],[106.49234,67.28383],[106.05475,67.16717],[105.89383,67.04366],[105.54015,67.0234],[105.68671,66.93948],[106.05661,66.89602],[106.00886,66.79179],[106.18435,66.80063],[106.1427,66.74047],[106.25401,66.69727],[106.24378,66.59201],[106.32191,66.47889],[106.10332,66.37833],[106.11655,66.19865],[106.34155,66.1524],[106.47126,66.00739],[106.42031,65.67144],[106.95815,65.5022],[106.82886,65.37508],[106.62391,65.39296],[106.44346,65.30847],[106.42609,65.26568],[106.49823,65.20468],[106.39323,65.21075],[105.98984,65.03319],[106.22021,64.85718],[105.95077,64.89392],[106.00669,64.81878],[105.85259,64.79703],[105.87533,64.65853],[105.71068,64.6636],[105.72267,64.58205],[105.80649,64.47994],[106.13185,64.48082],[106.06705,64.42661],[106.13402,64.40439],[106.58433,64.44532],[106.60469,64.5127],[106.73533,64.4186],[107.22191,64.33018],[107.32795,64.24859],[107.6068,64.29432],[107.9677,64.16988],[108.16149,64.23804],[108.32014,64.03904],[108.25203,63.9924],[107.67976,63.98922],[107.55026,63.85701],[107.3725,63.86551],[107.28981,63.95],[107.07081,63.88701],[106.7099,63.98661],[106.68148,63.92532],[106.79341,63.84238],[106.62949,63.69678],[106.68551,63.62046],[106.5096,63.49509],[106.73057,63.36748],[106.67269,63.29758],[106.43757,63.31996],[106.36512,63.26296],[106.42454,63.19661],[106.40325,63.11331],[106.12337,63.05951],[106.21773,62.89678],[106.44253,62.84304],[106.52479,62.74677],[106.50444,62.67504],[106.79692,62.60176],[106.66908,62.54856],[106.70349,62.47448],[106.53265,62.3765],[106.42837,62.38283],[106.47808,62.32353],[106.32739,62.26581],[106.44614,62.23548],[106.37514,62.10324],[106.40728,62.03477],[106.20947,62.00035],[105.9022,61.83488],[105.94674,61.68885],[105.80908,61.62239],[105.69611,61.64523],[105.36745,61.52984],[105.27174,61.42493],[104.78898,61.3484],[104.92624,61.319],[105.00737,61.18218],[104.83663,61.17616],[104.61494,61.07408],[104.5645,60.94481],[104.62858,60.89001],[104.46311,60.84445],[104.59613,60.75288],[104.52151,60.63899],[104.66486,60.40277],[104.88924,60.30169],[105.47855,60.24904],[105.42367,60.10966],[105.48868,60.00117],[105.43287,59.89616],[105.49054,59.84524],[105.02442,59.83469],[105.01243,59.76979],[104.7988,59.69088],[104.86267,59.54324],[104.97781,59.46376],[105.17242,59.47448],[105.22534,59.42929],[105.24146,59.35338],[105.19072,59.30832],[105.29407,59.25992],[105.34699,59.09169],[104.79818,58.86323],[104.76046,58.81414],[104.87249,58.71854],[104.79394,58.66929],[104.45815,58.60226],[104.39314,58.70391],[104.22013,58.75796],[103.86914,58.73517],[103.95183,58.78489],[103.90108,58.89708],[103.60353,58.91315],[103.37522,59.03412],[103.24603,59.18006],[103.24024,59.22734],[103.32437,59.2601],[103.08263,59.26439],[103.01059,59.31809],[102.83148,59.21458],[102.52184,59.18605],[102.40587,59.07254],[102.43864,58.94374],[102.53734,58.89659],[102.56493,58.79667],[102.51326,58.72143],[102.31792,58.64733],[102.18614,58.52268],[101.7008,58.42388],[101.53089,58.22531],[101.29762,58.21929],[101.11799,58.11899],[101.15396,58.01682],[101.03025,57.8976],[100.81269,57.88365],[100.88462,57.76968],[100.80142,57.67302],[100.95242,57.56057],[100.9578,57.4983],[100.74882,57.40324],[100.40496,57.55029],[100.33075,57.68899],[100.36517,57.73237],[100.12932,57.8668],[100.04343,58.07857],[99.70278,58.0857],[99.49752,57.92902],[99.42208,57.79875],[98.96164,57.7233],[98.74522,57.79275],[97.934,57.8113],[97.34851,57.04802],[97.61991,56.95363],[97.48493,56.89257],[97.48628,56.81054],[97.77505,56.78],[97.75148,56.56027],[97.87705,56.54492],[97.87809,56.41123],[97.56824,56.38276],[97.58022,56.19512],[97.35192,56.0512],[97.12527,56.10174],[96.98646,56.01834],[96.96,55.86093],[96.76756,55.769],[96.8181,55.70079],[96.75278,55.65071],[96.85479,55.59397],[96.84311,55.4414],[96.91804,55.32952],[96.70658,55.2587],[96.68157,55.07793],[96.58494,55.0232],[96.71382,54.91939],[96.56489,54.69687],[96.57285,54.51838],[96.06466,54.57334],[95.92203,54.39981],[95.79739,54.41751],[95.66675,54.33542],[95.67078,54.23907],[96.05494,54.08786],[96.05856,53.99376],[96.50515,53.68437],[96.68405,53.63853],[96.6577,53.55601],[96.44365,53.51069],[96.35467,53.56102],[96.37244,53.59905],[96.25204,53.61611],[96.09163,53.45054],[95.75708,53.52045],[95.39628,53.37219],[95.26037,53.45638],[95.05304,53.37747],[94.73988,53.38274],[94.58568,53.307],[94.70112,53.23763],[94.60418,53.17577],[94.60428,53.04942],[94.5123,52.91083],[94.1487,52.84174],[94.07139,52.6672],[93.76454,52.43949],[93.66718,52.21562],[93.36043,52.12943],[92.85958,51.8356],[92.50539,51.78144],[91.98667,51.79361],[91.88424,51.85575],[91.23891,51.88231],[91.10052,51.94272],[90.84927,51.90805],[90.73599,52.06938],[90.47659,52.1834],[90.70033,52.45819],[91.39631,52.86799],[91.35115,53.07748],[91.65986,53.15849],[91.84125,53.28827],[91.84641,53.35194],[91.74399,53.44671],[91.46969,53.51389],[91.32655,53.81666],[91.46515,53.96603],[91.46391,54.05655],[91.25172,54.27483],[91.15901,54.48789],[90.85495,54.62674],[90.91531,54.79107],[90.71491,54.83118],[90.68483,54.90466],[90.45828,54.87076],[90.43555,55.01633],[90.22884,55.06628],[90.19587,55.15141],[89.65781,55.00308],[89.56728,55.05803],[89.39168,54.97365],[89.20079,54.99039],[89.14736,55.0763],[89.0379,55.08413],[89.06705,55.13201],[88.96607,55.18477],[88.95016,55.28908],[88.60877,55.44559],[88.87812,55.62069],[89.37049,55.77499],[89.44904,55.86196],[89.31148,55.91411],[89.27159,56.06942],[89.0563,56.21011],[89.05661,56.30168],[88.59245,56.44364],[88.61777,56.52947],[88.50274,56.58998],[88.74076,56.71354],[88.65167,56.74176],[88.62398,56.83297],[88.72237,57.08639],[88.5262,57.1221],[88.7327,57.22744],[88.87233,57.4444],[89.07067,57.50977],[89.14736,57.61421],[89.38041,57.63715],[89.37742,57.91688],[88.85084,57.96065],[88.68743,58.03656],[88.13047,58.11402],[88.01812,58.24265],[87.91818,58.49994],[88.39185,58.91447],[88.82655,59.02446],[88.60754,59.21494],[88.62149,59.29302],[87.91063,59.26814],[87.52234,59.66721],[87.19057,59.68974],[87.08412,59.88275],[86.62544,59.95004],[84.69192,59.90482],[84.53131,59.975],[84.60624,60.04603],[84.63187,60.20558],[84.78359,60.37053],[84.25959,60.85551],[85.67118,61.28923],[85.6439,61.3876],[85.96822,61.47465],[85.96336,61.5449],[85.85402,61.59505],[85.72193,61.57474],[85.37591,61.70112],[84.68975,61.80997],[84.52335,61.93004],[84.5527,61.99906],[84.4357,62.17796],[84.87175,62.45862],[84.89407,62.54107],[85.09003,62.63799],[85.22522,62.80123],[85.51833,62.93257],[85.49611,62.98623],[85.58633,63.07419],[85.46944,63.14919],[85.67212,63.35975],[85.4189,63.34921],[85.29911,63.51741],[85.03184,63.58635],[85.26945,63.65146],[85.53352,63.93672],[85.96347,64.0657],[85.93422,64.12275],[86.02992,64.27499],[85.84151,64.45917],[85.91603,64.58849],[85.81019,64.64773],[85.85898,64.75636],[85.55894,64.83],[85.14905,64.75181],[85.09272,64.81088],[84.93924,64.82328],[84.96673,64.89924],[84.92012,64.92787],[84.29215,64.90265],[84.27892,64.94033],[84.38899,65.00823],[84.31282,65.09846],[84.58391,65.29121],[84.49834,65.50381],[84.19582,65.59538],[84.29742,65.61749],[84.31943,65.68442],[84.16833,65.70338],[84.03097,65.79304],[83.59234,65.77542],[83.51814,65.82249],[83.52124,65.90833],[83.29283,66.06599],[83.5354,66.1926],[83.09098,66.45917],[83.08891,66.60973],[83.29655,66.67324],[83.16188,66.81799],[82.11729,67.2438],[82.3579,67.33085],[82.25134,67.41924],[82.38901,67.5342],[82.10965,67.609],[82.04918,67.65458],[82.10034,67.72439],[81.89508,67.78883],[81.72559,67.92381],[82.36462,67.94588],[82.39459,68.17661],[82.53329,68.17031],[82.57411,68.25537],[82.70268,68.298],[82.67933,68.49179],[82.4689,68.57664],[83.03879,68.66733],[82.80345,68.7418],[82.78743,68.79497],[82.55158,68.82691],[82.49277,68.9868],[82.32896,69.04648],[82.4937,69.1054],[82.45309,69.16188],[81.84103,69.1964],[81.76145,69.25236],[81.9294,69.34931],[81.68497,69.44651],[81.62616,69.41478],[81.63608,69.30556],[81.57107,69.27329],[81.32385,69.28564],[80.96687,69.20911],[80.73422,69.30812],[79.86461,69.34858],[79.4911,69.65446],[79.01195,69.70339],[79.13039,69.73879],[78.87987,69.87966],[79.17184,69.96333],[79.13381,70.00841],[79.19664,70.05043],[79.3555,70.04996],[79.33348,70.1476],[79.49637,70.11174],[79.71723,70.27959],[79.88043,70.27809],[80.18273,70.39328],[80.18087,70.43431],[80.56907,70.46082],[80.72224,70.39059],[80.79644,70.43405],[80.60958,70.5011],[80.75748,70.65558],[80.59284,70.72225],[80.68586,70.80121],[80.56473,70.86038],[80.53765,71.05936],[79.95443,71.13411],[79.5652,71.27736],[79.22703,71.32081],[79.14321,71.41523],[79.35798,71.49427],[79.371,71.61237],[79.86823,71.60165],[80.10232,71.66457],[80.07618,71.76466],[80.11938,71.77872],[80.03639,71.83076],[80.34396,71.88538],[79.69491,72.05769],[79.43632,72.03963],[78.91418,72.11622],[78.60991,72.2082],[78.6558,72.25833],[78.44496,72.35377],[78.49757,72.40819]]],[[[95.00603,76.17768],[95.10157,76.22541],[95.19728,76.16401],[95.10157,76.15497],[95.00603,76.17768]]],[[[96.64405,76.26704],[96.59555,76.15717],[96.51987,76.19066],[96.56153,76.23163],[96.36313,76.26435],[96.42433,76.21239],[96.2461,76.20498],[96.3965,76.17768],[96.3213,76.13605],[96.34474,76.10505],[95.26612,76.21857],[95.34995,76.28876],[95.57016,76.23819],[95.81227,76.30292],[96.06813,76.28002],[96.10418,76.23163],[96.28297,76.30927],[96.64405,76.26704]]],[[[94.90358,76.21239],[94.78102,76.18122],[94.41017,76.21239],[94.77866,76.21092],[94.74537,76.25959],[94.9992,76.27326],[94.85523,76.23908],[94.90358,76.21239]]],[[[93.9441,76.61644],[94.36231,76.5749],[93.86834,76.58857],[93.9441,76.61644]]],[[[94.84669,76.63784],[95.12208,76.7189],[95.32748,76.66425],[95.28517,76.64252],[94.84669,76.63784]]],[[[95.83473,76.6916],[95.52866,76.64875],[95.417,76.70527],[95.83473,76.6916]]],[[[96.58937,77.14411],[96.23504,76.99047],[95.68442,76.9523],[95.95143,77.01366],[95.23194,77.00629],[96.46217,77.21027],[96.58937,77.14411]]],[[[89.49279,77.14076],[89.13461,77.21772],[89.30437,77.30793],[89.60402,77.31257],[89.81702,77.21059],[89.49279,77.14076]]],[[[92.11036,77.62165],[91.91114,77.60025],[91.86598,77.62865],[92.11036,77.62165]]],[[[93.59956,78.18768],[93.79272,78.20302],[93.92087,78.15702],[93.62908,78.15705],[93.59956,78.18768]]],[[[92.51661,79.08039],[92.21339,79.13955],[92.72438,79.07685],[92.51661,79.08039]]],[[[92.79184,79.38325],[92.58725,79.4195],[92.99057,79.4195],[92.79184,79.38325]]],[[[92.27215,79.40497],[92.30543,79.39159],[91.78468,79.4195],[92.47055,79.43256],[92.27215,79.40497]]],[[[91.53126,79.44929],[91.19483,79.51508],[90.79379,79.56354],[91.14422,79.53734],[91.53126,79.44929]]],[[[93.66993,79.83173],[92.62477,79.6728],[91.92189,79.67894],[92.35328,79.7342],[92.09946,79.80988],[91.07252,79.85098],[91.2986,79.91913],[91.01759,79.96699],[91.18189,79.99486],[91.11362,80.0489],[90.86655,80.06257],[92.42433,80.03071],[93.81373,79.89867],[93.66993,79.83173]]],[[[94.32765,80.029],[93.99399,79.96479],[93.92986,79.97443],[93.98439,80.01537],[94.32765,80.029]]],[[[97.97291,80.72114],[97.13063,80.66584],[97.19158,80.64533],[97.02076,80.52586],[97.14877,80.48701],[97.20582,80.35562],[97.42286,80.32697],[97.188,80.23359],[94.53004,80.13101],[93.74985,79.99677],[92.06577,80.17243],[92.19532,80.20816],[92.88819,80.17243],[92.10743,80.28974],[93.32016,80.27607],[93.24439,80.30956],[91.42213,80.30956],[91.66236,80.38524],[92.62762,80.39155],[91.88771,80.4604],[92.7693,80.51675],[92.82521,80.65062],[93.27027,80.79711],[92.49724,80.7757],[92.73121,80.85147],[92.67652,80.87873],[93.16261,80.94697],[93.05275,80.99543],[95.54721,81.22077],[95.03395,81.24868],[95.10353,81.27131],[95.77662,81.2888],[96.5547,81.07738],[96.54412,81.02985],[96.73276,81.00845],[96.64405,80.98798],[96.76637,80.94994],[97.75465,80.82929],[97.88356,80.76948],[97.74708,80.7416],[97.97291,80.72114]]],[[[91.33277,81.08076],[89.99635,81.10529],[89.89389,81.17357],[90.07154,81.21455],[91.45485,81.19261],[91.5739,81.13556],[91.33277,81.08076]]],[[[109.75229,73.68309],[109.78712,73.66885],[109.6128,73.70807],[109.53566,73.82123],[109.81983,73.87726],[110.0215,74.01447],[110.58082,73.9914],[110.959,73.90864],[111.10304,73.95002],[111.07569,73.99844],[111.15903,74.03734],[111.58221,74.0257],[111.2234,73.99258],[111.28078,73.85973],[110.87773,73.76785],[110.66375,73.78726],[110.28688,73.70576],[109.75229,73.68309]]],[[[97.04737,76.00633],[96.74806,75.98102],[96.69858,75.9958],[97.33481,76.10871],[97.04737,76.00633]]],[[[96.76092,76.17642],[96.72584,76.25959],[96.8768,76.32225],[96.85402,76.35566],[97.07545,76.30801],[96.85955,76.27216],[96.78736,76.21239],[97.04127,76.23908],[96.76092,76.17642]]],[[[96.76694,76.33527],[96.68474,76.29434],[96.38331,76.33527],[96.76694,76.33527]]],[[[113.11769,76.3769],[113.30942,76.42349],[113.26173,76.39672],[113.44662,76.36945],[113.11769,76.3769]]],[[[111.98463,76.61766],[112.3672,76.65815],[112.52809,76.62271],[112.4865,76.6022],[112.56967,76.555],[112.50758,76.54072],[112.71412,76.52045],[112.57594,76.49974],[112.60084,76.44465],[112.4629,76.45502],[111.98463,76.61766]]],[[[97.5962,76.6022],[97.31495,76.60961],[97.38697,76.654],[97.28826,76.6916],[97.4463,76.71475],[97.48487,76.63028],[97.5962,76.6022]]],[[[96.25294,76.61644],[95.94418,76.60961],[95.8899,76.65062],[96.46795,76.70759],[96.25294,76.61644]]],[[[97.64796,76.7486],[97.45981,76.71845],[97.16074,76.75361],[97.63901,76.7731],[97.64796,76.7486]]],[[[105.91196,77.27627],[105.78492,77.28059],[106.01148,77.28742],[105.91196,77.27627]]],[[[107.72022,77.27668],[107.34457,77.23286],[107.20485,77.23432],[107.45704,77.28059],[107.27955,77.3017],[107.39536,77.36026],[107.72975,77.33747],[107.72022,77.27668]]],[[[106.45655,77.3216],[106.35402,77.3072],[106.33302,77.3216],[106.45655,77.3216]]],[[[106.94313,77.45873],[106.70094,77.38361],[106.52475,77.39045],[106.73032,77.47044],[106.94313,77.45873]]],[[[107.57358,78.06757],[107.39064,78.10248],[106.39503,78.13093],[107.3379,78.19074],[107.70411,78.13715],[107.57358,78.06757]]],[[[105.99098,78.21914],[106.06886,78.27057],[106.3379,78.26586],[106.47006,78.3426],[106.76564,78.3085],[106.73308,78.26586],[106.62094,78.28604],[106.19386,78.19306],[105.99098,78.21914]]],[[[105.35743,78.50625],[104.78736,78.33637],[103.01596,78.2565],[102.66033,78.1645],[102.68149,78.21288],[102.60711,78.22553],[101.20981,78.19351],[100.03728,77.96161],[99.51466,77.94355],[99.37135,77.95966],[99.42604,77.98701],[99.26832,78.04157],[100.04965,78.34321],[100.00074,78.41771],[100.27564,78.57974],[100.25465,78.66535],[100.38527,78.75161],[100.60157,78.79816],[101.16635,78.76097],[100.82374,78.80878],[100.78492,78.89509],[100.90724,78.98509],[101.07008,79.03465],[101.59164,78.977],[101.62566,78.98688],[100.98813,79.06265],[101.04265,79.133],[101.19565,79.14716],[101.12599,79.16502],[101.19418,79.20287],[101.55738,79.25438],[101.54371,79.34077],[101.81756,79.37104],[101.96079,79.26122],[102.24627,79.24165],[102.13966,79.35684],[102.30291,79.43281],[103.15317,79.30964],[102.82545,79.22712],[102.74293,79.15884],[102.79762,79.13833],[102.674,79.07685],[102.69142,79.03221],[102.37916,78.82246],[102.66578,78.8924],[102.92115,79.05842],[103.1443,79.05777],[103.5735,79.16999],[103.80795,79.15351],[104.00131,79.12767],[103.97625,79.06265],[104.0735,79.00483],[104.45533,78.96674],[104.52491,78.88508],[104.36671,78.85712],[104.65455,78.8299],[104.57887,78.77521],[104.72511,78.79084],[104.75904,78.85334],[105.17506,78.80927],[105.33351,78.6048],[105.41554,78.58344],[105.35743,78.50625]]],[[[99.94662,78.97012],[99.40561,78.82246],[98.3274,78.78473],[97.44223,78.81721],[97.40447,78.8299],[97.60304,78.84349],[97.26393,78.85301],[96.79851,78.9892],[95.67254,79.00096],[95.67018,79.0694],[95.52377,79.10908],[95.01824,79.03852],[94.63233,79.12743],[94.61736,79.20132],[94.334,79.2486],[94.31332,79.35],[94.36231,79.44001],[94.31227,79.47919],[94.05323,79.47354],[94.08058,79.44684],[93.98805,79.42715],[93.69695,79.45987],[93.99122,79.49404],[93.6902,79.54243],[93.88201,79.60383],[93.23585,79.43895],[93.11411,79.46727],[93.32016,79.50145],[92.85418,79.5561],[93.28028,79.55248],[94.16944,79.77521],[94.69012,79.81611],[94.22462,79.89867],[94.38233,79.93342],[94.35125,79.977],[94.74977,80.00747],[94.952,80.10448],[95.24187,80.02155],[95.50213,80.11148],[96.17408,80.0915],[97.59213,80.17487],[98.08961,80.05634],[97.84783,79.99653],[97.76808,79.94648],[97.81422,79.91633],[97.52052,79.80927],[97.60873,79.7766],[97.19158,79.70694],[97.24684,79.69953],[97.70582,79.76317],[97.92612,79.90217],[98.37721,79.87788],[98.58237,79.97598],[98.43914,80.01537],[98.51539,80.05231],[99.19898,80.04999],[99.24781,80.03583],[99.15846,80.01537],[99.56316,79.96699],[99.50172,79.95332],[99.8034,79.9055],[100.077,79.78266],[99.81707,79.74165],[99.886,79.69326],[99.70721,79.56908],[99.78907,79.52192],[99.68605,79.47354],[99.74806,79.36424],[99.66668,79.31224],[99.46013,79.24755],[99.03492,79.29597],[99.61085,79.15884],[99.48805,79.14517],[99.52703,79.12377],[99.8545,79.08991],[99.94662,78.97012]]],[[[100.30983,79.66596],[99.90577,79.60383],[99.98292,79.6979],[100.30983,79.66596]]]]}},{"type":"Feature","properties":{"id":"ru-len","lat":59.88106,"lng":32.95387},"geometry":{"type":"MultiPolygon","coordinates":[[[[27.79412,60.53319],[29.27706,61.3046],[29.57642,61.17074],[29.86953,61.17629],[32.72889,60.64643],[33.1055,60.74588],[33.20731,60.80678],[33.14819,60.82975],[33.23542,60.89292],[33.42259,60.93597],[33.41742,61.00033],[33.75229,60.94367],[33.86711,61.07054],[33.74216,61.12449],[33.58496,61.07129],[33.45856,61.12723],[33.53493,61.22081],[34.21613,61.24195],[34.40599,61.14707],[34.53219,61.26644],[34.73331,61.32101],[34.8222,61.27833],[35.33183,61.28685],[35.33214,61.18019],[35.60385,61.18831],[35.69181,61.12805],[35.49771,60.98134],[35.51538,60.92667],[35.44955,60.86352],[35.14383,60.77655],[35.23871,60.65852],[35.25173,60.44535],[35.22672,60.33244],[35.14745,60.26883],[35.17277,60.0799],[35.08533,60.02378],[35.41306,59.97283],[35.47425,59.92291],[35.38247,59.87541],[35.40562,59.71243],[35.62721,59.70977],[35.64054,59.65346],[35.49709,59.64737],[35.49378,59.54717],[35.43497,59.52515],[35.48582,59.48546],[35.28894,59.49926],[35.44851,59.42769],[35.32025,59.33907],[35.38185,59.30033],[34.91625,59.24682],[34.79811,59.10244],[34.55441,59.10942],[34.25313,59.19851],[33.99992,59.14879],[33.52026,59.37297],[33.35428,59.37772],[33.3398,59.32088],[33.25588,59.32325],[33.0099,59.42999],[32.73685,59.2723],[32.7601,59.20068],[32.65323,59.12471],[32.58399,59.18052],[32.30235,59.20006],[32.31041,59.2584],[32.12407,59.39433],[31.9155,59.39198],[31.80739,59.31209],[31.5518,59.36806],[31.55748,59.2153],[31.30603,58.98524],[31.15472,59.07691],[31.00134,59.07479],[30.96496,58.97847],[30.72798,58.82858],[30.70565,58.74933],[30.11054,58.73931],[30.08956,58.63068],[30.16718,58.53312],[30.04099,58.443],[29.61941,58.45648],[29.45725,58.59157],[29.24827,58.62329],[29.30346,58.64513],[29.25695,58.69482],[28.97873,58.8115],[28.27996,58.85202],[28.12245,58.99258],[27.69589,58.97718],[27.88231,59.27566],[28.18182,59.35607],[28.01905,59.48176],[28.0726,59.57803],[28.00701,59.75825],[28.12387,59.7923],[28.22389,59.69111],[28.37525,59.66633],[28.47609,59.85175],[28.83253,59.78653],[28.97633,59.83129],[29.03443,59.8867],[28.98024,59.92988],[29.16139,60.00263],[29.69714,59.95005],[29.67956,59.86885],[30.25937,59.60985],[30.50246,59.63073],[30.74771,59.72566],[30.75619,59.77749],[30.51166,59.86239],[30.52726,59.97035],[30.34991,60.06259],[30.39042,60.12274],[29.63295,60.26601],[29.4179,60.16885],[29.0923,60.17797],[28.79949,60.36884],[28.61695,60.38199],[28.43897,60.55988],[28.70281,60.46117],[28.64454,60.66974],[28.73455,60.69282],[28.69044,60.73847],[28.40056,60.66527],[28.21583,60.54755],[27.79412,60.53319]]],[[[27.87387,59.99482],[27.82049,59.98273],[27.80258,59.99934],[27.82008,60.03083],[27.87387,59.99482]]],[[[27.01783,60.04792],[26.97682,60.0257],[26.95004,60.09956],[27.01783,60.04792]]],[[[28.72136,60.28754],[28.6242,60.27021],[28.54135,60.34736],[28.58033,60.34894],[28.72136,60.28754]]],[[[28.48487,60.36188],[28.50367,60.31102],[28.42555,60.36078],[28.48487,60.36188]]],[[[28.59946,60.57665],[28.58872,60.64631],[28.63461,60.60139],[28.59946,60.57665]]]]}},{"type":"Feature","properties":{"id":"ru-lip","lat":52.73313,"lng":38.87406},"geometry":{"type":"Polygon","coordinates":[[[40.16016,53.34217],[40.10663,53.27566],[40.14507,53.08797],[40.07511,52.95568],[40.08358,52.81329],[39.95263,52.74327],[39.9516,52.65885],[40.33597,52.39913],[40.69233,52.28053],[40.63197,52.06649],[40.51239,52.03522],[40.50381,51.95352],[40.12244,51.99238],[39.73807,51.92448],[39.49664,51.97269],[39.51441,52.02385],[39.44713,52.0822],[39.26523,52.10501],[39.16054,52.093],[39.03589,51.9883],[38.87053,52.09568],[38.76201,52.05238],[38.6877,52.10015],[37.99699,51.87895],[37.77902,51.95197],[37.77757,52.16149],[38.01704,52.25175],[38.03843,52.34451],[37.87937,52.43039],[37.90376,52.48057],[37.77819,52.51111],[37.81064,52.55876],[37.71184,52.61302],[37.80868,52.64061],[37.77747,52.72298],[37.87276,52.77626],[37.79049,52.84525],[37.84351,52.88209],[37.79493,52.91209],[37.90511,53.06891],[38.26591,53.0226],[38.32751,52.96183],[38.59457,53.04854],[38.6355,53.11361],[38.5769,53.16756],[38.59799,53.23649],[38.47727,53.31003],[38.75395,53.37638],[38.6972,53.50009],[38.88644,53.56541],[39.04767,53.54712],[39.18162,53.38573],[39.48362,53.43183],[39.51152,53.52536],[39.72732,53.59239],[39.88566,53.51927],[39.90375,53.42232],[40.12337,53.39806],[40.16016,53.34217]]]}},{"type":"Feature","properties":{"id":"ru-mag","lat":62.59796,"lng":154.06022},"geometry":{"type":"MultiPolygon","coordinates":[[[[150.7828,59.09086],[150.6107,59.00572],[150.47208,59.00415],[150.69853,59.14045],[150.7828,59.09086]]],[[[149.03436,59.16947],[149.07095,59.19737],[149.14111,59.20769],[149.10348,59.16153],[149.03436,59.16947]]],[[[155.53369,59.33783],[155.60005,59.31943],[155.50904,59.32015],[155.53369,59.33783]]],[[[153.0901,59.08309],[152.94332,59.00702],[152.89991,58.90363],[152.55674,58.94998],[152.36329,59.05972],[152.0203,58.87504],[151.35367,58.83256],[151.08805,59.10202],[151.43773,59.17032],[151.92434,59.13778],[152.32224,59.20741],[152.13673,59.29621],[151.97902,59.26508],[151.7343,59.30726],[151.77028,59.34966],[151.66551,59.45944],[151.39606,59.60416],[151.3221,59.55589],[150.90674,59.55935],[150.94183,59.46122],[150.77991,59.43226],[150.74012,59.43977],[150.76562,59.48432],[150.50374,59.48867],[150.77435,59.56191],[150.6013,59.54096],[150.306,59.64619],[149.37526,59.7722],[149.32683,59.75861],[149.37859,59.72465],[149.0407,59.64289],[149.21209,59.46914],[148.89226,59.46678],[148.84596,59.55272],[148.74343,59.47158],[148.7357,59.36839],[148.98991,59.37538],[148.93452,59.23327],[148.84156,59.27656],[148.78794,59.23648],[148.43747,59.26232],[148.39373,59.3793],[148.21944,59.40887],[147.84546,59.37662],[147.78875,59.34394],[147.8255,59.2696],[147.59107,59.30414],[147.546,59.23755],[147.27149,59.3321],[146.88657,59.36473],[147.10185,59.42387],[147.1588,59.64122],[147.08707,59.69109],[147.14805,59.75248],[147.11746,59.88017],[146.99788,59.94797],[146.77608,59.90642],[146.64514,59.98957],[146.67604,60.10204],[146.45393,60.13178],[146.37425,60.27121],[145.79299,60.19816],[145.59404,60.30696],[145.5683,60.34495],[145.63672,60.38247],[145.51001,60.4637],[146.05985,60.73727],[146.40401,60.66612],[146.47574,60.72756],[146.48608,60.93292],[146.70115,60.95886],[146.73154,61.00718],[146.6656,61.06609],[146.74115,61.09736],[146.74994,61.21642],[146.68327,61.31259],[146.76761,61.40328],[146.61475,61.43408],[146.57971,61.64076],[146.36474,61.77096],[146.34841,61.83132],[145.89128,62.02536],[145.72158,62.06019],[145.48417,61.95627],[145.16761,61.96542],[144.94519,62.06334],[144.71864,62.08169],[144.99097,62.17114],[144.97971,62.24421],[145.17381,62.27641],[145.12616,62.3087],[145.17908,62.33707],[145.17649,62.44182],[145.1243,62.48991],[145.48231,62.55272],[145.38888,62.61241],[145.42857,62.65085],[145.32615,62.75441],[145.36604,62.91032],[145.27096,63.02318],[145.29979,63.1039],[145.25173,63.1903],[145.45141,63.52791],[145.64055,63.66712],[145.62174,63.78003],[145.55332,63.82411],[146.10874,63.94158],[146.4344,64.21329],[146.99643,64.14699],[147.25047,64.05315],[147.33843,64.08193],[147.30722,64.13231],[147.62317,64.16833],[147.66306,64.11588],[147.61045,64.03733],[147.76672,64.01408],[147.79587,63.94731],[147.96661,63.947],[148.25889,64.23959],[148.00071,64.36271],[148.0558,64.39491],[148.02262,64.431],[148.3025,64.55441],[148.61256,64.42093],[149.21914,64.40842],[149.81642,64.56727],[150.08606,64.48929],[150.0256,64.35902],[150.19303,64.22391],[150.60872,64.16621],[150.65419,64.33437],[151.17509,64.37576],[151.39172,64.29564],[151.47998,64.43555],[152.03706,64.50508],[152.13421,64.44558],[152.1061,64.36253],[152.37988,64.39351],[152.41378,64.40677],[152.33513,64.51627],[152.74823,64.68592],[152.67485,64.78049],[152.54989,64.81759],[152.49966,64.93826],[152.65438,65.03427],[152.60901,65.15215],[152.68818,65.23344],[153.46157,65.36304],[153.52389,65.41926],[153.39935,65.49709],[153.50684,65.61661],[153.53133,65.70555],[153.45444,65.77144],[153.49464,65.83518],[153.91291,65.88693],[154.04861,65.86477],[154.08313,65.7972],[154.24963,65.82999],[154.38172,65.94424],[154.35443,66.03778],[154.21615,66.06455],[154.38575,66.20071],[154.52817,66.23756],[154.87254,66.13478],[155.16999,66.20903],[155.30466,66.14374],[155.77347,66.17746],[155.95826,66.09633],[156.33591,66.06279],[156.63078,66.20294],[156.97309,66.03251],[156.92658,65.96541],[157.12439,65.91515],[157.39032,65.92962],[157.37348,65.99608],[157.71764,66.11204],[158.12413,66.15581],[158.47697,66.11462],[158.39605,66.26055],[158.52896,66.35939],[158.61857,66.3561],[159.20241,66.20206],[158.92873,65.89582],[158.9217,65.74302],[160.02737,65.51486],[160.51954,65.16553],[161.34801,65.12264],[161.6899,64.99417],[161.78447,64.83808],[161.86726,64.81271],[162.9969,64.64866],[163.10925,64.68489],[163.15514,64.76773],[163.25901,64.71781],[163.15876,64.6314],[163.16992,64.55226],[163.46034,64.39095],[163.25591,64.32067],[163.15886,64.18515],[162.94223,64.19962],[162.7872,64.14322],[162.82916,64.02395],[162.89479,64.01754],[162.9291,63.94545],[162.72157,63.79766],[162.97706,63.62627],[162.96487,63.49884],[162.67393,63.38052],[162.8056,63.24617],[162.75578,63.18431],[162.2941,63.06726],[162.27736,62.91688],[162.54753,62.84474],[162.68044,62.70697],[162.81862,62.70827],[162.6946,62.58352],[162.77067,62.49691],[162.7286,62.29031],[162.16295,62.18644],[162.53182,62.09233],[162.50608,61.97208],[162.31116,61.9342],[162.46381,61.82749],[162.42371,61.76711],[162.51046,61.65836],[162.292,61.61762],[162.32782,61.59045],[161.98639,61.37262],[161.88836,61.43073],[161.89023,61.33552],[161.80729,61.37221],[161.8021,61.31711],[161.59563,61.25518],[161.56715,61.18374],[161.47119,61.19559],[161.41191,61.15176],[161.44584,61.12096],[160.91515,60.89964],[160.79162,60.7177],[160.68676,60.76011],[160.41032,60.70609],[160.43102,60.7492],[160.28182,60.60923],[160.15439,60.57634],[160.147,60.66201],[160.21963,60.66511],[160.25141,60.73481],[160.1701,60.8249],[160.25371,60.82455],[160.24149,60.87458],[160.35753,60.91076],[160.44422,61.03622],[160.20197,61.03822],[159.89867,60.91553],[159.79754,60.9311],[160.00014,61.10612],[159.94329,61.24377],[159.77562,61.24221],[159.81852,61.28918],[159.99638,61.28432],[159.91017,61.31391],[160.10685,61.42996],[160.03499,61.45905],[160.28514,61.55411],[160.25983,61.62507],[160.31879,61.66677],[160.25905,61.69038],[160.41396,61.76478],[160.34571,61.94473],[160.03901,61.84625],[159.88074,61.70521],[159.70773,61.72099],[159.57721,61.65277],[159.51166,61.70035],[159.56559,61.81665],[159.47757,61.76356],[159.35607,61.81651],[159.39402,61.87555],[159.21229,61.91186],[158.92075,61.90302],[158.83717,61.82111],[158.26023,61.82593],[158.08016,61.734],[157.46451,61.78211],[157.36464,61.68539],[157.0276,61.65058],[156.92383,61.55181],[156.67946,61.52402],[156.62379,61.37059],[156.65497,61.19676],[156.3739,61.14877],[155.94306,60.92263],[155.91362,60.70358],[155.82985,60.72899],[155.49207,60.58198],[155.47977,60.53392],[155.30004,60.51062],[154.821,60.30023],[154.53565,60.0528],[154.48759,59.94631],[154.49898,60.02885],[154.5637,60.0937],[154.40784,60.06293],[154.47348,59.87934],[154.22077,59.86962],[154.22877,59.73037],[154.36825,59.57469],[154.22007,59.66398],[154.1966,59.58317],[154.07504,59.50918],[154.13844,59.45698],[154.29788,59.44255],[154.40231,59.53502],[154.37989,59.47004],[154.42685,59.42088],[154.53678,59.42284],[154.43605,59.4842],[154.42876,59.54703],[154.64429,59.54343],[154.8776,59.46081],[154.9629,59.49608],[155.20971,59.34388],[155.15762,59.29636],[155.19718,59.23723],[155.14961,59.22157],[155.1941,59.17577],[154.8133,59.19417],[154.7907,59.13135],[154.43802,59.21552],[154.33272,59.19175],[154.35771,59.11059],[154.04868,59.0528],[153.69198,59.18506],[153.76856,59.24658],[153.64802,59.19077],[153.36915,59.24128],[153.34839,59.15362],[153.28354,59.14899],[153.35022,59.13402],[153.33728,59.08989],[153.0901,59.08309]]]]}},{"type":"Feature","properties":{"id":"ru-me","lat":56.55771,"lng":47.9017},"geometry":{"type":"Polygon","coordinates":[[[50.07201,56.62275],[50.19759,56.58275],[49.98096,56.438],[49.96453,56.50094],[49.85404,56.44136],[49.74924,56.46999],[49.81229,56.49976],[49.78779,56.53267],[49.65064,56.53014],[49.54419,56.43247],[49.41707,56.48017],[49.40528,56.38043],[49.32911,56.3515],[49.0915,56.39175],[48.93306,56.26158],[49.05089,56.2068],[48.82775,56.06681],[48.69814,56.07632],[48.68481,55.95168],[48.42147,55.90527],[48.41237,55.82936],[47.99421,55.95168],[47.87101,56.13585],[47.44633,56.18158],[47.36582,56.33465],[47.04367,56.28463],[46.71025,56.1221],[46.5358,56.1405],[46.0922,56.05637],[46.06771,56.18192],[45.87382,56.25884],[45.87351,56.30488],[45.94327,56.31811],[45.94896,56.43322],[45.78091,56.42638],[45.62867,56.52249],[45.65864,56.59474],[45.92178,56.65225],[45.90875,56.78023],[45.96663,56.87436],[46.30273,56.90064],[46.33601,56.95208],[46.61052,56.92102],[46.6871,56.96794],[47.14888,56.91058],[47.1587,56.81576],[47.49884,56.85333],[47.61501,56.9735],[47.7598,57.01313],[47.73459,57.0545],[47.91545,56.98169],[48.13074,57.00019],[48.2437,57.09982],[48.19544,57.12039],[48.30075,57.16504],[48.4348,57.12695],[48.7585,57.17165],[48.83064,57.16054],[48.84553,57.09375],[48.95353,57.08623],[49.04624,57.21206],[49.01265,57.27707],[49.18494,57.33012],[49.21305,57.29149],[49.14401,57.15997],[49.26379,57.04833],[49.7079,57.07249],[49.7418,56.89952],[50.01693,56.86366],[50.10126,56.7924],[50.07201,56.62275]]]}},{"type":"Feature","properties":{"id":"ru-mo","lat":54.4081,"lng":44.60378},"geometry":{"type":"Polygon","coordinates":[[[43.54879,54.01272],[43.17383,54.00017],[43.10634,53.90922],[43.16815,53.83398],[42.77137,53.82845],[42.73799,53.75615],[42.7197,53.81119],[42.57325,53.76],[42.57418,53.83103],[42.51,53.80132],[42.5257,53.73202],[42.30773,53.84746],[42.46194,53.96544],[42.27352,54.08202],[42.28241,54.12223],[42.5347,54.08275],[42.52932,54.14199],[42.59991,54.18786],[42.43899,54.26015],[42.25823,54.1707],[42.18361,54.26186],[42.27807,54.23566],[42.63237,54.37766],[42.54389,54.43854],[42.55661,54.49223],[42.64518,54.49879],[42.621,54.54318],[42.69934,54.58235],[42.6087,54.64669],[42.62348,54.71508],[42.41925,54.7363],[42.38607,54.80224],[42.46679,54.8713],[42.61676,54.78585],[43.07999,54.78642],[43.15523,54.90275],[43.38849,54.95045],[43.72532,54.81986],[43.94908,54.80699],[43.9465,54.73759],[44.10959,54.72581],[44.1009,54.64917],[44.43794,54.53843],[44.63834,54.57936],[44.67007,54.53807],[44.6001,54.47254],[44.78407,54.52019],[45.09072,54.48949],[45.14653,54.51995],[45.02137,54.57698],[45.09144,54.65889],[45.05475,54.75185],[45.15169,54.7965],[45.19624,54.751],[45.25877,54.87029],[45.42444,54.88177],[45.47322,55.08088],[45.71032,55.17676],[45.78452,55.11235],[45.71342,54.9707],[46.05572,55.04212],[46.16042,54.9721],[46.20021,55.07147],[46.28465,55.03842],[46.28651,54.96347],[46.41467,54.89536],[46.44412,54.68788],[46.51864,54.65005],[46.43709,54.58292],[46.53693,54.58447],[46.48195,54.49719],[46.59047,54.50122],[46.51492,54.44448],[46.74178,54.36552],[46.37942,54.23051],[46.01831,54.18941],[45.71393,53.91934],[45.33928,53.88488],[45.17619,53.97877],[44.62707,53.89614],[44.61684,53.82596],[44.73642,53.70463],[44.55566,53.66135],[44.19878,53.76328],[43.98918,53.75465],[43.87694,53.80969],[43.93347,53.86718],[43.83798,53.93433],[43.54879,54.01272]],[[42.45212,54.77087],[42.50307,54.79128],[42.44395,54.80394],[42.45212,54.77087]]]}},{"type":"Feature","properties":{"id":"ru-mos","lat":55.48222,"lng":37.40172},"geometry":{"type":"MultiPolygon","coordinates":[[[[37.12004,54.99082],[37.08118,55.09963],[36.90434,55.22914],[37.01446,55.30119],[36.91402,55.42588],[36.91278,55.51659],[37.02111,55.51924],[37.02385,55.44785],[37.17488,55.44785],[37.21057,55.60162],[37.41408,55.65986],[37.34824,55.74402],[37.43111,55.87772],[37.37533,55.92289],[37.41377,55.93936],[37.45892,55.88127],[37.61147,55.90366],[37.80051,55.83765],[37.87842,55.71514],[37.65911,55.56892],[37.56559,55.35849],[37.46297,55.37902],[37.41125,55.32048],[37.46304,55.28072],[37.42475,55.18424],[37.33953,55.1186],[37.28368,55.14899],[37.21073,55.01642],[37.12004,54.99082]]],[[[37.16438,55.73213],[37.04339,55.66955],[36.98081,55.69875],[37.08094,55.74256],[37.16438,55.73213]]],[[[37.30206,55.99706],[37.25408,55.95951],[37.1769,55.9908],[37.20193,56.05964],[37.30206,55.99706]]]]}},{"type":"Feature","properties":{"id":"ru-mow","lat":55.58527,"lng":38.87735},"geometry":{"type":"Polygon","coordinates":[[[36.59769,55.27288],[36.57847,55.3173],[36.42292,55.31869],[36.31761,55.22531],[36.13974,55.18495],[35.70669,55.2943],[35.56747,55.28986],[35.46536,55.22035],[35.30124,55.29911],[35.28201,55.55924],[35.38051,55.56431],[35.39849,55.61087],[35.31178,55.71737],[35.35209,55.78453],[35.17132,55.96005],[35.33245,56.06182],[35.30351,56.11174],[35.38237,56.17885],[35.36573,56.23243],[35.52076,56.2561],[35.49833,56.34948],[35.55011,56.36628],[35.46309,56.45888],[35.64509,56.47412],[35.76519,56.39387],[36.07845,56.34411],[36.1725,56.40844],[36.52163,56.43723],[36.82579,56.58324],[37.05214,56.51552],[37.14639,56.5765],[37.15208,56.75406],[37.49893,56.78475],[37.5534,56.90562],[37.72393,56.95358],[37.94128,56.87658],[38.01125,56.77488],[38.25651,56.77023],[38.37412,56.69659],[38.2934,56.53303],[38.39335,56.45573],[38.40275,56.26424],[38.50631,56.22577],[38.59788,55.96232],[38.83942,55.9009],[39.01584,55.92522],[39.05439,55.85246],[39.32466,55.8276],[39.35815,55.76104],[39.85672,55.82561],[39.90023,55.73448],[40.08503,55.6126],[40.03593,55.51656],[40.14332,55.51392],[40.20647,55.30934],[39.72019,55.12604],[39.88917,55.08478],[39.8128,54.99747],[39.68453,55.02072],[39.48837,54.94083],[39.37913,54.8534],[39.35473,54.72886],[39.23795,54.71103],[39.23206,54.63527],[38.8204,54.60194],[38.79053,54.46376],[38.91776,54.40454],[38.73689,54.34506],[38.67509,54.24467],[38.52119,54.28883],[38.50455,54.38857],[38.38839,54.47233],[38.37722,54.51476],[38.51665,54.58592],[38.47158,54.63837],[38.04949,54.70927],[37.93859,54.83226],[37.75587,54.82317],[37.75835,54.73622],[37.67132,54.71351],[37.44767,54.83024],[37.18753,54.86789],[37.12004,54.99082],[37.21073,55.01642],[37.28368,55.14899],[37.33953,55.1186],[37.42475,55.18424],[37.46304,55.28072],[37.41125,55.32048],[37.46297,55.37902],[37.56559,55.35849],[37.65911,55.56892],[37.87842,55.71514],[37.80051,55.83765],[37.37533,55.92289],[37.43111,55.87772],[37.34824,55.74402],[37.41408,55.65986],[37.21057,55.60162],[37.17488,55.44785],[37.02385,55.44785],[37.02111,55.51924],[36.91278,55.51659],[36.91402,55.42588],[37.01446,55.30119],[36.78559,55.19058],[36.75148,55.25575],[36.59769,55.27288]],[[37.25408,55.95951],[37.29372,56.03043],[37.20193,56.05964],[37.1769,55.9908],[37.25408,55.95951]],[[36.99124,55.67998],[37.15395,55.69667],[37.16438,55.73213],[37.00167,55.73213],[36.99124,55.67998]]]}},{"type":"Feature","properties":{"id":"ru-mur","lat":67.94745,"lng":34.84971},"geometry":{"type":"MultiPolygon","coordinates":[[[[33.04593,66.57625],[33.25961,66.61839],[33.53679,66.53588],[33.04593,66.57625]]],[[[32.386,67.13231],[32.34425,67.11685],[32.34148,67.13605],[32.386,67.13231]]],[[[28.41313,68.88009],[29.17298,69.06938],[29.37679,69.30161],[29.94807,69.36559],[30.12341,69.44191],[30.23162,69.55834],[30.11907,69.63456],[30.51166,69.53633],[30.85298,69.52744],[30.92703,69.57839],[30.9277,69.67213],[30.84095,69.80584],[31.40903,69.71581],[31.29672,69.61262],[31.47779,69.69766],[31.81056,69.68773],[31.70086,69.73656],[31.71095,69.82738],[31.84815,69.85285],[32.09889,69.7919],[31.91334,69.93618],[32.05445,69.96377],[32.5232,69.80317],[33.13331,69.72866],[33.1067,69.64891],[32.87176,69.58251],[32.16969,69.65485],[32.17368,69.72866],[32.11166,69.75288],[32.10157,69.67398],[31.96827,69.6542],[32.05592,69.63654],[32.01612,69.56419],[32.3991,69.58422],[32.43385,69.56419],[32.3921,69.53685],[32.50196,69.51704],[32.19361,69.43452],[32.53688,69.50959],[32.89926,69.48225],[32.76954,69.41401],[33.08497,69.47606],[32.8235,69.30121],[32.98927,69.39354],[33.31764,69.45124],[33.52369,69.42829],[33.23512,69.27001],[33.44776,69.2884],[33.29656,69.22907],[33.5442,69.20856],[33.06056,69.08332],[33.02345,68.95474],[33.0643,69.05777],[33.42661,69.10468],[33.57618,69.19921],[33.57154,69.30415],[33.72397,69.33682],[34.42058,69.31098],[34.98227,69.22907],[34.97267,69.19334],[35.26417,69.2154],[35.14747,69.27001],[35.18263,69.27993],[35.96697,69.17682],[37.68051,68.71345],[38.06658,68.50967],[38.32984,68.44221],[38.38868,68.34317],[38.76539,68.29059],[38.5101,68.36547],[38.63917,68.38496],[39.52076,68.076],[39.85955,68.04662],[39.70981,68.16877],[39.79322,68.16474],[40.0044,68.01984],[40.41065,67.87507],[40.32154,67.84492],[40.46681,67.76118],[40.65463,67.8146],[40.80063,67.72822],[40.96583,67.72508],[41.05397,67.65314],[40.98943,67.56371],[40.99928,67.46747],[41.15008,67.42349],[41.1089,67.25381],[41.33969,67.22382],[41.39039,67.1249],[41.34254,67.08735],[41.36004,67.01362],[41.26734,66.98835],[41.3047,66.9499],[41.17807,66.80956],[40.44435,66.4055],[39.3436,66.13471],[38.55437,66.055],[37.65553,66.12311],[36.88738,66.28522],[35.55779,66.38703],[34.80356,66.61351],[34.48015,66.53758],[34.35597,66.62979],[34.50318,66.63825],[34.52166,66.65717],[34.0923,66.67243],[34.14137,66.77383],[34.06902,66.70185],[33.94728,66.68488],[33.52369,66.83071],[33.62615,66.74811],[33.52369,66.78229],[33.57154,66.74193],[33.48894,66.76862],[33.55787,66.72769],[33.48325,66.73041],[32.80486,67.01032],[32.81739,67.06342],[32.96876,67.09077],[32.38258,67.15965],[31.85092,67.15282],[32.26197,67.12499],[32.35808,67.07026],[32.31414,67.06025],[32.54982,67.00007],[32.50668,66.94892],[32.3921,66.95356],[32.49586,66.93309],[32.42018,66.88593],[32.93474,66.74193],[32.76954,66.74193],[33.31861,66.62934],[32.5936,66.58234],[32.54027,66.49222],[32.36271,66.46674],[32.3287,66.35915],[31.90155,66.35636],[31.83158,66.38468],[31.80067,66.49418],[31.65236,66.5371],[31.55532,66.65521],[31.07328,66.68415],[29.3625,66.62655],[29.08916,66.83755],[29.05154,66.9078],[29.09991,66.99121],[29.91624,67.50813],[30.00941,67.68584],[29.65119,67.82356],[29.33085,68.07269],[28.69032,68.18318],[28.44791,68.52972],[28.80148,68.83549],[28.41313,68.88009]]],[[[34.40691,69.35252],[34.02662,69.35391],[33.9756,69.36961],[34.21583,69.40778],[34.40691,69.35252]]],[[[36.85369,80.15192],[36.64625,80.14549],[36.5936,80.15876],[36.85369,80.15192]]]]}},{"type":"Feature","properties":{"id":"ru-nen","lat":67.84929,"lng":56.32297},"geometry":{"type":"MultiPolygon","coordinates":[[[[54.33855,68.27644],[54.22096,68.24519],[54.19728,68.26227],[54.32976,68.33124],[54.29656,68.31391],[54.33855,68.27644]]],[[[53.95769,68.29336],[53.88738,68.29678],[53.8532,68.33714],[53.96681,68.3581],[53.95769,68.29336]]],[[[51.4983,68.48859],[50.79249,68.3793],[51.17172,68.50145],[51.4983,68.48859]]],[[[48.76588,68.69038],[48.81235,68.69652],[49.12428,68.66767],[49.12037,68.66299],[48.76588,68.69038]]],[[[49.59848,68.81476],[49.4992,68.78559],[49.49195,68.79243],[49.59848,68.81476]]],[[[49.83953,68.90058],[49.75172,68.87743],[49.84181,68.90624],[49.83953,68.90058]]],[[[50.10768,68.96353],[50.00424,68.93073],[50.00074,68.93232],[50.10768,68.96353]]],[[[50.11346,68.99567],[50.22332,69.15396],[49.95493,69.07469],[49.85401,69.00934],[49.89234,68.98355],[49.68539,68.87897],[48.79762,68.7294],[48.59205,68.73086],[48.29054,68.86591],[48.33204,68.88581],[48.23585,68.88239],[48.26588,68.98286],[48.21168,69.00165],[48.2881,69.25617],[48.431,69.36278],[48.80633,69.49323],[49.0853,69.51704],[50.1644,69.26089],[50.32301,69.15054],[50.11346,68.99567]]],[[[44.34815,66.49966],[44.39479,66.62181],[44.56324,66.66621],[44.36402,66.78229],[44.46607,66.81973],[44.52166,66.91942],[44.3025,67.05598],[44.3777,67.10444],[43.7614,67.22114],[43.79304,67.34339],[44.03321,67.6708],[44.1517,67.69375],[44.06951,67.71442],[44.13063,67.79218],[44.08741,67.88508],[44.2684,67.92682],[44.12452,67.93427],[44.21388,67.98896],[44.13803,67.9951],[44.41179,68.06342],[44.18084,68.03608],[44.22755,68.29678],[43.27367,68.65818],[43.47729,68.66907],[43.98455,68.55134],[45.58214,68.5142],[45.94386,68.44623],[46.02931,68.32404],[46.53492,68.13255],[46.46144,68.1118],[46.54021,68.10838],[46.55763,68.01618],[46.70265,67.89167],[46.69825,67.81647],[45.35043,67.73041],[45.30307,67.69404],[45.35092,67.66303],[45.31463,67.59211],[45.02817,67.53193],[44.91212,67.37198],[45.05505,67.2838],[45.59389,67.15824],[45.82447,66.89907],[46.02516,66.8334],[46.59791,66.85798],[46.40675,66.74616],[46.58334,66.8155],[47.40984,66.92927],[47.58139,66.86986],[47.60662,66.94611],[47.74204,67.03071],[47.68946,67.19644],[47.78712,67.25153],[47.77036,67.33784],[47.94793,67.44432],[47.82472,67.56029],[47.84571,67.6009],[48.05226,67.65192],[48.09295,67.59223],[48.25571,67.68269],[48.4865,67.66429],[48.69996,67.71589],[49.1067,67.63947],[48.77784,67.72736],[48.79363,67.83124],[48.58595,67.93427],[48.84278,67.86506],[49.13331,67.86262],[50.01783,68.0913],[49.84653,68.01618],[50.00115,68.05805],[50.77882,68.3793],[51.05885,68.35139],[52.17709,68.58242],[52.21705,68.58478],[52.05177,68.49242],[52.36101,68.47492],[52.13559,68.3793],[52.24855,68.31769],[52.40203,68.33771],[52.73129,68.47419],[52.49138,68.59154],[52.63445,68.65851],[52.27906,68.5978],[52.32846,68.63345],[53.25001,68.8784],[53.87859,68.97411],[54.56129,68.9997],[53.5949,68.90693],[54.02622,68.84544],[53.865,68.79792],[53.81772,68.68915],[53.72047,68.65693],[53.90447,68.50731],[53.94435,68.40599],[53.80372,68.34455],[53.6089,68.41348],[53.57447,68.39981],[53.69117,68.34455],[53.44044,68.3725],[53.2107,68.26936],[53.99252,68.22138],[54.18491,68.32054],[54.2033,68.20954],[54.5044,68.3122],[54.69109,68.17597],[54.83188,68.17329],[54.92449,68.25267],[54.85613,68.32404],[54.9367,68.39842],[55.39291,68.56428],[55.69955,68.57657],[55.99708,68.66047],[56.5044,68.62783],[56.4935,68.58478],[56.62965,68.64204],[56.8484,68.5716],[57.32984,68.56476],[57.60401,68.74242],[57.92954,68.75104],[57.98072,68.79365],[57.95672,68.84553],[58.17115,68.88935],[58.24513,68.88841],[58.20362,68.8321],[58.26417,68.78119],[58.37794,68.75605],[58.33693,68.73558],[58.42408,68.74274],[58.28541,68.80048],[58.27052,68.8937],[58.87875,69.00312],[59.22389,68.9997],[58.89186,68.93423],[59.10548,68.90331],[59.42303,68.75702],[59.39845,68.70112],[59.20151,68.70596],[59.05641,68.61953],[59.11883,68.53168],[59.08709,68.4169],[59.67482,68.33617],[59.96388,68.46601],[59.76271,68.63874],[59.81121,68.68793],[60.46664,68.72232],[60.81886,68.89436],[60.96876,68.90693],[60.90724,68.9274],[60.94825,69.00312],[60.90268,69.12226],[60.7767,69.17719],[60.72169,69.17446],[60.71095,69.10627],[60.59132,69.1328],[60.54249,69.31558],[60.13885,69.57787],[60.2326,69.66478],[60.65357,69.67276],[60.63347,69.72492],[60.72169,69.74299],[60.70558,69.82368],[60.92661,69.8675],[61.77052,69.76203],[63.41049,69.67129],[64.54802,69.45173],[65.00441,69.30415],[64.83106,69.29442],[64.7859,69.14712],[64.93181,69.19709],[64.92319,69.26069],[65.03791,69.27105],[64.98997,69.20472],[64.52725,69.02323],[64.58017,68.95248],[64.52602,68.90654],[64.55413,68.8714],[64.78977,68.89228],[65.31491,68.80329],[65.33,68.7258],[65.41123,68.7233],[65.40834,68.66103],[65.65432,68.55618],[65.48048,68.43045],[64.55568,68.35846],[64.49408,68.31511],[64.53025,68.20013],[63.83396,68.02846],[63.94672,67.894],[63.87138,67.83596],[63.10543,67.67478],[62.87123,67.57965],[62.82131,67.38803],[61.85052,67.12614],[61.6248,67.01172],[59.91865,66.95354],[59.87193,66.971],[59.91772,67.00159],[53.77246,66.99855],[52.15519,67.08552],[51.81072,66.95421],[51.52464,66.9278],[51.48195,66.82807],[51.54924,66.79804],[51.51017,66.78326],[49.00603,66.11912],[48.13911,66.12728],[47.75319,65.9407],[47.76001,65.8436],[47.66079,65.80808],[47.11044,65.82118],[46.34749,66.02801],[45.74132,66.06791],[44.21416,66.40815],[44.34815,66.49966]]],[[[54.38673,68.77839],[54.19272,68.81371],[54.39536,68.78254],[54.38673,68.77839]]],[[[55.02223,68.92821],[54.94972,68.91747],[54.91188,68.93098],[55.02223,68.92821]]],[[[55.5066,68.91376],[55.25912,68.91291],[55.22543,68.91376],[55.36948,68.9479],[55.5066,68.91376]]],[[[54.69793,68.982],[54.64015,68.95649],[54.57081,68.96406],[54.64332,69.00934],[54.69793,68.982]]],[[[59.23048,69.15424],[59.06023,69.24262],[58.76205,69.33894],[59.15073,69.25463],[59.23048,69.15424]]],[[[60.52931,69.79759],[60.4485,69.76594],[60.47592,69.72248],[60.25408,69.68944],[59.56349,69.71503],[59.54689,69.779],[59.62371,69.80435],[59.43149,69.88947],[58.93971,69.94221],[59.13209,69.87328],[59.01596,69.85969],[58.69557,70.00283],[58.57049,70.0788],[58.59083,70.18122],[58.45297,70.19546],[58.50147,70.22956],[58.41212,70.26032],[58.82423,70.21589],[58.49464,70.33198],[58.63868,70.33198],[58.75522,70.38691],[58.74098,70.42821],[59.02361,70.4798],[59.53321,70.26488],[59.55397,70.19961],[60.41383,69.96271],[60.52931,69.79759]]]]}},{"type":"Feature","properties":{"id":"ru-ngr","lat":58.17511,"lng":31.79767},"geometry":{"type":"Polygon","coordinates":[[[34.25313,59.19851],[34.87759,59.04885],[34.83077,58.98741],[35.03944,58.91785],[35.16843,58.93325],[35.12461,58.81502],[35.21638,58.82824],[35.26568,58.76479],[35.39849,58.84354],[35.73428,58.83246],[35.82058,58.78659],[35.7749,58.75435],[36.10977,58.70329],[36.13943,58.61684],[36.23741,58.59487],[35.95143,58.42615],[35.38578,58.43054],[35.25741,58.38414],[35.26362,58.26559],[35.05267,58.19913],[34.76504,58.24027],[34.68443,58.19727],[34.67885,58.07793],[34.00416,58.21968],[33.87827,58.14575],[33.67736,58.15294],[33.53804,58.05602],[33.68604,58.00261],[33.70216,57.91548],[33.57566,57.85311],[33.5368,57.71973],[33.32492,57.65462],[33.3087,57.56553],[33.2348,57.54269],[33.29485,57.43215],[32.81198,57.46207],[32.65458,57.33273],[32.39464,57.23573],[32.25708,57.27552],[32.27672,57.19754],[31.9372,57.08401],[31.71468,57.10401],[31.67717,57.00892],[31.53795,56.93766],[30.65087,56.96722],[30.64106,57.18395],[30.77314,57.25775],[30.44117,57.36534],[30.60881,57.61741],[30.47207,57.68222],[30.51776,57.74637],[30.41296,57.77735],[30.51776,57.80722],[30.54287,57.87567],[29.93753,57.94551],[30.0013,58.03718],[29.67936,58.07728],[29.65848,58.24358],[30.16718,58.53312],[30.08956,58.63068],[30.10434,58.73507],[30.70565,58.74933],[30.72798,58.82858],[30.96197,58.97521],[31.02284,59.08105],[31.15472,59.07691],[31.30603,58.98524],[31.55748,59.2153],[31.5518,59.36806],[31.80739,59.31209],[31.9155,59.39198],[32.12407,59.39433],[32.31041,59.2584],[32.30235,59.20006],[32.58399,59.18052],[32.65323,59.12471],[32.7601,59.20068],[32.73685,59.2723],[33.0099,59.42999],[33.25588,59.32325],[33.3398,59.32088],[33.35428,59.37772],[33.52026,59.37297],[33.99992,59.14879],[34.25313,59.19851]]]}},{"type":"Feature","properties":{"id":"ru-niz","lat":56.28186,"lng":44.31639},"geometry":{"type":"Polygon","coordinates":[[[46.03443,55.02486],[45.68686,54.99437],[45.76995,55.0384],[45.74039,55.07728],[45.78204,55.1172],[45.73512,55.17219],[45.60469,55.16382],[45.57131,55.08527],[45.48987,55.09271],[45.43912,55.03323],[45.42444,54.88177],[45.25877,54.87029],[45.19624,54.751],[45.15169,54.7965],[45.05475,54.75185],[45.09144,54.65889],[45.02137,54.57698],[45.13226,54.5044],[44.9301,54.47456],[44.76298,54.51936],[44.60723,54.47104],[44.67007,54.53807],[44.63834,54.57936],[44.43794,54.53843],[44.1009,54.64917],[44.10959,54.72581],[43.9465,54.73759],[43.94908,54.80699],[43.72532,54.81986],[43.58776,54.90786],[43.24948,54.93541],[43.15016,54.89928],[43.07999,54.78642],[42.61676,54.78585],[42.46679,54.8713],[42.47248,55.00522],[42.16666,54.94905],[41.96481,55.00181],[41.98744,55.08651],[41.85412,55.06098],[41.78167,55.11235],[41.88564,55.17002],[41.85867,55.24092],[41.95406,55.27771],[41.93298,55.32985],[42.134,55.44209],[42.06837,55.48127],[42.04036,55.6087],[42.11653,55.61294],[42.10661,55.66384],[42.2634,55.76471],[42.39186,55.78264],[42.57542,55.97558],[42.64477,55.95165],[42.6983,56.13042],[42.9479,56.16872],[42.75473,56.22013],[42.76083,56.30607],[42.58792,56.42023],[42.63867,56.47903],[42.88186,56.47159],[42.83018,56.53262],[42.90449,56.64223],[42.78657,56.66905],[42.82997,56.80227],[43.50125,56.90645],[43.68036,57.05797],[43.50094,57.12241],[43.53856,57.26178],[43.67664,57.26849],[43.69804,57.33743],[43.86206,57.36577],[43.70703,57.42466],[43.72739,57.46579],[44.06287,57.45339],[44.41334,57.56527],[44.56682,57.69565],[44.73787,57.70578],[44.86458,57.87983],[44.79203,57.96132],[44.86262,58.07542],[45.46206,58.03532],[45.56294,57.93509],[45.82824,58.04922],[46.34128,58.07465],[46.44257,58.01956],[47.35425,58.0255],[47.73924,57.93649],[47.76228,57.876],[47.56622,57.80304],[47.47104,57.52853],[47.26051,57.56912],[47.03675,57.4946],[46.74901,57.52186],[46.7981,57.46192],[46.68018,57.35133],[46.84482,57.22906],[46.73434,57.19992],[46.74643,56.97032],[45.95857,56.87208],[45.92178,56.65225],[45.64448,56.58401],[45.66267,56.46092],[45.94896,56.43322],[45.94327,56.31811],[45.87351,56.30488],[45.87382,56.25884],[46.06771,56.18192],[46.0922,56.05637],[46.21395,56.04981],[46.09882,55.94077],[46.1352,55.89641],[46.09376,55.80796],[45.92012,55.68805],[46.11877,55.53041],[46.38676,55.45155],[46.22016,55.35698],[46.22656,55.26526],[46.09789,55.20418],[46.03443,55.02486]]]}},{"type":"Feature","properties":{"id":"ru-nvs","lat":55.32378,"lng":80.01435},"geometry":{"type":"Polygon","coordinates":[[[76.6646,54.13406],[76.83772,54.29689],[76.75297,54.37668],[76.91048,54.45461],[76.67277,54.43647],[76.62305,54.35591],[76.4765,54.32314],[76.21481,54.34221],[76.1838,54.25157],[75.69123,54.11314],[75.68502,54.53052],[75.82414,54.59088],[75.80212,54.69018],[75.70848,54.68953],[75.65805,54.80368],[75.49951,54.83665],[75.52917,54.90352],[75.33745,54.91892],[75.39429,55.03742],[75.25477,55.13689],[75.25714,55.26577],[75.09746,55.38179],[75.32257,55.53211],[75.13643,55.59707],[75.23399,55.65973],[75.09436,55.76321],[75.35212,55.76786],[75.31109,55.89034],[75.76316,56.14122],[76.31899,56.1913],[76.11084,56.32359],[76.08014,56.40911],[76.13058,56.45175],[75.84625,56.46208],[76.28416,56.7262],[76.10867,57.25025],[78.44434,57.16132],[78.44765,57.12189],[79.5898,56.92857],[80.24857,56.45472],[81.12232,56.53262],[81.55743,56.25827],[82.76108,56.41129],[82.83436,56.44875],[82.81472,56.52363],[82.9959,56.50787],[83.08509,56.55272],[83.25572,56.4394],[83.14927,56.37863],[83.20157,56.33894],[83.06969,56.23393],[83.21821,56.2084],[83.11826,56.13663],[83.28559,56.10381],[83.23092,56.04123],[83.40734,55.90062],[83.289,55.84796],[83.22782,55.74864],[83.29469,55.68244],[83.4029,55.7352],[83.40858,55.68203],[83.64495,55.7012],[83.76887,55.87287],[83.90954,55.91318],[83.96969,56.01467],[84.21763,56.05513],[84.34744,55.98403],[84.41038,56.04407],[84.53358,56.03885],[84.57182,55.96271],[84.50113,55.95447],[84.50629,55.86822],[84.60562,55.84073],[84.63135,55.76848],[84.55125,55.72265],[84.70132,55.66906],[84.77098,55.53981],[84.72178,55.49971],[84.76106,55.45463],[84.63507,55.40874],[84.87547,55.38853],[84.82255,55.24624],[84.91578,55.16526],[84.8826,54.98528],[85.07608,54.86828],[84.94048,54.73139],[85.04332,54.66232],[84.94834,54.60411],[85.07939,54.46939],[84.69326,54.33741],[84.53193,54.16972],[84.44594,54.13982],[84.26559,54.21571],[83.9053,54.09535],[83.91212,54.13995],[83.56785,54.12641],[83.48837,54.08238],[83.50171,53.99319],[83.4061,53.94058],[83.29489,54.083],[83.18968,54.06538],[82.73297,53.7869],[82.76345,53.75796],[82.54321,53.55565],[82.60078,53.50681],[82.48554,53.46862],[82.17393,53.60153],[82.20514,53.69788],[82.11306,53.66122],[81.83483,53.71305],[81.7261,53.84054],[81.84692,53.89976],[81.85457,53.96864],[81.71442,53.99898],[81.55402,53.93503],[81.58172,54.01665],[81.47361,54.07169],[81.11622,54.14199],[80.92481,54.39606],[80.80171,54.33017],[80.83861,54.25713],[80.58509,54.20253],[80.48793,54.10957],[80.20557,54.04285],[80.12847,54.07515],[79.86647,53.93247],[79.86244,53.85769],[79.67393,53.82938],[79.57151,53.73274],[78.66562,53.65605],[78.60257,53.61606],[78.62221,53.52573],[78.37664,53.4881],[78.24559,53.49994],[78.20446,53.61192],[77.96375,53.57657],[77.92633,53.50004],[78.0577,53.46516],[77.93605,53.4449],[77.93698,53.38925],[77.78466,53.32744],[76.52569,53.96131],[76.37439,54.14775],[76.6646,54.13406]]]}},{"type":"Feature","properties":{"id":"ru-oms","lat":56.05277,"lng":73.24312},"geometry":{"type":"MultiPolygon","coordinates":[[[[70.72171,55.96098],[70.77018,55.95007],[70.70052,55.95395],[70.72171,55.96098]]],[[[71.04701,54.74906],[70.94593,54.88792],[70.97714,55.07798],[70.79318,55.23317],[70.82036,55.29415],[70.46859,55.28546],[70.47501,55.42411],[70.69163,55.50876],[70.74713,55.5903],[70.55603,55.67019],[70.54901,55.72621],[70.59407,55.80166],[70.76563,55.83804],[70.47552,55.87649],[70.76222,55.90351],[70.85504,55.97372],[70.90991,56.13182],[70.82785,56.15957],[70.84945,56.24225],[70.76842,56.28881],[70.92749,56.347],[70.93865,56.40426],[70.77432,56.45965],[71.05306,56.5444],[71.10691,56.63902],[71.04479,56.69468],[71.35702,56.67112],[71.41531,56.73274],[71.5567,56.7322],[71.67328,56.83777],[71.61768,56.95285],[71.37118,57.06375],[71.22421,57.20162],[71.09244,57.22416],[71.14432,57.25806],[71.09833,57.33914],[70.80005,57.31906],[70.75406,57.27128],[70.7768,57.20943],[70.61236,57.20059],[70.65474,57.25795],[70.49816,57.29826],[70.43201,57.38378],[70.68647,57.51884],[70.69019,57.5678],[70.57991,57.58357],[70.57257,57.69725],[70.43294,57.7788],[70.38395,57.92231],[70.86465,58.53462],[71.07735,58.52242],[71.12809,58.44796],[71.30162,58.38509],[71.24498,58.34094],[71.24943,58.07646],[71.98892,58.12271],[72.14912,58.02623],[72.86122,58.01052],[73.08735,58.14632],[74.20625,58.13356],[74.61356,58.29427],[75.10521,58.58102],[75.30293,58.48692],[75.06914,58.3429],[75.2219,58.22208],[75.08041,58.11873],[75.55738,57.9314],[75.58394,57.66191],[75.72709,57.59886],[75.85855,57.39908],[75.9925,57.38487],[76.10867,57.25025],[76.28478,56.7368],[75.84625,56.46208],[76.13864,56.4471],[76.08107,56.41366],[76.11084,56.32359],[76.31382,56.18533],[75.76316,56.14122],[75.31109,55.89034],[75.35212,55.76786],[75.08692,55.75406],[75.23399,55.65973],[75.13643,55.59707],[75.32102,55.54049],[75.09746,55.38179],[75.25714,55.26577],[75.25477,55.13689],[75.39429,55.03742],[75.33745,54.91892],[75.53547,54.90024],[75.49951,54.83665],[75.64999,54.80927],[75.7029,54.69377],[75.79448,54.6994],[75.83034,54.6146],[75.68502,54.53052],[75.69123,54.11314],[75.3607,54.05954],[75.43398,53.98653],[75.02791,53.80793],[74.772,53.83088],[74.61646,53.6807],[74.45347,53.68499],[74.42081,53.60309],[74.45688,53.56976],[74.38836,53.46222],[74.2233,53.59461],[74.07685,53.56619],[74.05804,53.62458],[73.90415,53.63916],[73.6529,53.60918],[73.41095,53.43002],[73.34718,53.45937],[73.39121,53.52025],[73.2306,53.57234],[73.22967,53.66241],[73.43782,53.8085],[73.39121,53.82824],[73.43183,53.86545],[73.68287,53.87413],[73.74065,54.05794],[73.60153,54.07122],[73.51802,53.95604],[73.36031,53.93841],[73.06275,53.97908],[72.94204,54.12176],[72.62423,54.13499],[72.5031,54.05086],[72.65616,54.04254],[72.70019,53.95764],[72.55684,53.97722],[72.3922,53.90823],[72.41866,54.01603],[72.35841,54.09298],[72.48295,54.13561],[72.29856,54.1784],[72.3244,54.25348],[72.18477,54.35684],[72.04318,54.37803],[72.10302,54.31157],[72.06674,54.22238],[72.16999,54.19685],[72.17764,54.13597],[72.09951,54.13189],[71.98365,54.23157],[71.76247,54.24765],[71.64723,54.10858],[71.47711,54.10967],[71.45314,54.18135],[71.32059,54.20103],[71.16127,54.10197],[70.97084,54.30501],[71.19062,54.31818],[71.14122,54.56375],[71.26467,54.66173],[71.04701,54.74906]]],[[[70.77835,56.03968],[70.78021,55.99591],[70.73897,56.00072],[70.77835,56.03968]]]]}},{"type":"Feature","properties":{"id":"ru-ore","lat":52.42686,"lng":53.5278},"geometry":{"type":"Polygon","coordinates":[[[60.02978,51.99261],[59.98572,51.95228],[60.06076,51.85867],[60.13806,51.88887],[60.47975,51.78426],[60.37588,51.66253],[60.9374,51.61117],[61.02938,51.48267],[61.4738,51.4258],[61.56299,51.29553],[61.66366,51.2584],[61.53416,51.20607],[61.40403,50.80259],[60.71849,50.65267],[60.30043,50.68466],[60.17672,50.74218],[60.1362,50.8445],[60.02128,50.85406],[59.81571,50.56291],[59.52281,50.47465],[59.4517,50.53728],[59.56342,50.57986],[59.43764,50.63112],[58.92594,50.67815],[58.74776,50.79509],[58.66436,50.78992],[58.641,50.86341],[58.55015,50.89328],[58.59501,51.02337],[58.37797,51.07066],[58.30841,51.15003],[58.16764,51.05518],[57.7688,51.11967],[57.7224,50.90873],[57.5559,50.91875],[57.46763,50.8585],[57.33431,50.89741],[57.15447,51.09996],[56.71605,51.07247],[56.68835,50.96914],[56.47834,51.07303],[56.31546,50.88382],[56.15836,50.90552],[56.07888,50.72476],[55.65999,50.53004],[55.46776,50.65696],[55.30539,50.66497],[55.08401,50.7969],[55.04773,50.88423],[54.63825,51.02769],[54.53376,51.00324],[54.50296,50.92826],[54.63825,50.88573],[54.67628,50.60254],[54.49944,50.52327],[54.37976,50.61944],[54.47857,50.85349],[54.27579,50.90428],[54.14536,50.99265],[54.11156,51.096],[53.93586,51.18561],[53.67386,51.21987],[53.59407,51.28943],[53.6103,51.38842],[53.40731,51.48417],[53.16578,51.51456],[52.94429,51.45288],[52.77976,51.50812],[52.54581,51.45952],[52.30779,51.77454],[52.09179,51.65871],[51.86916,51.67307],[51.76473,51.59331],[51.7823,51.49285],[51.69331,51.4541],[51.58432,51.53492],[51.30424,51.47164],[51.23654,51.5359],[51.35896,51.56148],[51.37193,51.62959],[51.23385,51.68548],[50.92545,51.67969],[50.76701,51.7594],[51.41519,52.10271],[51.4526,52.21934],[51.41291,52.35003],[51.56267,52.44729],[51.4712,52.52739],[51.47544,52.57646],[51.54583,52.57426],[51.53983,52.67694],[51.727,52.66438],[51.77206,52.79626],[51.72804,52.86949],[52.05246,52.99341],[52.06352,53.07547],[52.15788,53.10257],[52.05856,53.13913],[52.12843,53.17386],[52.19261,53.37517],[52.07995,53.5141],[52.25348,53.65435],[52.41254,53.92735],[52.37554,53.98045],[52.48468,54.05851],[52.39652,54.12796],[52.27116,54.1184],[52.34857,54.21741],[52.20367,54.29865],[52.50566,54.32247],[52.53853,54.37725],[52.92538,54.31051],[52.889,54.28273],[52.93603,54.26847],[53.05912,54.33431],[53.10749,54.24703],[52.9384,54.2138],[53.08785,54.11489],[53.06718,54.0735],[53.25849,54.07135],[53.37166,53.96916],[53.47046,54.04574],[53.65991,53.74628],[53.87798,53.65802],[54.09378,53.42444],[54.5196,53.35979],[54.56363,53.26383],[54.63959,53.23742],[54.82232,53.27303],[54.9266,53.21954],[55.16183,52.82318],[55.40667,52.83711],[55.42187,52.78691],[55.35376,52.76536],[55.42021,52.71285],[55.28524,52.73265],[55.24906,52.6478],[55.41164,52.65761],[55.45515,52.59043],[55.54496,52.59384],[55.49504,52.52532],[55.53576,52.38869],[55.86132,52.3735],[55.93057,52.51504],[56.07764,52.60361],[56.05428,52.64475],[56.2706,52.55421],[56.42791,52.59514],[56.35959,52.50212],[56.44341,52.42571],[56.45137,52.30882],[56.19092,52.17268],[56.32455,52.12276],[56.45643,52.19687],[56.41984,52.16131],[56.62169,52.1238],[56.5879,52.06059],[56.68288,52.05181],[56.65073,51.96034],[56.73714,51.90518],[56.61952,51.88846],[56.60795,51.822],[56.75378,51.76883],[56.71461,51.72098],[56.78013,51.5922],[56.88969,51.62476],[56.79935,51.75209],[56.99552,51.7309],[57.02022,51.66537],[57.19768,51.5721],[57.39281,51.64811],[57.42237,51.72506],[57.63331,51.76475],[57.67796,51.86846],[58.09168,51.79456],[58.15979,51.73922],[58.54478,51.77123],[58.69423,52.04876],[58.60607,52.18054],[58.69051,52.26529],[58.93969,52.2934],[58.8135,52.36264],[58.86734,52.45246],[59.17502,52.27738],[59.2728,52.49413],[59.68497,52.42802],[59.80961,52.49685],[59.93663,52.42956],[60.13683,52.42925],[60.14954,52.27756],[59.91369,52.10044],[60.02978,51.99261]],[[52.22909,53.35488],[52.30051,53.38015],[52.25048,53.39493],[52.22909,53.35488]]]}},{"type":"Feature","properties":{"id":"ru-orl","lat":52.81319,"lng":36.35981},"geometry":{"type":"Polygon","coordinates":[[[37.84103,53.00855],[37.79493,52.91209],[37.84351,52.88209],[37.79049,52.84525],[37.87441,52.78112],[37.77747,52.72298],[37.80868,52.64061],[37.71184,52.61302],[37.81064,52.55876],[37.77819,52.51111],[37.90376,52.48057],[37.87937,52.43039],[38.03843,52.34451],[38.01704,52.25175],[37.77757,52.16149],[37.74708,52.0169],[37.68259,51.97471],[37.48074,52.00949],[37.35351,51.93616],[37.1866,52.07915],[36.82021,52.12028],[36.4931,52.24035],[36.33776,52.37034],[35.65295,52.24828],[35.55652,52.4321],[35.10507,52.33024],[34.8346,52.39083],[34.90229,52.49364],[34.99273,52.51532],[34.99293,52.65413],[35.09153,52.69797],[34.79615,52.8645],[34.97082,52.97279],[35.15148,52.96033],[35.13453,53.01237],[35.31364,53.06219],[35.109,53.14518],[35.10352,53.31078],[35.3557,53.28424],[35.45285,53.44371],[35.64705,53.54758],[35.77242,53.51978],[35.9106,53.64404],[36.09829,53.55585],[36.23162,53.57415],[36.39802,53.42852],[36.66684,53.41586],[36.80729,53.29662],[37.19693,53.2507],[37.34018,53.30724],[37.56063,53.29623],[37.58585,53.13541],[37.71256,53.13151],[37.84103,53.00855]]]}},{"type":"Feature","properties":{"id":"ru-per","lat":58.90816,"lng":56.42421},"geometry":{"type":"Polygon","coordinates":[[[54.96836,56.32044],[54.93022,56.38653],[54.55918,56.53841],[54.41965,56.33765],[54.35248,56.35852],[54.31785,56.45128],[54.24499,56.43185],[54.04107,56.59251],[54.0758,56.66882],[53.8446,56.63809],[53.87282,56.69809],[53.82166,56.79948],[54.04572,56.75302],[54.09523,56.79783],[54.09864,56.96593],[54.39981,57.04288],[54.27672,57.10365],[54.32312,57.13837],[54.3193,57.2864],[54.11921,57.30927],[54.26359,57.46404],[54.18101,57.46579],[54.17636,57.55592],[54.09151,57.5215],[53.99002,57.57323],[54.11662,57.61571],[54.07859,57.67503],[54.15631,57.70625],[54.09936,57.97166],[53.81018,58.22813],[53.88605,58.3191],[53.78559,58.40243],[53.70466,58.59498],[53.77091,58.71585],[53.92201,58.78282],[53.72492,58.92586],[53.87654,59.0928],[53.40266,59.14957],[53.20578,59.364],[53.35429,59.50081],[53.42313,59.68421],[53.59211,59.7085],[53.7029,60.01107],[53.60761,60.14274],[53.45723,60.2048],[53.35812,60.16646],[52.29782,60.24159],[52.32387,60.43213],[52.13845,60.47285],[52.1338,60.54685],[51.77661,60.60072],[51.88978,60.87582],[52.35477,60.84391],[52.43063,60.97788],[52.78978,60.94889],[52.87649,61.09384],[53.37207,61.02896],[53.35398,60.89344],[53.80398,60.84985],[53.85349,60.98021],[54.97952,60.86383],[55.0621,61.00899],[55.19904,61.00946],[55.28751,61.12123],[55.7157,61.08826],[55.83022,61.24895],[56.28735,61.20942],[56.3908,61.42023],[56.53818,61.43119],[56.67574,61.52234],[58.8107,61.50896],[59.34866,61.68218],[59.4178,61.42896],[59.3068,61.36845],[59.25657,61.24443],[59.35682,61.15105],[59.37295,60.97049],[59.46948,60.94124],[59.3901,60.58261],[59.16438,60.36686],[59.18691,60.27069],[59.04563,60.11323],[59.05141,60.043],[58.95126,59.99505],[58.99953,59.9313],[58.67511,59.85924],[58.58188,59.71584],[58.45104,59.70504],[58.40029,59.54683],[58.31089,59.46805],[58.51853,59.4373],[58.66953,59.29323],[59.17399,59.16838],[59.0911,59.02198],[59.18122,58.95299],[59.06671,58.89046],[59.08273,58.76933],[59.42535,58.67466],[59.38855,58.59012],[59.44891,58.4833],[58.99726,58.20335],[58.83913,58.20102],[58.60555,58.01625],[58.75583,57.84836],[58.86042,57.83394],[58.85277,57.7479],[58.52318,57.57612],[58.44484,57.59721],[58.43646,57.67596],[58.16258,57.68351],[58.12176,57.56083],[58.05302,57.60511],[57.9753,57.54093],[57.93799,57.33195],[58.03856,57.23651],[57.98905,57.1931],[58.10511,57.12706],[58.02305,57.11401],[58.07194,57.05063],[57.88218,57.06773],[57.74917,56.93492],[57.55962,56.88831],[57.33834,56.92464],[57.21866,56.85302],[57.42578,56.65913],[57.35395,56.60729],[57.31746,56.37335],[57.40841,56.32912],[57.26703,56.30191],[57.16564,56.15957],[56.86405,56.1081],[56.73765,56.22298],[56.64557,56.2223],[56.50222,56.31961],[56.55823,56.36023],[56.52847,56.3833],[56.06452,56.29134],[55.91362,56.46635],[55.41215,56.3346],[55.22436,56.36416],[55.17237,56.31775],[54.96836,56.32044]]]}},{"type":"Feature","properties":{"id":"ru-pnz","lat":53.14349,"lng":44.74505},"geometry":{"type":"Polygon","coordinates":[[[42.11312,53.52511],[42.08749,53.73631],[42.13441,53.81217],[42.30773,53.84746],[42.53532,53.73083],[42.51,53.80132],[42.57418,53.83103],[42.57325,53.76],[42.7197,53.81119],[42.73799,53.75615],[42.77137,53.82845],[43.16132,53.83056],[43.16008,53.89816],[43.10634,53.90922],[43.12805,53.97262],[43.29672,54.01572],[43.75178,53.96322],[43.91043,53.89377],[43.87694,53.80969],[43.98918,53.75465],[44.19878,53.76328],[44.55566,53.66135],[44.73642,53.70463],[44.6463,53.77493],[44.61653,53.89154],[44.87119,53.96735],[45.17619,53.97877],[45.33928,53.88488],[45.71393,53.91934],[45.79155,54.00389],[45.85356,53.96704],[45.97087,54.00487],[46.20651,53.9187],[46.19256,53.85025],[46.28279,53.80106],[46.27142,53.75731],[46.4988,53.62396],[46.49363,53.51089],[46.68018,53.47645],[46.90177,53.34078],[46.94425,53.26853],[46.87438,53.18668],[46.96957,53.17836],[46.90177,52.88179],[46.98321,52.77128],[46.83552,52.71301],[46.83066,52.61627],[46.61465,52.66604],[46.59016,52.73099],[46.28878,52.67188],[46.27628,52.6186],[45.9749,52.4922],[46.01273,52.4615],[45.98058,52.40716],[45.64438,52.51855],[45.43147,52.4005],[45.13991,52.42052],[45.03284,52.32089],[44.84877,52.4498],[44.54811,52.5524],[44.50026,52.52121],[44.53726,52.42636],[44.42192,52.41582],[44.34668,52.31614],[43.74703,52.43344],[43.35273,52.39251],[43.17528,52.46212],[43.07957,52.40275],[43.00144,52.5032],[43.09611,52.51457],[43.04164,52.56059],[43.23698,52.65069],[43.2099,52.69921],[42.9202,52.96269],[42.54514,53.12048],[42.51185,53.1665],[42.55537,53.20714],[42.35424,53.36822],[42.25265,53.3708],[42.31218,53.44041],[42.11312,53.52511]]]}},{"type":"Feature","properties":{"id":"ru-pri","lat":45.40504,"lng":135.1589},"geometry":{"type":"MultiPolygon","coordinates":[[[[132.46746,42.81094],[132.40154,42.83198],[132.4275,42.8959],[132.44728,42.87678],[132.46746,42.81094]]],[[[131.924,43.00585],[131.88331,42.96076],[131.75701,42.99006],[131.77752,43.04462],[131.85939,43.03726],[131.82651,43.06517],[131.924,43.00585]]],[[[133.88085,46.35366],[133.93387,46.39076],[133.84581,46.47065],[133.92033,46.59034],[134.41932,46.68015],[134.46821,46.77611],[134.41074,46.86009],[134.44454,46.94737],[134.53725,46.95677],[134.72669,47.12245],[134.99872,47.11671],[135.10858,47.19169],[135.30909,47.14436],[135.30474,47.09775],[135.42329,47.04059],[135.36727,46.91641],[135.74585,46.94856],[135.71588,46.90344],[135.9415,46.78975],[136.06862,46.85104],[136.26365,46.765],[136.45113,46.81017],[136.57722,46.77746],[136.97834,47.01568],[136.93245,47.06178],[136.94981,47.15591],[137.06546,47.29487],[137.45242,47.19836],[137.6031,47.30342],[137.81611,47.35427],[138.0868,47.51661],[138.06644,47.58278],[137.97228,47.59766],[138.05021,47.6759],[137.44032,47.78204],[137.60517,47.89827],[137.41686,47.97795],[137.31547,48.09029],[137.43588,48.19871],[137.88557,48.22067],[138.16514,48.32294],[138.18064,48.38402],[138.3056,48.44459],[138.48512,48.40663],[138.543,48.1892],[138.70784,48.18879],[138.72242,48.13613],[138.62651,48.12109],[138.57948,48.02188],[138.82556,47.8609],[138.81626,47.76977],[138.51261,47.66345],[138.64273,47.60567],[138.5923,47.54291],[138.62247,47.51002],[138.55157,47.47661],[138.85616,47.4663],[139.02638,47.38943],[138.56276,47.02993],[138.34913,46.66425],[138.34457,46.54873],[138.2024,46.45433],[138.03403,46.15595],[137.14454,45.37466],[136.8108,45.19318],[136.44361,44.7851],[136.35458,44.7888],[136.16529,44.49653],[135.8379,44.3627],[135.81943,44.2906],[135.65585,44.16869],[135.62403,44.03848],[135.54127,44.00397],[135.51197,43.9217],[135.46363,43.94965],[135.51881,43.88076],[135.42579,43.76317],[135.2754,43.68895],[135.18222,43.71064],[135.22389,43.6446],[135.12843,43.50056],[134.1937,43.07978],[133.92677,42.88272],[133.83961,42.89761],[133.7173,42.81664],[133.59335,42.85285],[133.15772,42.68842],[133.02443,42.69937],[132.99635,42.72256],[133.07887,42.74982],[132.98976,42.82697],[132.81593,42.75641],[132.76344,42.90815],[132.57789,42.8404],[132.40439,42.94229],[132.31153,42.84544],[132.29111,43.08564],[132.38168,43.19123],[132.30771,43.23819],[132.3458,43.29792],[132.28956,43.31257],[131.92994,43.06957],[131.88648,43.08564],[131.92067,43.12043],[131.84986,43.10049],[132.05201,43.31477],[131.96835,43.27058],[131.81568,43.33674],[131.72267,43.20978],[131.76393,43.18586],[131.64698,43.16885],[131.69467,43.17499],[131.56495,42.99628],[131.39389,42.94501],[131.4004,42.87336],[131.47169,42.87324],[131.35202,42.77433],[131.27313,42.77733],[131.21955,42.55471],[131.12035,42.66719],[130.88966,42.5996],[130.81548,42.63417],[130.94971,42.65312],[130.78698,42.65376],[130.82546,42.69932],[130.65667,42.66408],[130.87289,42.52766],[130.67288,42.31114],[130.53077,42.53048],[130.57191,42.62182],[130.37967,42.69667],[130.58648,42.81726],[130.79432,42.86906],[130.99245,42.84873],[131.10304,42.91043],[131.07834,43.03182],[131.18396,43.12081],[131.16908,43.2017],[131.28091,43.38022],[131.27429,43.4512],[131.16071,43.53277],[131.2067,43.97478],[131.26447,44.05421],[131.06583,44.68203],[130.93343,44.84171],[131.05157,44.90904],[131.43376,44.96129],[131.60905,45.0897],[131.62776,45.19848],[131.72315,45.21533],[131.85307,45.3376],[131.96882,45.23398],[132.92122,45.0279],[133.02385,45.05834],[133.12524,45.14133],[133.14022,45.43542],[133.18921,45.50415],[133.47726,45.62771],[133.47726,45.8201],[133.65813,45.93451],[133.72003,46.06375],[133.68737,46.14184],[133.90245,46.25899],[133.88085,46.35366]]]]}},{"type":"Feature","properties":{"id":"ru-psk","lat":57.28135,"lng":29.26572},"geometry":{"type":"Polygon","coordinates":[[[27.82774,57.30495],[27.51132,57.4304],[27.52817,57.52848],[27.35293,57.5276],[27.32854,57.57057],[27.39143,57.6802],[27.50776,57.71477],[27.5246,57.8073],[27.79932,57.86107],[27.66496,57.9184],[27.63044,58.08829],[27.49535,58.22146],[27.55489,58.39525],[27.41061,58.75486],[27.47779,58.87543],[27.87316,59.01438],[28.12245,58.99258],[28.27996,58.85202],[28.97873,58.8115],[29.25695,58.69482],[29.30346,58.64513],[29.24827,58.62329],[29.55936,58.53359],[29.54583,58.47705],[29.97505,58.44465],[29.65848,58.24358],[29.68132,58.07335],[30.0013,58.03718],[29.93753,57.94551],[30.54287,57.87567],[30.51776,57.80722],[30.41296,57.77735],[30.51776,57.74637],[30.47207,57.68222],[30.60881,57.61741],[30.44117,57.36534],[30.77314,57.25775],[30.64106,57.18395],[30.65087,56.96722],[31.0001,56.9652],[30.89634,56.89668],[30.88734,56.80459],[30.78079,56.77431],[30.87939,56.65525],[31.06067,56.67778],[31.01602,56.47996],[31.20278,56.44591],[31.23616,56.34349],[31.49155,56.30129],[31.51056,56.05244],[31.34468,55.96403],[31.46736,55.729],[31.20588,55.71789],[31.04734,55.76853],[30.90712,55.57777],[30.74218,55.59439],[30.46882,55.79352],[30.20025,55.85799],[29.90782,55.84321],[29.48087,55.6811],[29.35074,55.76606],[29.38413,55.87995],[29.44443,55.90693],[29.37741,55.95403],[29.03076,56.02418],[28.73192,55.94679],[28.62071,56.08299],[28.53782,56.09771],[28.28983,56.04661],[28.14891,56.14241],[28.21728,56.27073],[28.09325,56.50159],[28.13221,56.53598],[27.86546,56.74269],[27.91352,56.82015],[27.7864,56.87126],[27.62837,56.84415],[27.75074,57.04236],[27.68222,57.1037],[27.84117,57.21121],[27.82774,57.30495]]]}},{"type":"Feature","properties":{"id":"ru-ros","lat":48.07862,"lng":40.94487},"geometry":{"type":"Polygon","coordinates":[[[39.89134,49.04176],[40.14166,49.24578],[40.15954,49.33358],[40.0349,49.48706],[40.1185,49.58845],[40.1981,49.62671],[40.49048,49.59485],[40.88477,49.6903],[41.02926,49.79422],[41.10998,49.97245],[41.35048,50.08356],[41.28051,50.16459],[41.36205,50.22634],[41.59139,50.0511],[41.61672,49.96217],[41.87613,49.90042],[42.11508,49.75035],[42.18051,49.67392],[42.07198,49.50178],[42.09235,49.28867],[42.03426,49.26102],[42.07064,49.15188],[42.3438,49.15214],[42.39259,49.05308],[42.66275,48.9673],[42.74543,48.79687],[42.65314,48.7101],[42.70089,48.61822],[42.62864,48.54805],[42.27652,48.49797],[42.07788,48.41126],[42.1465,48.28718],[42.04945,48.2599],[42.09896,48.16094],[42.02062,48.03748],[42.49191,48.01361],[42.73096,47.8516],[42.95534,47.51033],[43.08112,47.57751],[43.15326,47.56733],[43.15605,47.49527],[43.22571,47.45015],[43.73152,47.47661],[43.80232,47.28254],[43.93916,47.2689],[43.97368,47.39339],[44.11641,47.41845],[44.12085,47.54221],[44.24457,47.56932],[44.25056,47.50888],[44.33397,47.47524],[44.32756,47.11077],[44.26245,46.90013],[44.07259,46.82774],[43.81431,46.58005],[43.92645,46.52832],[43.96644,46.33976],[43.86175,46.29183],[43.77297,46.40792],[43.61938,46.19728],[43.35563,46.17235],[42.92837,46.43562],[42.60994,46.40756],[42.40933,46.52494],[42.16852,46.57871],[42.03426,46.54326],[42.20634,46.31702],[41.96305,46.28911],[41.85691,46.15501],[41.73681,46.21284],[41.65919,46.17832],[41.71263,45.996],[41.16238,45.95355],[41.12589,46.06789],[40.95464,46.19341],[40.99825,46.29438],[40.9133,46.23475],[40.75661,46.23253],[40.72819,46.28074],[40.33948,46.27989],[40.23675,46.34598],[40.28222,46.44321],[40.20636,46.53003],[40.04596,46.54783],[40.13153,46.72227],[40.02343,46.76485],[39.44351,46.8089],[39.23805,46.76924],[39.16777,46.61855],[38.88448,46.63478],[38.8604,46.58798],[38.84924,46.71255],[38.91145,46.81497],[38.69049,46.82148],[38.67353,46.86295],[39.07521,47.03266],[39.28004,47.01276],[39.30356,47.0847],[39.38868,47.11518],[39.28004,47.08784],[39.26401,47.26081],[39.08814,47.28644],[38.94459,47.25275],[38.93776,47.18977],[38.84742,47.16356],[38.47804,47.14248],[38.55991,47.21821],[38.77564,47.24551],[38.81039,47.28783],[38.5534,47.2298],[38.42791,47.13353],[38.21664,47.10326],[38.20349,47.19231],[38.30095,47.27603],[38.18871,47.30099],[38.27439,47.52785],[38.35294,47.6071],[38.73451,47.67714],[38.79621,47.81992],[38.87724,47.86124],[39.75905,47.83295],[39.79615,47.96136],[39.75988,48.01495],[39.84297,48.0364],[39.84308,48.11975],[39.99325,48.27323],[39.81589,48.30816],[39.9241,48.37612],[39.83532,48.57347],[39.63172,48.58691],[39.77941,48.80772],[39.97527,48.78968],[40.05278,48.84973],[39.75874,48.89541],[39.67399,48.97014],[39.69828,49.02838],[39.89134,49.04176]]]}},{"type":"Feature","properties":{"id":"ru-rya","lat":54.30346,"lng":40.58399},"geometry":{"type":"MultiPolygon","coordinates":[[[[39.9179,53.41622],[39.88566,53.51927],[39.72732,53.59239],[39.51152,53.52536],[39.48362,53.43183],[39.16498,53.39199],[39.04767,53.54712],[38.89543,53.56521],[38.91497,53.60913],[38.86567,53.62864],[38.92169,53.73277],[38.80696,53.77238],[38.79332,53.88105],[38.84428,53.9363],[38.71374,54.00125],[38.69627,54.08977],[38.76387,54.13481],[38.74568,54.18331],[38.67188,54.17742],[38.73689,54.34506],[38.91776,54.40454],[38.79053,54.46376],[38.8204,54.60194],[39.23206,54.63527],[39.23795,54.71103],[39.35473,54.72886],[39.37913,54.8534],[39.48837,54.94083],[39.68453,55.02072],[39.8128,54.99747],[39.88576,55.10149],[39.71926,55.12273],[39.81734,55.17947],[40.34537,55.33998],[40.32098,55.29686],[40.37535,55.28624],[40.53575,55.32675],[40.62112,55.20521],[40.96456,55.2604],[41.08093,55.14738],[41.09613,55.19927],[41.21033,55.22118],[41.41156,55.13098],[41.78322,55.11912],[41.87262,55.05876],[41.98124,55.08899],[42.00667,55.02395],[41.96481,55.00181],[42.16666,54.94905],[42.44871,55.01196],[42.46679,54.8713],[42.38576,54.78854],[42.47775,54.7149],[42.62348,54.71508],[42.6087,54.64669],[42.6983,54.59367],[42.54338,54.45032],[42.63237,54.37766],[42.27807,54.23566],[42.18361,54.26186],[42.25823,54.1707],[42.43899,54.26015],[42.59991,54.18786],[42.52932,54.14199],[42.5347,54.08275],[42.28241,54.12223],[42.27352,54.08202],[42.46194,53.96544],[42.30773,53.84746],[41.40009,53.78318],[41.3511,53.75331],[41.34893,53.54877],[41.16692,53.43142],[40.8517,53.48216],[40.68675,53.56469],[40.48097,53.45353],[40.4234,53.49361],[40.38206,53.34295],[40.19024,53.33468],[40.12337,53.39806],[39.9179,53.41622]]],[[[42.45212,54.77087],[42.50555,54.78772],[42.50689,54.75872],[42.45212,54.77087]]]]}},{"type":"Feature","properties":{"id":"ru-sa","lat":64.73321,"lng":129.28567},"geometry":{"type":"MultiPolygon","coordinates":[[[[112.37184,73.70531],[112.94532,73.79047],[112.93458,73.88231],[112.82293,73.99844],[113.13136,73.88231],[113.43051,73.60993],[113.13136,73.44969],[113.49464,73.33991],[113.52117,73.10399],[113.45525,72.99311],[113.48707,72.96369],[113.11769,72.86066],[113.1045,72.82197],[113.18922,72.72191],[113.36817,72.66547],[114.09034,72.60065],[113.39096,72.68061],[113.15821,72.8227],[113.54225,72.97736],[113.53093,73.04841],[113.6006,73.10399],[113.52931,73.18269],[113.56235,73.2534],[114.03582,73.34732],[113.77508,73.35615],[113.46656,73.50495],[114.10914,73.59955],[114.85353,73.60887],[115.4131,73.7104],[116.60287,73.67479],[117.44386,73.58877],[118.45021,73.58877],[118.99757,73.49136],[118.70655,73.44392],[118.46713,73.47809],[118.34645,73.40253],[118.4284,73.37466],[118.35328,73.28242],[118.39422,73.23802],[119.53452,73.05524],[119.7225,72.95893],[120.5337,72.87421],[120.5735,72.88862],[119.84156,72.95686],[119.76385,73.00829],[121.0547,72.93179],[121.79135,72.97687],[121.96371,72.96369],[121.92351,72.92585],[122.04331,72.89155],[122.73219,72.82657],[122.30828,72.94135],[122.87257,72.8725],[122.95338,72.89155],[122.43043,72.98481],[122.61378,73.03095],[123.13795,72.91804],[123.33814,72.98111],[123.3226,73.03457],[123.47047,73.0854],[123.39731,73.12165],[123.40089,73.1743],[123.67066,73.20332],[123.53858,73.2204],[123.3318,73.35074],[123.41334,73.39094],[123.21811,73.40876],[123.30746,73.42646],[123.28191,73.46418],[123.41733,73.44355],[123.2461,73.54588],[123.42416,73.58071],[123.36964,73.66267],[123.56886,73.71605],[123.62908,73.69672],[123.5617,73.64338],[123.64552,73.60297],[123.99952,73.64151],[123.9214,73.66877],[123.93141,73.74519],[123.87672,73.77253],[124.05958,73.6848],[124.38307,73.80638],[124.72592,73.7084],[124.85621,73.72407],[124.98658,73.62788],[125.13746,73.70417],[125.21241,73.64891],[125.19752,73.55093],[125.36492,73.58271],[125.65187,73.52546],[125.52101,73.45718],[125.56251,73.40876],[125.63868,73.4582],[125.87664,73.4606],[125.81577,73.49136],[125.91847,73.5397],[125.97283,73.53229],[125.94117,73.42829],[126.01401,73.50869],[126.2881,73.55728],[126.4048,73.5124],[126.39112,73.46402],[126.17075,73.4593],[126.25457,73.40253],[126.15846,73.3815],[126.41969,73.40949],[126.54884,73.34732],[126.5652,73.23347],[126.6587,73.30264],[126.563,73.3815],[126.73015,73.44416],[126.80592,73.38325],[126.83318,73.44013],[126.93238,73.42988],[126.85816,73.53339],[127.98756,73.47085],[127.89942,73.4361],[128.07692,73.40567],[127.96022,73.34732],[128.34034,73.36103],[128.23463,73.26537],[128.65943,73.2613],[128.96925,73.1774],[128.85092,73.1555],[128.86427,73.11616],[128.77735,73.07079],[129.11354,73.12165],[129.47893,72.97924],[128.29078,72.90864],[128.12924,72.78608],[129.35808,72.70303],[129.19842,72.65518],[128.47918,72.72455],[128.39601,72.67316],[127.90545,72.66714],[128.61134,72.48273],[129.25831,72.46394],[129.24195,72.41568],[129.50074,72.33246],[129.3401,72.30508],[129.3576,72.26288],[129.56414,72.23066],[129.24195,72.13447],[129.48902,72.12763],[128.93409,72.07298],[128.49431,72.20279],[128.56951,72.24372],[128.52882,72.25934],[128.14975,72.31664],[127.8589,72.42915],[127.66578,72.43008],[127.86443,72.33246],[127.74708,72.32563],[128.24936,72.20482],[128.45338,72.09292],[128.45338,72.02399],[128.62355,71.96259],[128.66391,71.86298],[128.92661,71.73876],[129.18393,71.80927],[129.04119,72.01878],[129.28688,71.88349],[129.30991,71.80419],[129.54371,71.72297],[129.30543,71.76089],[128.82049,71.65811],[128.87526,71.59675],[129.14576,71.61311],[129.24871,71.54987],[129.23569,71.49702],[129.3921,71.34683],[129.6526,71.26089],[129.76271,71.14761],[129.62623,71.08613],[130.08041,71.08344],[130.22169,70.99364],[130.16733,70.96882],[130.61988,70.8664],[130.76889,70.97752],[130.8908,70.84528],[130.88844,70.76276],[131.042,70.73876],[131.22633,70.75023],[131.54615,70.88711],[131.7614,71.1352],[131.8659,71.14887],[131.85092,71.2082],[132.18832,71.21589],[131.9419,71.2674],[132.26417,71.68203],[132.53932,71.88361],[132.71778,71.94623],[133.06627,71.97129],[133.34136,71.88626],[133.354,71.83396],[133.03134,71.9551],[132.79639,71.91092],[132.81313,71.83147],[132.7151,71.8107],[132.98522,71.71972],[133.15162,71.57917],[133.9087,71.3994],[134.73902,71.36799],[134.65064,71.29731],[134.66863,71.26431],[134.77003,71.36693],[134.69654,71.42133],[134.81023,71.48184],[135.03297,71.53913],[135.42335,71.53119],[135.34083,71.5659],[135.62159,71.62311],[136.44386,71.57587],[136.51637,71.5585],[136.54689,71.47655],[136.77459,71.52342],[137.27467,71.38524],[137.23894,71.36734],[137.4922,71.34683],[137.445,71.31293],[137.48536,71.29841],[137.40349,71.28473],[137.53248,71.24567],[137.70493,71.28473],[137.67091,71.25064],[137.73927,71.25064],[137.69239,71.22093],[137.52613,71.22028],[137.813,71.11961],[138.07439,71.13398],[137.73927,71.22948],[138.06723,71.22492],[138.23951,71.2779],[137.9961,71.30219],[138.36297,71.31892],[137.82862,71.38715],[138.01498,71.47362],[138.09864,71.58145],[138.50026,71.61311],[138.40398,71.57954],[138.43816,71.53864],[138.75603,71.64301],[139.0451,71.56904],[139.15805,71.44863],[139.11647,71.42878],[139.19223,71.41511],[139.34636,71.42182],[139.44337,71.4951],[140.03321,71.47211],[139.73455,71.67219],[139.6919,71.79181],[139.80926,71.86079],[139.33619,71.94953],[139.63453,71.95454],[139.71225,71.99795],[139.71567,72.08295],[139.8742,72.17817],[140.13209,72.15388],[140.21949,72.18635],[140.19711,72.21381],[139.56072,72.232],[139.43238,72.18285],[139.53297,72.16429],[139.25668,72.17902],[139.34986,72.13447],[139.0892,72.23688],[139.32879,72.42251],[139.54176,72.49763],[140.57651,72.49632],[141.11085,72.58698],[140.93263,72.60065],[141.011,72.6684],[140.99155,72.70942],[140.66424,72.80903],[140.59425,72.89289],[141.27272,72.86636],[141.55063,72.77432],[142.2317,72.70157],[143.48683,72.7001],[145.40952,72.55589],[146.85402,72.35419],[145.35288,72.34675],[144.94321,72.43818],[144.70826,72.37409],[144.52076,72.225],[144.34246,72.29377],[144.10548,72.2779],[144.41554,72.17503],[145.0687,72.26435],[146.92921,72.31265],[146.49537,72.06598],[145.9725,71.85627],[145.99301,72.02973],[146.34693,72.12763],[146.07895,72.1704],[145.96803,72.0705],[145.94166,72.15497],[145.84938,72.16218],[145.88006,72.21906],[145.61329,72.24433],[145.75034,72.20962],[145.6211,72.08027],[145.79127,72.02831],[145.80568,71.92902],[145.32936,71.871],[144.97096,71.98029],[144.97438,71.91372],[145.21599,71.84333],[144.8864,71.77139],[144.89324,71.6752],[145.33326,71.66108],[145.57,71.74095],[146.03631,71.78636],[147.19557,72.3299],[148.40203,72.31094],[149.72478,72.1208],[150.07423,71.89423],[149.70948,71.7729],[149.36899,71.9038],[149.14869,71.77139],[148.83399,71.81232],[149.0394,71.75776],[149.00522,71.70311],[148.82716,71.6752],[149.9533,71.66987],[150.10206,71.59471],[149.95167,71.59162],[149.96461,71.52936],[149.86801,71.46223],[150.1172,71.51569],[150.67067,71.49018],[150.51515,71.34642],[150.02687,71.22264],[150.04672,71.20966],[150.4087,71.28498],[150.65699,71.39029],[150.73894,71.39399],[150.5949,71.2779],[151.03305,71.39399],[151.49244,71.33316],[152.13673,71.01728],[151.68149,70.9759],[152.50489,70.84785],[152.54078,70.79133],[152.61305,70.83462],[153.66375,70.86103],[154.23878,70.96499],[155.47983,71.06159],[155.5298,70.97622],[155.6045,71.06566],[155.93637,71.09935],[157.98911,71.04751],[159.2378,70.82929],[159.84311,70.58153],[160.09425,70.30988],[160.08814,70.23835],[159.93824,70.12848],[159.68865,70.13398],[159.91456,70.09858],[159.85133,70.05492],[159.86305,69.99282],[159.69207,69.91088],[159.80112,69.80703],[159.76905,69.76203],[159.86183,69.78986],[160.25587,69.71869],[160.31861,69.6542],[160.51596,69.6872],[160.92555,69.64208],[161.00636,69.57734],[160.92123,69.46182],[161.03859,69.19489],[160.9629,69.10554],[161.41538,68.982],[161.10694,68.60521],[160.77947,68.53946],[161.13413,68.56143],[161.34702,68.7014],[161.29029,68.75373],[161.3191,68.79023],[161.57407,68.92113],[161.55877,69.02977],[161.39926,69.22126],[161.46314,69.28705],[161.41538,69.33145],[161.48365,69.34512],[161.4358,69.37987],[161.60035,69.42829],[161.80445,69.52973],[162.02556,69.55117],[162.32716,69.70197],[162.44552,69.64027],[162.3493,69.61839],[162.37885,69.57255],[162.31136,69.53984],[162.41172,69.46418],[162.36811,69.41742],[162.78048,69.19387],[162.5098,69.10922],[162.53213,69.00468],[162.84694,68.86929],[162.74173,68.79753],[162.5961,68.80056],[162.61047,68.70449],[162.72323,68.60517],[162.58225,68.50641],[162.5345,68.35766],[162.41761,68.30906],[161.4062,68.41184],[160.99703,68.301],[159.85012,68.27743],[159.78139,68.20907],[159.55288,68.23919],[158.25642,68.06851],[158.05312,67.86346],[158.25766,67.83193],[158.32546,67.74868],[157.8059,67.70548],[157.69108,67.53947],[157.88476,67.43774],[157.78337,67.34617],[157.86037,67.27197],[158.70259,67.05524],[158.90341,66.80781],[158.71582,66.73086],[158.47036,66.48803],[158.3606,66.45388],[158.52896,66.35939],[158.39088,66.24895],[158.47697,66.11462],[158.12413,66.15581],[157.71764,66.11204],[157.37348,65.99608],[157.39032,65.92962],[157.12439,65.91515],[156.92658,65.96541],[156.97309,66.03251],[156.63078,66.20294],[156.33591,66.06279],[155.95826,66.09633],[155.77347,66.17746],[155.31985,66.14186],[155.16999,66.20903],[154.88525,66.13359],[154.54801,66.23782],[154.39526,66.20459],[154.21615,66.06455],[154.35443,66.03778],[154.38172,65.94424],[154.25987,65.83423],[154.08313,65.7972],[154.01895,65.87582],[153.69752,65.88559],[153.48317,65.82552],[153.45568,65.76622],[153.53133,65.70555],[153.39935,65.49709],[153.52389,65.41926],[153.46157,65.36304],[152.68818,65.23344],[152.60901,65.15215],[152.65438,65.03427],[152.49966,64.93826],[152.54989,64.81759],[152.67485,64.78049],[152.74823,64.68592],[152.34722,64.52379],[152.41378,64.40677],[152.20387,64.35711],[152.09679,64.36589],[152.13421,64.44558],[152.01576,64.50366],[151.47998,64.43555],[151.39172,64.29564],[151.17509,64.37576],[150.63104,64.33111],[150.60872,64.16621],[150.19303,64.22391],[150.0256,64.35902],[150.08606,64.48929],[149.81642,64.56727],[149.21914,64.40842],[148.61256,64.42093],[148.3025,64.55441],[148.02262,64.431],[148.0558,64.39491],[148.00071,64.36271],[148.25889,64.23959],[148.12081,64.05557],[147.93839,63.94359],[147.79587,63.94731],[147.76672,64.01408],[147.61045,64.03733],[147.66306,64.11588],[147.62317,64.16833],[147.29812,64.12947],[147.33843,64.08193],[147.2666,64.05258],[146.99643,64.14699],[146.39048,64.20665],[146.31606,64.07361],[146.10874,63.94158],[145.55332,63.82411],[145.62174,63.78003],[145.64055,63.66712],[145.45141,63.52791],[145.25173,63.1903],[145.29979,63.1039],[145.27096,63.02318],[145.36604,62.91032],[145.32615,62.75441],[145.47983,62.54802],[145.1243,62.48991],[145.17649,62.44182],[145.17908,62.33707],[145.12616,62.3087],[145.17381,62.27641],[144.97971,62.24421],[144.99097,62.17114],[144.7545,62.1161],[144.7451,62.04689],[144.58552,61.97751],[144.54645,61.85974],[144.22244,61.73318],[143.9344,61.75685],[143.92716,61.98914],[143.64687,61.86995],[143.56078,61.93966],[143.60935,62.02469],[143.36234,62.02412],[143.2132,62.11551],[143.1207,62.09657],[142.98118,61.90558],[142.68114,61.96562],[142.41325,61.87126],[142.39392,61.94738],[142.26422,61.974],[142.1773,62.08525],[141.86145,62.02712],[141.87096,62.08908],[141.74042,62.07967],[141.54478,62.17858],[141.51821,62.26253],[141.4099,62.29651],[141.29539,62.4351],[141.08858,62.40854],[141.04806,62.48551],[140.70472,62.57272],[140.62762,62.42048],[140.34723,62.38746],[140.27963,62.05337],[140.12719,61.97234],[139.99428,61.97766],[139.95314,61.83261],[139.67275,61.65153],[139.54821,61.48167],[139.09769,61.44757],[138.92003,61.31745],[138.73461,61.34308],[138.64366,61.26928],[138.70299,61.19309],[138.29164,61.10997],[138.3458,61.0001],[138.21485,60.96258],[138.18281,60.88941],[138.2843,60.75485],[138.43747,60.68038],[138.24276,60.49269],[138.32906,60.39063],[138.31521,60.31808],[138.20069,60.23669],[138.27314,59.95541],[138.17382,59.83123],[138.25299,59.71253],[138.03491,59.68576],[137.99988,59.79702],[137.94872,59.75253],[137.61571,59.73976],[137.44704,59.63605],[137.46575,59.55525],[136.75871,59.35465],[136.07545,59.42738],[135.75722,59.5288],[135.42174,59.38692],[135.18692,59.11624],[134.85454,59.12704],[134.72493,59.21135],[134.52205,59.14745],[134.04653,59.256],[133.76665,59.22274],[133.61492,59.23406],[133.57017,59.2924],[133.42899,59.27563],[133.10353,59.20021],[132.936,59.0928],[132.83637,59.10332],[132.86396,59.05412],[132.8159,59.01423],[132.87327,58.98333],[132.80795,58.88018],[132.59928,58.89103],[132.52135,58.78489],[132.57116,58.75595],[132.56682,58.64562],[132.3719,58.5239],[132.41696,58.48196],[132.12416,58.48684],[132.20953,58.3446],[132.19475,58.24254],[132.02246,58.19536],[132.00851,58.11454],[132.11982,58.04648],[132.04747,58.01703],[131.71447,58.17257],[131.4687,58.16467],[131.63313,58.05894],[131.60461,57.99951],[131.79871,57.92039],[131.75995,57.8419],[131.888,57.80862],[132.04747,57.66108],[131.96448,57.62796],[131.97048,57.58295],[131.69308,57.56052],[131.73587,57.50926],[131.58539,57.42559],[131.59861,57.29583],[131.50591,57.24581],[131.26065,57.30477],[131.10169,57.23093],[131.19275,57.13072],[131.27533,57.16375],[131.48224,57.076],[131.43904,57.04223],[131.75106,56.84291],[131.79953,56.72238],[131.67386,56.65373],[131.64977,56.51433],[131.70145,56.45909],[131.60388,56.45226],[131.61887,56.50074],[131.49743,56.54952],[131.3978,56.48555],[131.40193,56.42162],[131.30654,56.49728],[131.12557,56.41051],[131.0926,56.20587],[130.96361,56.12856],[130.92424,55.94181],[130.8646,55.89948],[130.923,55.67857],[130.69583,55.72471],[130.01783,55.68807],[129.89226,55.73443],[129.47409,55.72714],[129.0398,55.65195],[129.08714,55.52808],[128.9565,55.46519],[128.49606,55.51666],[128.22218,55.66379],[127.91057,55.6243],[127.67462,55.68317],[127.47752,55.55237],[127.18762,55.69081],[126.94329,55.68663],[126.88572,55.61536],[126.72449,55.59645],[126.61163,55.65306],[126.4226,55.55382],[126.06159,55.58457],[126.065,55.63676],[126.12753,55.63761],[126.05859,55.71396],[125.8246,55.79489],[125.54627,55.73577],[125.42659,55.84465],[125.24768,55.87959],[124.95767,55.82621],[124.67552,55.9046],[124.50096,55.87618],[124.36908,56.05332],[124.25043,56.07534],[124.20558,56.1651],[123.8857,56.38726],[123.28925,56.42348],[122.88752,56.59474],[122.80308,56.57696],[122.78137,56.49779],[122.58924,56.48958],[122.46667,56.60187],[122.1596,56.73837],[121.59871,56.74388],[121.59871,56.8171],[121.42022,56.97296],[120.65551,57.03207],[120.30277,57.00414],[119.89845,56.8894],[119.64534,57.00226],[119.61743,57.08985],[119.68627,57.1684],[119.40463,57.43189],[119.49517,57.58589],[119.32122,57.61008],[119.1787,57.50553],[119.15565,57.69441],[119.04486,57.73327],[119.15979,58.04163],[119.06873,58.35726],[119.1324,58.47235],[118.77635,58.60397],[118.87588,58.68908],[118.89334,58.80483],[118.78555,58.9],[118.84952,59.00901],[118.7072,59.06384],[118.6887,59.19145],[118.8459,59.29106],[118.75805,59.33292],[118.75464,59.4078],[118.39766,59.51606],[118.28263,59.60933],[118.05825,59.58264],[117.88307,59.4419],[117.75801,59.53941],[117.5975,59.47231],[117.08932,59.5884],[117.19536,59.6506],[117.22967,59.80431],[117.06451,59.91882],[117.30191,60.01393],[117.05428,60.03541],[116.97677,60.15444],[116.58237,60.35993],[116.07543,60.40691],[115.70894,60.52478],[115.23816,60.44696],[114.83592,60.19038],[114.69711,60.21922],[114.54312,60.10778],[114.56947,60.00058],[114.30902,59.87888],[114.17477,59.75346],[113.59175,59.5652],[113.60498,59.49906],[113.42432,59.38273],[113.46101,59.26163],[113.26423,59.15686],[112.91614,59.15163],[112.64442,59.03366],[112.56908,59.06712],[112.61641,58.96224],[112.50262,58.87036],[112.44774,58.9285],[112.45146,59.12523],[112.63109,59.31049],[112.29313,59.30057],[112.27524,59.36527],[112.3325,59.41658],[112.2706,59.5004],[111.94214,59.27385],[111.76365,59.27364],[111.63725,59.2076],[111.47013,59.26729],[111.17516,59.18781],[111.09134,59.23654],[110.68506,59.25463],[110.57633,59.1861],[110.53117,59.05872],[110.27826,58.98405],[109.82216,58.98126],[109.74227,59.06637],[109.63644,59.06596],[109.63375,59.14161],[109.53174,59.18419],[109.50456,59.29256],[109.26127,59.32134],[109.25207,59.36741],[109.34778,59.40955],[109.26819,59.46144],[109.52327,59.63615],[109.50053,59.75914],[109.76387,60.02698],[109.69442,60.11473],[109.73204,60.22506],[109.94629,60.40195],[109.92262,60.46334],[110.1162,60.58705],[110.04592,60.66761],[110.26679,60.6965],[110.28849,60.77017],[110.23506,60.82492],[110.51701,61.08501],[110.48135,61.15921],[110.1901,61.15529],[110.08086,61.27037],[109.80015,61.31649],[109.87012,61.53289],[109.62001,61.71809],[109.60368,61.88428],[109.99952,62.16354],[109.93606,62.23894],[109.99735,62.28819],[109.89451,62.35423],[109.90226,62.41356],[109.48699,62.411],[109.26716,62.52352],[109.24928,62.57029],[109.36989,62.57701],[109.47273,62.74604],[109.64688,62.82619],[109.47159,62.93179],[109.45299,63.14896],[109.40751,63.18152],[109.45164,63.22276],[109.38075,63.25733],[109.36473,63.35417],[109.27874,63.34854],[109.04216,63.5523],[108.1249,63.57999],[108.11746,63.62159],[108.26505,63.67265],[108.2975,63.81052],[108.64766,63.78675],[108.76642,63.86044],[108.68787,63.91424],[108.73148,63.98364],[108.49501,64.11572],[108.54028,64.17774],[108.48488,64.20011],[108.53366,64.23536],[108.46752,64.28171],[108.04202,64.23944],[107.9677,64.16988],[107.6068,64.29432],[107.32795,64.24859],[107.22191,64.33018],[106.73533,64.4186],[106.62164,64.51038],[106.56903,64.5018],[106.58433,64.44532],[106.16988,64.40113],[106.06891,64.42155],[106.14446,64.46777],[106.04203,64.51286],[105.79068,64.48873],[105.70696,64.65843],[105.87533,64.65853],[105.84773,64.79129],[106.00669,64.81878],[105.95077,64.89392],[106.22021,64.85718],[105.98333,65.02797],[106.3739,65.20419],[106.49823,65.20468],[106.42609,65.26568],[106.44346,65.30847],[106.62391,65.39296],[106.82886,65.37508],[106.95815,65.5022],[106.42031,65.67144],[106.47126,66.00739],[106.34155,66.1524],[106.11655,66.19865],[106.10332,66.37833],[106.32191,66.47889],[106.24378,66.59201],[106.25401,66.69727],[106.1427,66.74047],[106.18435,66.80063],[106.00886,66.79179],[106.05661,66.89602],[105.68671,66.93948],[105.54015,67.0234],[105.89383,67.04366],[106.05475,67.16717],[106.49234,67.28383],[106.6668,67.24535],[106.8024,67.34824],[106.89408,68.10933],[106.89004,68.85993],[106.14539,69.4231],[106.45545,69.57131],[106.83858,69.51824],[107.92523,69.68122],[108.29058,69.85677],[109.23698,69.7759],[109.36659,69.8437],[109.41496,69.89219],[109.38519,69.92948],[109.50901,70.03345],[109.3517,70.07345],[109.28153,70.2123],[109.53546,70.26398],[109.60151,70.37819],[110.26317,70.42738],[110.11052,70.48231],[110.06422,70.54861],[110.13501,70.55967],[110.10277,70.63192],[110.4737,70.71563],[110.53943,70.80064],[111.33494,70.85531],[111.52242,70.93862],[111.98028,70.98874],[112.07639,71.06124],[112.24941,71.00332],[112.55554,71.09664],[112.51864,71.1617],[112.69486,71.21733],[112.6282,71.28759],[112.50138,71.26717],[112.00002,71.40779],[111.99609,72.13273],[111.76365,72.1435],[111.71445,72.20619],[111.61813,72.21301],[111.64665,72.26965],[111.5555,72.31646],[111.05671,72.38059],[111.29536,72.50333],[110.7017,72.65045],[110.60878,72.78584],[110.69529,72.82605],[110.62739,72.89452],[110.8373,72.94511],[110.75369,72.99947],[110.90127,73.05048],[110.77043,73.17135],[110.39681,73.19362],[110.59256,73.26346],[110.53561,73.31682],[110.15765,73.39495],[110.53778,73.40622],[110.82738,73.56347],[111.08493,73.5876],[111.11955,73.63587],[110.90719,73.69185],[110.87647,73.73461],[110.91798,73.76561],[110.87773,73.76785],[111.29518,73.86913],[111.80372,73.74421],[112.37184,73.70531]]],[[[137.71876,71.42133],[137.26686,71.49018],[137.4109,71.45604],[137.34409,71.42756],[136.99187,71.51752],[137.70606,71.59642],[137.87013,71.57954],[137.96583,71.51069],[137.71876,71.42133]]],[[[128.97446,72.59382],[128.65333,72.52749],[128.10369,72.63471],[128.65252,72.67577],[128.97446,72.59382]]],[[[128.41901,72.86926],[129.21966,72.92641],[129.39861,72.86602],[129.41714,72.8126],[129.20704,72.76189],[128.31715,72.81232],[128.41901,72.86926]]],[[[120.23023,73.0395],[119.72071,73.03384],[119.76466,73.07294],[119.63445,73.12816],[120.02198,73.16812],[120.27858,73.1009],[120.23023,73.0395]]],[[[127.39235,73.52546],[128.06332,73.49136],[127.61769,73.50031],[127.39235,73.52546]]],[[[124.65699,73.90278],[124.50668,73.84138],[124.28785,73.88093],[124.38103,73.9394],[124.57569,73.95002],[124.45883,73.92329],[124.65699,73.90278]]],[[[136.16773,73.88915],[135.4393,74.16112],[135.35402,74.2591],[135.58953,74.23505],[136.26271,73.989],[136.26979,73.93163],[136.16773,73.88915]]],[[[113.4087,74.38841],[113.22006,74.24482],[112.96656,74.19359],[112.77491,74.08808],[112.16285,74.13858],[111.45924,74.31371],[111.64772,74.37995],[111.95135,74.3708],[112.00733,74.53815],[112.11012,74.55121],[113.31446,74.4798],[113.40577,74.44404],[113.4087,74.38841]]],[[[116.12485,74.32323],[115.88998,74.3037],[115.88575,74.32363],[116.06332,74.371],[116.12485,74.32323]]],[[[136.99732,75.57933],[136.99203,75.58832],[137.08131,75.56818],[136.99732,75.57933]]],[[[136.01336,75.4289],[135.84449,75.38264],[135.45004,75.37568],[135.4616,75.46206],[135.59409,75.56818],[135.5394,75.67797],[135.69313,75.86933],[135.86476,75.70466],[136.18434,75.61591],[135.95932,75.50202],[136.01336,75.4289]]],[[[137.1399,75.65282],[136.98121,75.61652],[136.97022,75.60969],[136.98463,75.62165],[137.01271,75.62979],[137.1399,75.65282]]],[[[161.42221,68.89326],[161.45558,69.00096],[161.13478,69.09186],[161.16896,69.32526],[161.07325,69.44501],[161.27849,69.53815],[161.37452,69.54588],[161.38868,69.46182],[161.29249,69.41401],[161.37436,69.29605],[161.3191,69.24266],[161.51759,68.97988],[161.42221,68.89326]]],[[[161.61736,69.59589],[161.58855,69.43618],[161.36069,69.41401],[161.42563,69.46499],[161.39479,69.59211],[161.47511,69.63801],[161.61736,69.59589]]],[[[161.89864,69.57404],[161.75156,69.55324],[161.66724,69.63668],[161.89377,69.65384],[161.89864,69.57404]]],[[[162.48414,70.65412],[162.35076,70.64053],[162.2378,70.66096],[162.48414,70.65412]]],[[[161.69459,70.75043],[161.57057,70.78767],[161.46314,70.805],[161.65626,70.81338],[161.69459,70.75043]]],[[[160.50407,70.80501],[160.55281,70.88479],[160.45075,70.87219],[160.42481,70.92792],[160.67439,70.91421],[160.76397,70.80405],[160.50407,70.80501]]],[[[143.56511,73.23115],[142.53828,73.21383],[140.78862,73.41],[139.9651,73.32657],[139.8167,73.33907],[139.76709,73.41835],[139.90652,73.47103],[140.4933,73.48504],[140.89918,73.80146],[141.12721,73.88166],[142.04518,73.91657],[142.58277,73.82534],[143.40724,73.54279],[143.53696,73.44355],[143.44093,73.40876],[143.56511,73.23115]]],[[[141.11264,74.16608],[140.98797,73.98477],[140.43776,73.90843],[140.16472,74.07064],[140.22189,74.22008],[140.89145,74.27652],[141.05836,74.23444],[141.11264,74.16608]]],[[[150.95802,75.14232],[150.64649,75.00239],[150.69068,74.95978],[150.60922,74.8935],[149.71754,74.76557],[149.20899,74.758],[148.17213,74.80353],[147.66383,74.95344],[147.0879,75.00519],[146.07179,75.2403],[146.17286,75.29072],[146.16863,75.39619],[146.40707,75.47134],[146.34148,75.52265],[146.43621,75.59675],[146.77076,75.50674],[146.63429,75.43773],[146.79672,75.36636],[147.32545,75.34984],[147.16814,75.36205],[147.43621,75.38935],[147.33318,75.43036],[147.37387,75.44038],[148.40772,75.42109],[148.58009,75.38251],[148.44451,75.2873],[148.61036,75.21552],[149.1268,75.26862],[150.1294,75.22553],[150.21469,75.187],[150.16342,75.15664],[150.5608,75.12873],[150.50026,75.09447],[150.70965,75.1669],[150.95802,75.14232]]],[[[145.39039,75.51683],[144.71168,75.4204],[144.67774,75.32783],[144.94109,75.27334],[144.72136,75.24604],[144.68816,75.15998],[144.37631,75.05305],[143.36061,75.07111],[142.89812,75.14155],[142.83758,75.22553],[142.70777,75.23859],[142.49431,75.37568],[142.53452,75.47655],[143.01352,75.60244],[143.00115,75.70795],[142.3379,75.72565],[142.29005,75.71149],[142.43409,75.67797],[142.00831,75.66372],[142.20688,75.63581],[142.00831,75.62275],[142.13966,75.59516],[142.08058,75.53473],[142.18702,75.47134],[142.16285,75.3791],[142.41017,75.26675],[142.43946,75.20311],[142.66871,75.08796],[143.61451,75.01113],[143.70777,74.94746],[142.7151,74.89517],[142.62526,74.84813],[142.71404,74.84813],[142.67799,74.83397],[142.51401,74.81737],[141.97413,74.93378],[142.36451,74.93065],[142.19874,75.00422],[141.84376,74.99897],[140.0687,74.82795],[139.84962,74.96483],[139.65203,74.98078],[139.45851,74.93065],[139.51661,74.85594],[139.64479,74.88911],[139.49627,74.76756],[139.12721,74.65229],[137.89527,74.84618],[137.79379,74.97541],[137.13413,75.14155],[136.90992,75.27334],[136.92433,75.3205],[136.86215,75.36205],[137.42237,75.36982],[137.39731,75.41718],[137.14332,75.41022],[137.14869,75.46483],[137.30104,75.47134],[137.18068,75.55073],[137.29363,75.60163],[137.06764,75.72577],[137.1985,75.78962],[137.74269,75.74909],[137.43198,75.88727],[137.43295,75.95319],[138.02752,76.03193],[138.11598,76.07526],[137.97267,76.05415],[138.37664,76.15717],[138.3283,76.13605],[138.43214,76.06338],[138.53272,76.1861],[139.04884,76.23908],[138.89731,76.21874],[139.10963,76.09687],[139.82545,75.97004],[139.91163,75.93744],[139.7986,75.88618],[139.95606,75.83584],[140.50953,75.79047],[140.54591,75.75552],[140.43295,75.65656],[140.47584,75.64033],[141.06227,75.65009],[140.86443,75.73884],[140.90895,75.98412],[141.00099,76.04743],[141.62468,76.01313],[141.31007,76.18448],[142.14568,76.01191],[142.54689,75.86298],[143.05885,75.80683],[143.38559,75.80707],[143.3589,75.83442],[143.58481,75.86982],[143.94711,75.83478],[145.17416,75.60822],[145.39039,75.51683]]],[[[152.88429,76.11612],[152.70411,76.09398],[152.55486,76.13935],[152.8777,76.19123],[152.88429,76.11612]]],[[[149.262,76.64519],[149.20009,76.62681],[148.43179,76.62933],[148.86674,76.734],[149.4535,76.76878],[149.26322,76.71058],[149.262,76.64519]]],[[[156.65333,77.08417],[156.5158,77.08771],[156.49171,77.09821],[156.58863,77.12556],[156.65333,77.08417]]]]}},{"type":"Feature","properties":{"id":"ru-sak","lat":50.19782,"lng":143.0163},"geometry":{"type":"MultiPolygon","coordinates":[[[[146.09213,43.44815],[146.0451,43.40278],[146.02646,43.41075],[146.09213,43.44815]]],[[[145.93816,43.45535],[145.89601,43.41734],[145.865,43.45616],[145.93816,43.45535]]],[[[146.22674,43.52082],[146.15187,43.46279],[146.07936,43.51765],[146.15748,43.54633],[146.22674,43.52082]]],[[[146.2697,43.62816],[146.31772,43.65058],[146.35678,43.62197],[146.2697,43.62816]]],[[[146.93539,43.83006],[146.68189,43.71137],[146.60222,43.73607],[146.60467,43.80858],[146.76873,43.86083],[146.93539,43.83006]]],[[[146.54835,44.3981],[146.13942,44.26569],[145.93141,44.12092],[145.77817,43.93256],[145.58872,43.84756],[145.55616,43.65266],[145.55177,43.71625],[145.44313,43.72451],[145.4109,43.83601],[145.72877,44.04377],[146.11931,44.50605],[146.36345,44.42202],[146.57211,44.4499],[146.54835,44.3981]]],[[[148.84343,45.35175],[148.27768,45.22256],[147.91302,44.963],[147.76832,44.94335],[147.6538,44.99485],[147.64545,44.9081],[147.22603,44.581],[147.0547,44.53717],[146.95834,44.42105],[146.8618,44.44534],[146.94986,44.54894],[146.93703,44.62482],[147.00074,44.56598],[147.03782,44.59901],[146.99862,44.66261],[147.09143,44.63736],[147.19658,44.71368],[147.1092,44.82715],[147.21654,44.79901],[147.46656,44.96695],[147.5114,45.08735],[147.61964,45.06533],[147.75701,45.18574],[147.89487,45.22394],[147.86069,45.35423],[147.95094,45.43134],[148.03956,45.25462],[148.31186,45.27529],[148.6211,45.49824],[148.76393,45.5279],[148.85621,45.46434],[148.79672,45.42939],[148.84343,45.35175]]],[[[150.56935,46.23176],[150.24537,46.03703],[150.1976,45.92963],[150.02295,45.8238],[149.92287,45.81071],[149.63777,45.61095],[149.4367,45.58698],[149.66733,45.85322],[149.81105,45.87983],[150.02017,46.07302],[150.19459,46.11359],[150.21106,46.17922],[150.56935,46.23176]]],[[[150.80909,46.44575],[150.80848,46.48644],[150.84646,46.44205],[150.80909,46.44575]]],[[[152.29493,47.14248],[151.8506,46.79047],[151.71217,46.80663],[151.70533,46.84829],[151.8733,46.87181],[152.22543,47.17658],[152.19874,47.12881],[152.29493,47.14248]]],[[[142.28256,54.30394],[142.6351,54.26606],[142.6255,54.3273],[142.72315,54.4256],[143.01295,54.11909],[142.85182,53.87197],[142.93377,53.85765],[143.00213,53.70063],[142.92677,53.82978],[142.90651,53.76679],[143.07081,53.59821],[142.98845,53.56289],[143.1211,53.51805],[143.1255,53.46792],[143.07081,53.46109],[143.09409,53.3819],[143.21062,53.36323],[143.36052,52.87141],[143.29689,52.45368],[143.1937,52.33698],[143.19777,52.42585],[143.27231,52.46332],[143.23536,52.48094],[143.2614,52.5976],[143.11866,52.33779],[143.1775,52.31379],[143.15138,52.12006],[143.11557,52.15302],[143.09767,52.10423],[143.15935,51.99567],[143.1255,51.96703],[143.1631,51.87397],[143.23845,51.89155],[143.31788,51.70637],[143.26108,51.67821],[143.22413,51.52216],[143.3379,51.50837],[143.36508,51.64496],[143.44777,51.50837],[143.47495,51.34325],[143.3794,51.35008],[143.47495,51.28925],[143.48308,51.21357],[143.49545,51.30915],[143.52166,51.2851],[143.79029,50.30923],[144.0027,50.01284],[144.38502,49.0727],[144.68474,48.87324],[144.70289,48.68867],[144.7566,48.64326],[144.67726,48.65644],[144.63258,48.8083],[144.50367,48.94872],[144.05787,49.2534],[143.25864,49.39338],[143.33131,49.31391],[143.66676,49.31489],[143.17416,49.246],[143.0088,49.12303],[142.98845,48.91669],[142.53745,48.01008],[142.54526,47.76667],[142.71404,47.43724],[142.87859,47.38935],[143.01637,47.25361],[143.09767,46.87556],[143.17408,46.86274],[143.08383,46.81346],[143.17286,46.70783],[143.38966,46.70808],[143.1937,46.77998],[143.19711,46.84081],[143.32097,46.79572],[143.4782,46.82844],[143.55763,46.39643],[143.62574,46.3747],[143.47584,46.19001],[143.43051,46.02521],[143.4214,46.22313],[143.3379,46.40941],[143.36866,46.55549],[143.27638,46.56025],[143.30323,46.51439],[143.15952,46.59829],[142.79664,46.59439],[142.72462,46.74079],[142.61842,46.71857],[142.40651,46.55366],[142.20167,46.03067],[142.11997,45.99217],[142.0853,45.90082],[141.93263,46.03579],[141.81422,46.5384],[142.05665,47.0537],[142.05665,47.16974],[141.97511,47.29759],[141.96583,47.61249],[142.19109,47.96674],[142.13315,48.33369],[141.85743,48.77424],[141.9673,48.86237],[142.12501,49.46231],[142.17384,50.08641],[142.14552,50.36384],[142.04135,50.55097],[142.09702,50.82193],[142.26922,51.11241],[142.07895,51.47138],[141.68678,51.7473],[141.82301,51.74421],[141.80958,51.80622],[141.63901,51.88451],[141.67555,51.91242],[141.64503,52.08478],[141.69988,52.16572],[141.64186,52.31818],[141.84376,52.59081],[141.80974,52.60391],[141.9284,53.02066],[141.76881,53.37165],[142.24106,53.52936],[142.26393,53.38007],[142.45533,53.38028],[142.57667,53.50007],[142.68727,53.52936],[142.58619,53.57583],[142.51401,53.5456],[142.49773,53.65827],[142.64137,53.68179],[142.71852,53.6402],[142.80445,53.70698],[142.73911,53.84569],[142.67311,53.7143],[142.60418,53.69758],[142.70826,53.94823],[142.28256,54.30394]]],[[[142.58806,54.3039],[142.5407,54.2978],[142.60418,54.31021],[142.58806,54.3039]]],[[[152.54029,47.32514],[152.41315,47.34067],[152.42628,47.38349],[152.52133,47.3725],[152.54029,47.32514]]],[[[153.06882,47.7433],[153.02801,47.69733],[152.96611,47.69529],[153.02127,47.7996],[153.06882,47.7433]]],[[[153.27547,48.03274],[153.20094,48.05265],[153.16456,48.12141],[153.25923,48.10414],[153.27547,48.03274]]],[[[154.23081,48.89716],[154.05641,48.73778],[153.97332,48.73949],[154.11948,48.8996],[154.23081,48.89716]]],[[[154.01206,48.95295],[153.91871,48.9313],[153.9048,48.96947],[154.01206,48.95295]]],[[[154.58009,49.10261],[154.4878,49.08832],[154.43946,49.15717],[154.563,49.15717],[154.58009,49.10261]]],[[[154.90187,49.61225],[154.80274,49.47866],[154.81511,49.31021],[154.71998,49.26703],[154.60597,49.29267],[154.75099,49.59565],[154.83668,49.65005],[154.90187,49.61225]]],[[[154.44793,49.72951],[154.37896,49.76535],[154.39499,49.80419],[154.48006,49.81103],[154.44793,49.72951]]],[[[156.10475,50.76728],[156.15252,50.51903],[156.05689,50.48627],[156.03761,50.4099],[155.78199,50.18964],[155.50147,50.13727],[155.39576,49.9958],[155.37672,50.04686],[155.21656,50.06708],[155.25506,50.15469],[155.20192,50.29352],[155.68963,50.40371],[155.97779,50.74738],[156.10475,50.76728]]],[[[156.50206,50.78089],[156.40577,50.63011],[156.27244,50.63341],[156.16627,50.71332],[156.19939,50.7805],[156.39552,50.86848],[156.48357,50.85692],[156.50206,50.78089]]],[[[155.47413,50.92182],[155.63127,50.91228],[155.66994,50.81195],[155.4922,50.82844],[155.47413,50.92182]]]]}},{"type":"Feature","properties":{"id":"ru-sam","lat":53.26627,"lng":50.10841},"geometry":{"type":"MultiPolygon","coordinates":[[[[51.39152,54.67485],[51.40868,54.5946],[51.51348,54.6393],[51.93164,54.53187],[51.93268,54.43632],[52.03375,54.42438],[52.0784,54.34294],[52.21059,54.44215],[52.35291,54.45843],[52.36872,54.41906],[52.482,54.46717],[52.51496,54.32583],[52.20367,54.29865],[52.34857,54.21741],[52.27116,54.1184],[52.39652,54.12796],[52.48468,54.05851],[52.37554,53.98045],[52.41254,53.92735],[52.25348,53.65435],[52.07995,53.5141],[52.19261,53.37517],[52.12843,53.17386],[52.05856,53.13913],[52.15788,53.10257],[52.06352,53.07547],[52.05246,52.99341],[51.72804,52.86949],[51.77206,52.79626],[51.73227,52.66841],[51.54521,52.68138],[51.50975,52.63126],[51.54583,52.57426],[51.47141,52.56914],[51.56267,52.44729],[51.41291,52.35003],[51.4526,52.21934],[51.41519,52.10271],[50.76701,51.7594],[50.7221,51.92804],[50.36977,52.00543],[50.33133,52.05781],[50.16751,52.0236],[50.22146,52.12989],[50.00639,52.20242],[49.81229,52.19309],[49.70449,52.29045],[49.64982,52.26689],[49.58367,52.39758],[49.47774,52.33143],[49.41304,52.40517],[49.31961,52.39037],[49.35299,52.45928],[49.22865,52.50801],[48.9619,52.48672],[48.89069,52.41104],[48.83033,52.54599],[48.73742,52.55907],[48.69101,52.64477],[48.35584,52.66418],[48.59252,52.91941],[48.52172,52.97821],[48.32432,52.98436],[48.35708,53.06549],[48.22158,52.99894],[48.14851,53.05867],[48.20195,53.14657],[47.94853,53.35868],[48.05684,53.47606],[48.21931,53.42883],[48.37558,53.47118],[48.4348,53.58071],[48.32649,53.66215],[48.59872,53.66833],[48.47315,53.7699],[48.87426,53.71644],[49.02929,53.85718],[49.41366,53.86834],[49.61705,53.81429],[49.82686,53.88715],[49.8559,53.83777],[50.03429,53.82633],[50.04804,53.87304],[49.95719,53.90679],[49.97414,53.9596],[50.19738,54.03815],[50.25712,54.29441],[50.20565,54.41807],[50.12018,54.43154],[50.07749,54.51647],[50.21557,54.50442],[50.27614,54.44438],[50.38424,54.48577],[50.51209,54.32966],[50.69689,54.42665],[50.93542,54.34038],[51.00818,54.54499],[51.18698,54.64803],[51.39152,54.67485]]],[[[52.25048,53.39493],[52.28418,53.34667],[52.22909,53.35488],[52.25048,53.39493]]]]}},{"type":"Feature","properties":{"id":"ru-sar","lat":51.34244,"lng":46.60076},"geometry":{"type":"Polygon","coordinates":[[[50.7281,51.92262],[50.79068,51.59729],[50.67089,51.56753],[50.6942,51.61117],[50.5817,51.6353],[50.52723,51.47009],[50.35959,51.41332],[50.32538,51.30346],[49.98685,51.22982],[49.77906,51.10218],[49.43655,51.11233],[49.34735,50.96428],[49.42373,50.88206],[49.36942,50.82677],[49.14406,50.78171],[48.83044,50.59603],[48.56828,50.63655],[48.67339,50.57955],[48.78284,50.11146],[48.86552,50.08619],[48.88568,50.01989],[48.7846,49.93339],[48.42989,49.80967],[48.23931,49.86476],[47.99323,50.1818],[47.62467,50.4408],[47.23953,50.37853],[47.20211,50.50803],[46.93836,50.48886],[46.80369,50.58653],[46.83159,50.64006],[46.71625,50.68972],[46.57559,50.69871],[46.46975,50.54818],[46.09376,50.52606],[46.06492,50.66316],[45.81067,50.77359],[45.67817,50.72946],[45.66763,50.5936],[45.52035,50.55619],[45.49514,50.61257],[45.22818,50.58844],[45.25474,50.67856],[45.16999,50.7152],[45.27076,50.75202],[45.30807,50.87684],[45.21133,50.9463],[45.20182,51.03962],[45.04245,51.12626],[44.64361,51.17393],[44.57695,51.13455],[44.44631,51.21155],[44.21025,51.19352],[44.16168,51.09264],[44.00809,51.08298],[43.98959,51.17372],[43.32979,51.01766],[42.87287,51.23134],[42.86088,51.38141],[42.52963,51.57548],[42.47961,51.67654],[42.65128,51.81278],[42.70306,51.98184],[42.806,52.01223],[42.75153,52.17377],[42.92175,52.30544],[42.91989,52.36972],[43.17528,52.46212],[43.35273,52.39251],[43.77162,52.43158],[44.34668,52.31614],[44.42192,52.41582],[44.53726,52.42636],[44.50026,52.52121],[44.54811,52.5524],[45.04524,52.32089],[45.13991,52.42052],[45.43147,52.4005],[45.64438,52.51855],[45.98058,52.40716],[46.01273,52.4615],[45.9749,52.4922],[46.1505,52.59798],[46.5821,52.73081],[46.71305,52.6279],[46.94249,52.63524],[47.06186,52.57018],[47.57284,52.61617],[47.70782,52.58123],[47.84342,52.72314],[48.01963,52.67968],[48.08505,52.7204],[47.99782,52.75435],[48.25218,52.81011],[48.43697,52.78045],[48.35584,52.66418],[48.69101,52.64477],[48.73742,52.55907],[48.83033,52.54599],[48.89069,52.41104],[48.9619,52.48672],[49.28705,52.49354],[49.35299,52.45928],[49.31961,52.39037],[49.41304,52.40517],[49.49934,52.32792],[49.52083,52.39396],[49.58367,52.39758],[49.64982,52.26689],[49.70449,52.29045],[49.81229,52.19309],[50.00639,52.20242],[50.22146,52.12989],[50.16751,52.0236],[50.33133,52.05781],[50.38858,51.99931],[50.66185,51.95425],[50.7281,51.92262]]]}},{"type":"Feature","properties":{"id":"ru-se","lat":43.13974,"lng":44.27166},"geometry":{"type":"Polygon","coordinates":[[[43.93973,42.55221],[43.72258,42.62487],[43.80061,42.74646],[43.39263,42.9002],[43.45857,42.9597],[43.56616,42.93883],[43.8481,43.31007],[44.02308,43.20889],[44.08427,43.27436],[44.03569,43.3648],[44.10783,43.43066],[44.17687,43.3556],[44.39928,43.42391],[44.43308,43.65408],[44.31175,43.67532],[44.28487,43.81885],[44.80939,43.79926],[44.83854,43.58411],[44.71131,43.61522],[44.6216,43.54845],[44.62129,43.60979],[44.54326,43.5968],[44.49778,43.39694],[44.5724,43.39249],[44.58883,43.22723],[44.66015,43.20858],[44.67937,43.24987],[44.91533,43.07091],[44.93248,42.91374],[44.85218,42.8364],[44.62842,42.88278],[44.63876,42.74015],[44.27201,42.70238],[44.19738,42.62911],[43.93973,42.55221]]]}},{"type":"Feature","properties":{"id":"ru-smo","lat":54.72586,"lng":32.86231},"geometry":{"type":"Polygon","coordinates":[[[30.98062,55.01866],[30.98403,55.1309],[30.79427,55.28551],[30.9183,55.38778],[30.90712,55.57777],[31.04734,55.76853],[31.20588,55.71789],[31.75489,55.71435],[31.91013,55.77101],[32.09099,55.70404],[32.05389,55.66069],[32.33677,55.71164],[33.16545,55.6456],[33.5155,55.7613],[33.67002,55.8653],[33.65999,55.94625],[33.82742,55.92982],[33.89843,56.07079],[34.22027,56.07435],[34.30657,56.00077],[34.63089,55.91788],[35.03149,55.98444],[35.20698,55.93793],[35.35209,55.78453],[35.31178,55.71737],[35.39849,55.61087],[35.38051,55.56431],[35.28201,55.55924],[35.31994,55.49945],[35.28976,55.32412],[35.36966,55.2388],[35.24026,55.06486],[35.1276,55.01251],[35.14135,54.96522],[34.99211,54.88202],[34.86581,54.88383],[34.85,54.81836],[34.921,54.77159],[34.65404,54.66292],[34.40806,54.68012],[34.49963,54.63199],[34.37457,54.42174],[34.10751,54.55031],[33.7248,54.55925],[33.63715,54.47678],[33.67436,54.44918],[33.61679,54.37389],[33.68366,54.32134],[33.5862,54.25473],[33.6171,54.18279],[33.42424,54.0489],[33.49349,54.03073],[33.44502,53.99908],[33.47685,53.97441],[33.24813,53.95397],[33.28896,53.82173],[32.92371,53.59099],[32.87017,53.44986],[32.7662,53.41439],[32.42942,53.56159],[32.39909,53.63538],[32.48781,53.66965],[32.46156,53.7068],[32.10603,53.80695],[31.74466,53.79486],[31.83793,53.96213],[31.82264,54.05345],[31.32468,54.22925],[31.20903,54.44805],[31.06465,54.49228],[31.16795,54.62158],[30.77061,54.78601],[30.81484,54.92802],[30.91737,54.95396],[30.91323,55.0246],[30.98062,55.01866]]]}},{"type":"Feature","properties":{"id":"ru-spe","lat":59.90945,"lng":30.3564},"geometry":{"type":"MultiPolygon","coordinates":[[[[29.69714,59.95005],[30.16196,59.86848],[30.2461,59.97492],[29.94825,60.02969],[29.84897,60.16694],[29.42087,60.18333],[29.63295,60.26601],[30.39042,60.12274],[30.34991,60.06259],[30.52726,59.97035],[30.51166,59.86239],[30.75619,59.77749],[30.74771,59.72566],[30.46928,59.62024],[30.25937,59.60985],[29.67956,59.86885],[29.69714,59.95005]]],[[[29.71355,60.02188],[29.78688,59.97508],[29.6574,60.02546],[29.71355,60.02188]]]]}},{"type":"Feature","properties":{"id":"ru-sta","lat":44.93617,"lng":43.64942},"geometry":{"type":"Polygon","coordinates":[[[41.16238,45.95355],[42.11095,45.92872],[42.17741,46.0991],[42.32541,46.12584],[42.31952,45.97551],[42.51661,45.9897],[42.91555,46.24142],[43.39252,46.016],[43.87756,45.94549],[44.27712,45.58022],[44.73766,45.4966],[45.58619,45.1583],[45.71734,44.99994],[45.62236,44.90344],[45.64634,44.79975],[45.42961,44.61454],[45.27086,44.59056],[45.22756,44.48716],[45.40512,44.44222],[45.44139,44.37605],[45.40449,44.3175],[45.13071,44.26831],[45.10498,44.2158],[45.51725,44.18529],[45.45255,43.88854],[45.22104,43.88275],[45.20399,43.9477],[45.07594,43.95034],[45.07687,43.78139],[44.89259,43.65212],[44.82913,43.66819],[44.8035,43.80206],[44.28487,43.81885],[44.42047,43.99856],[44.25852,43.92461],[43.90608,43.99421],[43.73865,43.84094],[43.45908,43.86781],[43.327,43.80503],[43.2161,43.95006],[42.68321,43.80717],[42.6118,43.93375],[42.64983,43.96507],[42.55981,43.98176],[42.59071,44.04026],[42.48726,44.02553],[42.49976,43.97272],[42.37812,43.97148],[42.30308,44.12852],[42.55547,44.2449],[42.55702,44.28908],[42.35228,44.27048],[42.28655,44.32815],[41.95272,44.3946],[41.90889,44.4933],[41.72937,44.45855],[41.57341,44.53677],[41.41456,44.70208],[41.58705,44.78817],[41.65692,44.96891],[41.46417,44.98919],[41.35275,45.10562],[41.35957,45.21202],[41.2926,45.24282],[41.02564,45.22021],[41.00807,45.38483],[40.8426,45.5272],[40.85666,45.69044],[41.13292,45.68331],[41.17902,45.75013],[41.27441,45.75411],[41.26056,45.87203],[41.17137,45.89007],[41.16238,45.95355]]]}},{"type":"Feature","properties":{"id":"ru-sve","lat":59.09518,"lng":62.20334},"geometry":{"type":"Polygon","coordinates":[[[57.63734,56.09882],[57.45999,56.12546],[57.42009,56.31979],[57.31746,56.37335],[57.35395,56.60729],[57.42578,56.65913],[57.21866,56.85302],[57.33834,56.92464],[57.55962,56.88831],[57.74917,56.93492],[57.88218,57.06773],[58.07194,57.05063],[58.02305,57.11401],[58.10511,57.12706],[57.98905,57.1931],[58.03856,57.23651],[57.93799,57.33195],[57.9753,57.54093],[58.05302,57.60511],[58.12176,57.56083],[58.17074,57.68596],[58.43646,57.67596],[58.44484,57.59721],[58.52318,57.57612],[58.82982,57.72624],[58.86042,57.83394],[58.7643,57.84278],[58.60462,57.99563],[58.6718,58.10144],[59.20252,58.30461],[59.28582,58.41726],[59.45604,58.49276],[59.38855,58.59012],[59.42152,58.68035],[59.08273,58.76933],[59.06671,58.89046],[59.18122,58.95299],[59.0911,59.02198],[59.17399,59.16838],[58.66953,59.29323],[58.51853,59.4373],[58.31089,59.46805],[58.40029,59.54683],[58.45104,59.70504],[58.58188,59.71584],[58.67511,59.85924],[58.99953,59.9313],[58.95126,59.99505],[59.05141,60.043],[59.04563,60.11323],[59.18691,60.27069],[59.16438,60.36686],[59.3901,60.58261],[59.46948,60.94124],[59.37295,60.97049],[59.35682,61.15105],[59.26959,61.20676],[59.2576,61.28112],[59.4178,61.42896],[59.40095,61.60492],[59.3437,61.6645],[59.39186,61.7576],[59.33346,61.82594],[59.48539,61.99327],[59.98428,61.90279],[59.97828,61.75675],[60.05662,61.72119],[60.43086,61.74708],[61.16519,61.68275],[62.62009,61.21073],[62.85976,61.00126],[62.75971,60.85944],[62.88115,60.63997],[63.22005,60.30051],[63.19762,60.23105],[63.6377,60.12284],[63.79552,59.7916],[63.82508,59.47704],[64.02868,59.39503],[64.32427,59.41121],[65.03823,59.32687],[65.0988,59.23734],[65.20029,59.21538],[65.38229,58.91909],[65.66899,58.66329],[65.93451,58.61436],[65.99022,58.31962],[66.19702,58.04028],[65.66279,57.88701],[65.5396,57.77952],[65.42787,57.83394],[64.83928,57.64072],[65.00226,57.59297],[64.84258,57.45107],[64.88403,57.35009],[64.82925,57.30472],[64.98997,57.23733],[64.99079,57.05367],[65.068,56.90785],[65.23326,56.92759],[65.23161,56.86826],[65.14034,56.77013],[64.95503,56.77318],[64.83824,56.8418],[64.32799,56.74943],[64.36386,56.66336],[64.20758,56.58874],[64.20283,56.47371],[63.84626,56.4903],[63.40846,56.62414],[63.35668,56.51459],[63.30604,56.57758],[63.00115,56.59799],[62.62422,56.49836],[62.54216,56.57774],[62.0749,56.28788],[62.0718,56.13352],[61.85166,56.18567],[61.64195,56.31941],[61.1501,56.37578],[61.08416,56.32571],[61.16064,56.22866],[61.07238,56.19941],[60.71901,56.23838],[60.19935,56.20799],[59.92082,56.26468],[59.78873,56.23264],[59.6614,56.25228],[59.7013,56.30607],[59.20923,56.35367],[59.11529,56.31243],[59.16541,56.25538],[59.13461,56.20598],[59.00263,56.21522],[59.00697,56.10965],[58.92522,56.06123],[58.74652,56.06275],[58.54302,56.16308],[58.35161,56.05896],[58.29993,56.11404],[58.07938,56.14102],[57.80208,56.15063],[57.63734,56.09882]]]}},{"type":"Feature","properties":{"id":"ru-ta","lat":55.3283,"lng":50.7212},"geometry":{"type":"Polygon","coordinates":[[[53.63169,55.90669],[53.98578,55.85106],[53.96552,55.78236],[54.03994,55.80207],[54.02629,55.76378],[54.23093,55.69247],[54.00314,55.55436],[53.90713,55.39316],[53.71396,55.33347],[53.59139,55.21193],[53.41837,55.222],[53.14676,55.14656],[53.14108,55.09891],[53.41351,54.98874],[53.4993,54.89133],[53.64275,54.89993],[53.57867,54.82218],[53.60565,54.71372],[53.41682,54.55949],[53.34933,54.39125],[53.47046,54.04574],[53.3791,53.97019],[53.25849,54.07135],[53.07328,54.06993],[53.08785,54.11489],[52.94243,54.20406],[53.10749,54.24703],[53.05271,54.33712],[53.01302,54.27426],[52.89789,54.27547],[52.93313,54.30601],[52.53853,54.37725],[52.43983,54.47807],[52.36872,54.41906],[52.35291,54.45843],[52.21059,54.44215],[52.0784,54.34294],[52.03375,54.42438],[51.93268,54.43632],[51.93164,54.53187],[51.51348,54.6393],[51.40868,54.5946],[51.38604,54.67635],[51.18698,54.64803],[51.00818,54.54499],[50.94276,54.3432],[50.69689,54.42665],[50.51209,54.32966],[50.38424,54.48577],[50.27614,54.44438],[50.21557,54.50442],[49.55938,54.56938],[49.52083,54.6377],[49.55794,54.66762],[49.47577,54.77542],[49.28395,54.88523],[48.99735,54.78622],[48.82754,54.64783],[48.47501,54.63238],[48.29507,54.67832],[48.30385,54.7363],[48.07968,54.76764],[47.8399,54.644],[47.84156,54.72514],[47.76094,54.73501],[47.63743,54.5654],[47.41037,54.5005],[47.2419,54.67772],[47.37037,54.75258],[47.43238,54.89179],[47.74823,54.82854],[47.75753,54.90301],[47.80053,54.81924],[47.84693,54.81572],[47.78802,54.93923],[47.99627,54.96825],[48.02893,55.01912],[47.91793,55.0601],[48.06873,55.0986],[48.08464,55.15054],[48.01271,55.28084],[47.92341,55.31425],[47.87153,55.28487],[47.89261,55.24185],[47.81861,55.27642],[47.78543,55.22025],[47.69903,55.22273],[47.69604,55.32314],[47.83411,55.3421],[47.97385,55.49951],[48.09157,55.53645],[48.02501,55.63045],[48.38333,55.78889],[48.41547,55.9017],[48.68481,55.95168],[48.69814,56.07632],[48.82775,56.06681],[49.05089,56.2068],[48.93306,56.26158],[49.03704,56.35785],[49.11683,56.39728],[49.34338,56.35527],[49.40528,56.38043],[49.41707,56.48017],[49.54419,56.43247],[49.65064,56.53014],[49.78779,56.53267],[49.81229,56.49976],[49.74924,56.46999],[49.85404,56.44136],[49.96453,56.50094],[49.98096,56.438],[50.17402,56.54322],[50.19366,56.58848],[50.07201,56.62275],[50.19335,56.65727],[50.32482,56.6761],[50.41856,56.59267],[50.48377,56.61706],[50.45204,56.5496],[50.62443,56.39945],[50.58289,56.35863],[50.72965,56.33041],[50.76737,56.40426],[50.85119,56.39025],[50.90783,56.296],[50.84044,56.2407],[51.07309,56.13053],[51.19319,56.14076],[51.31349,56.07301],[51.37271,56.13107],[51.64329,56.14794],[51.48392,56.06934],[51.40537,55.96108],[51.44185,55.92465],[51.736,55.95658],[51.78178,55.88755],[51.95707,55.97746],[52.05846,55.89705],[52.16801,55.8985],[52.2477,55.95168],[52.2046,56.02043],[52.2448,56.06562],[52.18754,56.06542],[52.22475,56.08634],[52.65532,56.01782],[52.72053,56.05805],[52.71681,56.13616],[52.83422,56.0943],[52.81314,56.20107],[52.56199,56.25944],[52.73108,56.39408],[52.9567,56.45578],[52.83019,56.52027],[53.08661,56.52567],[52.94274,56.37242],[52.99328,56.19342],[53.06356,56.19218],[53.0493,56.13603],[53.14521,56.16063],[53.33486,56.08588],[53.25745,56.24892],[53.32008,56.26954],[53.53754,56.24845],[53.564,56.18107],[53.37569,55.998],[53.19771,55.92067],[53.31099,55.85672],[53.63169,55.90669]],[[48.02873,54.96078],[48.07596,54.97334],[48.11296,55.0062],[48.0865,55.01184],[48.02873,54.96078]]]}},{"type":"Feature","properties":{"id":"ru-tam","lat":52.69969,"lng":41.57282},"geometry":{"type":"Polygon","coordinates":[[[40.07986,52.80417],[40.14507,53.08797],[40.11593,53.29799],[40.30548,53.37455],[40.38919,53.34537],[40.4234,53.49361],[40.48097,53.45353],[40.68675,53.56469],[40.8517,53.48216],[41.16692,53.43142],[41.34893,53.54877],[41.3511,53.75331],[41.40009,53.78318],[42.13441,53.81217],[42.08749,53.73631],[42.10072,53.52826],[42.27776,53.46774],[42.31331,53.43596],[42.25265,53.3708],[42.35424,53.36822],[42.55537,53.20714],[42.51185,53.1665],[42.54514,53.12048],[42.9202,52.96269],[43.23791,52.65611],[43.04164,52.56059],[43.09611,52.51457],[43.00144,52.5032],[43.07957,52.40275],[42.91989,52.36972],[42.92175,52.30544],[42.75153,52.17377],[42.806,52.01223],[42.70306,51.98184],[42.65128,51.81278],[42.48333,51.68418],[42.48922,51.6077],[42.27373,51.60042],[42.19239,51.7263],[42.11901,51.71411],[42.11694,51.64333],[41.9522,51.65638],[41.50044,51.80095],[41.29891,51.79467],[41.27813,51.73664],[41.06605,51.71018],[40.88756,51.74656],[40.93769,51.89024],[40.50381,51.95352],[40.51239,52.03522],[40.63197,52.06649],[40.68396,52.28906],[40.33597,52.39913],[39.95315,52.65436],[39.95263,52.74327],[40.07986,52.80417]]]}},{"type":"Feature","properties":{"id":"ru-tom","lat":58.39698,"lng":81.57904},"geometry":{"type":"Polygon","coordinates":[[[83.50356,61.04723],[83.98881,60.82688],[84.25959,60.85551],[84.70835,60.45895],[84.78421,60.36267],[84.63187,60.20558],[84.60624,60.04603],[84.52944,59.97975],[84.69192,59.90482],[86.62544,59.95004],[87.08412,59.88275],[87.19057,59.68974],[87.52234,59.66721],[87.91063,59.26814],[88.62149,59.29302],[88.60754,59.21494],[88.82655,59.02446],[88.39185,58.91447],[87.93224,58.52614],[88.01812,58.24265],[88.15568,58.10653],[88.68743,58.03656],[88.85084,57.96065],[89.33887,57.94794],[89.39065,57.87755],[89.38041,57.63715],[89.14736,57.61421],[89.07067,57.50977],[88.87233,57.4444],[88.7327,57.22744],[88.53127,57.12788],[88.72526,57.07528],[88.62398,56.83297],[88.54388,56.78392],[88.39195,56.8263],[87.78785,56.54642],[87.62042,56.63975],[87.38457,56.61412],[87.1667,56.67556],[87.1298,56.53996],[86.69552,56.6338],[86.39786,56.54802],[86.31342,56.62693],[86.2174,56.62419],[86.1063,56.49234],[85.85443,56.43979],[85.78074,56.40183],[85.79986,56.36457],[85.56938,56.29959],[85.68793,56.23884],[85.13912,56.22515],[85.07639,56.14701],[84.89294,56.1696],[84.43136,56.05663],[84.34744,55.98403],[84.21763,56.05513],[83.96969,56.01467],[83.90954,55.91318],[83.76887,55.87287],[83.64495,55.7012],[83.40858,55.68203],[83.4029,55.7352],[83.30213,55.68216],[83.22782,55.74864],[83.289,55.84796],[83.40734,55.90062],[83.23092,56.04123],[83.28559,56.10381],[83.11826,56.13663],[83.21821,56.2084],[83.06969,56.23393],[83.20157,56.33894],[83.14927,56.37863],[83.25572,56.4394],[83.08509,56.55272],[82.9959,56.50787],[82.81472,56.52363],[82.83436,56.44875],[82.76108,56.41129],[81.55743,56.25827],[81.12232,56.53262],[80.24857,56.45472],[79.5898,56.92857],[78.44765,57.12189],[78.44434,57.16132],[76.10867,57.25025],[75.9925,57.38487],[75.85855,57.39908],[75.72709,57.59886],[75.5917,57.65095],[75.55738,57.9314],[75.08041,58.11873],[75.2219,58.22208],[75.06914,58.3429],[75.30427,58.45106],[75.10521,58.58102],[75.16071,58.67766],[75.6719,59.01562],[75.62839,59.23778],[75.81866,59.29452],[75.89514,59.4264],[75.99622,59.42247],[76.17171,59.54277],[76.64548,59.5851],[76.65633,59.69274],[76.7415,59.7578],[76.757,60.066],[76.69396,60.11261],[76.84795,60.26614],[76.75266,60.37745],[76.80589,60.47114],[77.04659,60.55899],[76.97094,60.71035],[77.06758,60.72632],[77.10478,60.85246],[77.70226,60.82518],[77.92044,60.74746],[78.12053,60.80177],[78.47441,60.77748],[78.68784,60.82895],[78.80649,60.77983],[79.18517,60.83758],[79.31178,60.80066],[79.28542,60.72053],[79.37369,60.66229],[80.18573,60.66472],[80.4284,60.76482],[80.72348,60.79662],[81.02754,60.75474],[81.14051,60.63666],[81.83039,60.64472],[82.16535,60.52628],[82.38074,60.61196],[82.4074,60.72301],[83.14421,61.02821],[83.50356,61.04723]]]}},{"type":"Feature","properties":{"id":"ru-tul","lat":53.90867,"lng":37.40543},"geometry":{"type":"Polygon","coordinates":[[[38.91497,53.60913],[38.70413,53.50976],[38.75395,53.37638],[38.47727,53.31003],[38.59799,53.23649],[38.60315,53.05578],[38.32751,52.96183],[38.09962,53.06079],[37.91245,53.07263],[37.84103,53.00855],[37.71256,53.13151],[37.58585,53.13541],[37.56063,53.29623],[37.34018,53.30724],[37.19693,53.2507],[36.78094,53.30434],[36.66684,53.41586],[36.39802,53.42852],[36.23162,53.57415],[36.01458,53.58629],[35.99019,53.65373],[36.0583,53.70396],[35.95742,53.72558],[35.96362,53.82188],[35.9106,53.85015],[36.21643,54.06988],[36.08796,54.09887],[36.11297,54.13639],[36.03101,54.1908],[36.19017,54.15721],[36.24495,54.23478],[36.40587,54.2109],[36.46148,54.28816],[36.92605,54.29356],[36.96439,54.40464],[36.85081,54.46799],[36.80502,54.60995],[37.07208,54.53605],[37.25905,54.83583],[37.44767,54.83024],[37.67132,54.71351],[37.75835,54.73622],[37.75587,54.82317],[37.93859,54.83226],[38.04949,54.70927],[38.5151,54.5977],[38.37722,54.51476],[38.38839,54.47233],[38.50455,54.38857],[38.52119,54.28883],[38.67509,54.24467],[38.67478,54.16982],[38.75167,54.17783],[38.69431,54.07492],[38.71374,54.00125],[38.84428,53.9363],[38.79332,53.88105],[38.80407,53.77775],[38.91652,53.74561],[38.86567,53.62864],[38.91497,53.60913]]]}},{"type":"Feature","properties":{"id":"ru-tve","lat":57.25563,"lng":35.34484},"geometry":{"type":"Polygon","coordinates":[[[37.62626,58.49023],[37.64404,58.42935],[37.36984,58.34941],[37.42193,58.31525],[37.3468,58.24828],[37.67225,58.07542],[37.53975,58.04938],[37.51516,57.98705],[37.36654,57.97713],[37.49552,57.89362],[37.34638,57.88685],[37.65561,57.67514],[37.82759,57.63075],[37.79524,57.51],[37.84062,57.46672],[37.79483,57.43355],[38.08628,57.34177],[38.28576,57.36577],[38.30643,57.27635],[38.15264,57.2271],[38.25992,57.08907],[38.15264,56.98753],[38.2101,56.96262],[38.20183,56.89792],[38.12049,56.87901],[38.25651,56.77023],[38.01466,56.77359],[37.94128,56.87658],[37.71163,56.95275],[37.5534,56.90562],[37.49893,56.78475],[37.15208,56.75406],[37.14639,56.5765],[37.05214,56.51552],[36.82579,56.58324],[36.52163,56.43723],[36.1725,56.40844],[36.07845,56.34411],[35.76519,56.39387],[35.64509,56.47412],[35.47549,56.46358],[35.55011,56.36628],[35.49833,56.34948],[35.52076,56.2561],[35.36573,56.23243],[35.38237,56.17885],[35.30351,56.11174],[35.33245,56.06182],[35.21824,56.02656],[35.17411,55.94826],[35.03149,55.98444],[34.63089,55.91788],[34.30657,56.00077],[34.23536,56.07141],[33.90401,56.07291],[33.82742,55.92982],[33.65999,55.94625],[33.67002,55.8653],[33.5155,55.7613],[33.16545,55.6456],[32.33677,55.71164],[32.05389,55.66069],[32.09099,55.70404],[31.91013,55.77101],[31.75489,55.71435],[31.46736,55.729],[31.34468,55.96403],[31.51056,56.05244],[31.49155,56.30129],[31.23616,56.34349],[31.20278,56.44591],[31.02015,56.47702],[31.06067,56.67778],[30.87939,56.65525],[30.7811,56.76982],[30.88734,56.80459],[30.89634,56.89668],[31.0001,56.9652],[31.53795,56.93766],[31.67717,57.00892],[31.71468,57.10401],[31.9372,57.08401],[32.27672,57.19754],[32.25708,57.27552],[32.39464,57.23573],[32.65458,57.33273],[32.81198,57.46207],[33.29485,57.43215],[33.2348,57.54269],[33.3087,57.56553],[33.32492,57.65462],[33.5368,57.71973],[33.57566,57.85311],[33.70216,57.91548],[33.68604,58.00261],[33.53804,58.05602],[33.67736,58.15294],[33.87827,58.14575],[34.00416,58.21968],[34.68753,58.07945],[34.71812,58.22435],[35.14755,58.22384],[35.26909,58.27133],[35.25741,58.38414],[35.38578,58.43054],[35.93489,58.42331],[36.17333,58.52495],[36.48917,58.5309],[36.70487,58.73399],[36.81287,58.74375],[36.79706,58.82016],[37.09203,58.86948],[37.62626,58.49023]]]}},{"type":"Feature","properties":{"id":"ru-ty","lat":51.73461,"lng":94.15927},"geometry":{"type":"Polygon","coordinates":[[[98.93765,52.12469],[98.8556,52.10669],[98.68269,51.81947],[98.33222,51.71832],[98.22825,51.58342],[98.22039,51.47521],[98.05089,51.46642],[97.91571,51.30062],[97.92904,51.21504],[97.80853,50.97048],[97.98464,50.84692],[97.94403,50.77447],[98.03849,50.62296],[98.29346,50.51862],[98.26246,50.28381],[98.048,50.02305],[97.82993,49.92331],[97.75634,49.9615],[97.56658,49.9168],[97.54271,49.82275],[97.30169,49.72554],[97.15296,49.75025],[96.9692,49.88667],[96.70193,49.91375],[96.58514,49.85753],[96.50329,49.92212],[96.34629,49.88858],[96.05598,49.99881],[95.94632,49.9385],[95.82788,50.02015],[95.50066,49.88672],[95.35473,49.9477],[95.0764,49.94553],[94.92158,50.04589],[94.60345,50.01974],[94.35448,50.2236],[94.25867,50.55754],[93.10494,50.59882],[93.01141,50.62332],[92.9617,50.77788],[92.79612,50.78801],[92.64978,50.67407],[92.36091,50.86837],[92.15885,50.6891],[91.74978,50.68409],[91.41574,50.46137],[90.97515,50.41393],[90.72659,50.29187],[90.6839,50.21621],[90.47523,50.21461],[90.02053,50.07074],[89.96942,49.96708],[89.63321,49.90794],[89.51322,50.19937],[89.34507,50.20448],[89.34941,50.26422],[89.51726,50.36979],[89.51374,50.46943],[89.63332,50.38519],[89.84364,50.42992],[89.86566,50.50172],[89.66608,50.58255],[89.3924,50.85268],[89.05971,51.0559],[89.04059,51.17383],[88.94375,51.233],[88.96721,51.42787],[88.7357,51.55938],[89.20616,51.6585],[89.25908,51.54864],[89.42093,51.60538],[89.58061,51.55303],[89.73037,51.58223],[89.96498,51.76141],[90.10089,51.7509],[90.02751,51.98437],[90.11887,52.0438],[90.12941,52.13522],[90.35007,52.19159],[90.73599,52.06938],[90.84927,51.90805],[91.10052,51.94272],[91.23891,51.88231],[91.55775,51.89988],[92.10521,51.78304],[92.85255,51.83312],[93.36043,52.12943],[93.67803,52.22384],[93.76454,52.43949],[94.07139,52.6672],[94.1487,52.84174],[94.5123,52.91083],[94.60428,53.04942],[94.60418,53.17577],[94.70112,53.23763],[94.59446,53.31566],[94.73988,53.38274],[95.05304,53.37747],[95.24683,53.45658],[95.39628,53.37219],[95.75708,53.52045],[96.09163,53.45054],[96.25204,53.61611],[96.37244,53.59905],[96.35467,53.56102],[96.44365,53.51069],[96.65284,53.5518],[96.71837,53.69864],[96.87494,53.72907],[97.12754,53.6127],[97.33393,53.5944],[97.44783,53.46149],[97.58581,53.43808],[97.60627,53.37302],[97.95757,53.35773],[98.03084,53.25261],[98.28912,53.22326],[98.30318,53.10374],[98.93766,53.14937],[99.06437,53.09741],[98.98934,53.03449],[99.24979,52.95382],[99.20669,52.85344],[98.92867,52.91848],[98.85074,52.83554],[98.93776,52.7975],[98.93404,52.66562],[98.80041,52.60614],[98.80558,52.514],[98.62926,52.42429],[98.67711,52.3697],[98.6461,52.26275],[98.79948,52.27423],[98.80899,52.1964],[98.92681,52.19537],[98.93765,52.12469]]]}},{"type":"Feature","properties":{"id":"ru-tyu","lat":57.54332,"lng":67.81736},"geometry":{"type":"Polygon","coordinates":[[[69.18614,55.32577],[69.12258,55.39786],[68.9273,55.43372],[68.98326,55.30856],[68.94564,55.27037],[68.60608,55.42339],[68.46634,55.40672],[68.3108,55.56079],[68.17489,55.58617],[68.17644,55.70962],[67.94069,55.66353],[67.82462,55.72068],[67.44666,55.73505],[67.29742,55.95901],[66.82107,55.96062],[66.73766,56.04898],[66.43484,55.95317],[66.2981,56.05808],[66.18555,56.06802],[66.01492,55.99121],[65.79405,56.11291],[65.66713,56.27352],[65.15667,56.29333],[65.11471,56.32917],[65.20814,56.36808],[64.96723,56.50084],[65.02366,56.6397],[64.98087,56.74661],[65.17435,56.77933],[65.23729,56.92355],[65.068,56.90785],[64.99079,57.05367],[64.98997,57.23733],[64.82925,57.30472],[64.88403,57.35009],[64.84258,57.45107],[65.00226,57.59297],[64.83928,57.64072],[65.42787,57.83394],[65.5396,57.77952],[65.66279,57.88701],[66.19661,58.03251],[65.99022,58.31962],[65.93451,58.61436],[66.38017,58.58909],[66.74066,58.6696],[66.78303,58.70045],[66.779,58.93201],[66.96597,58.97506],[67.07087,58.92488],[67.56449,59.09293],[67.74215,59.21194],[68.35813,59.28292],[68.57135,59.57424],[69.29523,59.78289],[69.07137,59.8974],[69.30608,59.9889],[69.53501,59.9845],[69.61563,59.90487],[70.15492,59.90001],[70.39853,59.81749],[70.79757,59.86301],[70.98557,59.81865],[71.18752,59.90885],[71.29645,59.79909],[72.016,59.55931],[72.43716,59.30336],[72.52377,59.15505],[72.64728,59.10632],[72.92612,59.14396],[72.97563,59.09898],[72.95,59.01686],[73.09324,58.95227],[73.03206,58.86313],[73.44413,58.8176],[73.63264,58.85351],[73.97908,58.80592],[74.10011,58.73941],[74.74307,58.74809],[75.15948,58.65022],[74.88063,58.43173],[74.20625,58.13356],[73.08735,58.14632],[72.86122,58.01052],[72.14912,58.02623],[71.98892,58.12271],[71.24943,58.07646],[71.24498,58.34094],[71.30162,58.38509],[71.12809,58.44796],[71.07735,58.52242],[70.86465,58.53462],[70.38395,57.92231],[70.43294,57.7788],[70.57257,57.69725],[70.57991,57.58357],[70.69019,57.5678],[70.68647,57.51884],[70.43201,57.38378],[70.49816,57.29826],[70.65474,57.25795],[70.61236,57.20059],[70.7768,57.20943],[70.75406,57.27128],[70.80005,57.31906],[71.09833,57.33914],[71.14432,57.25806],[71.09244,57.22416],[71.22421,57.20162],[71.37118,57.06375],[71.61768,56.95285],[71.67173,56.83203],[71.5567,56.7322],[71.41531,56.73274],[71.35702,56.67112],[71.05957,56.70163],[71.10691,56.63902],[71.05306,56.5444],[70.78041,56.47167],[70.93865,56.40426],[70.92749,56.347],[70.76842,56.28881],[70.84945,56.24225],[70.82785,56.15957],[70.90991,56.13182],[70.86093,55.98397],[70.76222,55.90351],[70.47552,55.87649],[70.75385,55.85313],[70.5889,55.79861],[70.54363,55.7103],[70.74713,55.5903],[70.69163,55.50876],[70.48699,55.43693],[70.49971,55.3328],[70.38245,55.20624],[70.19704,55.13348],[69.67387,55.33404],[69.33456,55.38515],[69.18614,55.32577]],[[70.7491,56.01947],[70.80057,56.01371],[70.80666,56.0434],[70.7491,56.01947]],[[70.70052,55.95395],[70.75034,55.94315],[70.77018,55.95007],[70.70052,55.95395]]]}},{"type":"Feature","properties":{"id":"ru-ud","lat":57.2008,"lng":52.75195},"geometry":{"type":"Polygon","coordinates":[[[54.31785,56.45128],[54.34576,56.25259],[54.11724,56.15823],[54.00583,56.02888],[53.83778,56.03865],[53.63169,55.90669],[53.28908,55.85827],[53.1941,55.93514],[53.40545,56.02299],[53.55211,56.15249],[53.55087,56.24101],[53.26035,56.25388],[53.33827,56.15011],[53.32525,56.08371],[53.14521,56.16063],[53.0493,56.13603],[53.06356,56.19218],[52.99328,56.19342],[52.94274,56.37242],[53.08981,56.52156],[52.93944,56.5413],[52.82833,56.51707],[52.94874,56.44534],[52.73108,56.39408],[52.56199,56.25944],[52.84177,56.15786],[52.83422,56.0943],[52.71681,56.13616],[52.6702,56.02232],[52.22475,56.08634],[52.18754,56.06542],[52.2448,56.06562],[52.2046,56.02043],[52.2477,55.95168],[52.15705,55.89597],[52.05846,55.89705],[51.95707,55.97746],[51.78178,55.88755],[51.72669,55.95829],[51.44185,55.92465],[51.39907,55.99364],[51.64825,56.14427],[51.43648,56.14443],[51.46242,56.21662],[51.37529,56.23435],[51.41674,56.29016],[51.3199,56.32912],[51.29106,56.43568],[51.13789,56.50012],[51.19546,56.5297],[51.1966,56.66745],[51.3786,56.6799],[51.40031,56.76708],[51.54045,56.88299],[51.32486,56.94671],[51.2275,57.06747],[51.24207,57.14153],[51.1227,57.26007],[51.13593,57.37707],[51.22564,57.46236],[51.59316,57.44166],[51.63295,57.54129],[51.74199,57.5429],[51.85247,57.63119],[51.92554,57.75867],[51.9211,57.82469],[51.83687,57.85208],[51.88854,57.97874],[51.79418,58.03604],[51.7918,58.1265],[51.67316,58.17185],[51.79149,58.28115],[51.79615,58.3613],[51.97102,58.46413],[52.17886,58.48966],[52.87009,58.41062],[52.92135,58.53431],[53.11762,58.54382],[53.16506,58.45617],[53.32091,58.38899],[53.49837,58.45033],[53.78455,58.4399],[53.88605,58.3191],[53.81018,58.22813],[54.09244,57.99],[54.13647,57.82939],[54.15631,57.70625],[54.07621,57.66599],[54.11662,57.61571],[53.99002,57.57323],[54.09151,57.5215],[54.17636,57.55592],[54.18101,57.46579],[54.26359,57.46404],[54.11921,57.30927],[54.3193,57.2864],[54.32312,57.13837],[54.27672,57.10365],[54.39981,57.04288],[54.09864,56.96593],[54.09523,56.79783],[54.04572,56.75302],[53.82166,56.79948],[53.87282,56.69809],[53.8446,56.63809],[54.0758,56.66882],[54.04107,56.59251],[54.24499,56.43185],[54.31785,56.45128]]]}},{"type":"Feature","properties":{"id":"ru-uly","lat":53.73687,"lng":47.40629},"geometry":{"type":"MultiPolygon","coordinates":[[[[49.29118,54.88383],[49.47577,54.77542],[49.55794,54.66762],[49.52083,54.6377],[49.55938,54.56938],[50.06085,54.52199],[50.12018,54.43154],[50.20565,54.41807],[50.25712,54.29441],[50.22415,54.07381],[49.97414,53.9596],[49.95719,53.90679],[50.04804,53.87304],[50.03429,53.82633],[49.8559,53.83777],[49.82686,53.88715],[49.61705,53.81429],[49.41366,53.86834],[49.02929,53.85718],[48.87426,53.71644],[48.46632,53.76654],[48.59872,53.66833],[48.32649,53.66215],[48.4348,53.58071],[48.37558,53.47118],[48.21931,53.42883],[48.05684,53.47606],[47.94512,53.37431],[48.20195,53.14657],[48.15999,53.04451],[48.23027,52.99661],[48.27016,53.05663],[48.3638,53.06317],[48.32432,52.98436],[48.52172,52.97821],[48.59035,52.8806],[48.43697,52.78045],[48.09828,52.79461],[47.98976,52.74792],[48.08505,52.7204],[48.01963,52.67968],[47.84342,52.72314],[47.71826,52.58196],[47.57284,52.61617],[47.06186,52.57018],[46.94249,52.63524],[46.83066,52.61627],[46.83552,52.71301],[46.98321,52.77128],[46.90177,52.88179],[46.96957,53.17836],[46.87438,53.18668],[46.94311,53.26264],[46.9059,53.33532],[46.68018,53.47645],[46.49363,53.51089],[46.4988,53.62396],[46.27142,53.75731],[46.28279,53.80106],[46.19256,53.85025],[46.19959,53.92343],[46.00704,53.99836],[45.85356,53.96704],[45.79155,54.00389],[46.01831,54.18941],[46.27225,54.20605],[46.73816,54.34454],[46.51492,54.44448],[46.59047,54.50122],[46.48195,54.49719],[46.53693,54.58447],[46.43854,54.57843],[46.51936,54.6455],[46.44412,54.68788],[46.44133,54.77216],[46.85102,54.63124],[47.2419,54.67772],[47.41037,54.5005],[47.63743,54.5654],[47.76094,54.73501],[47.84156,54.72514],[47.8399,54.644],[48.07968,54.76764],[48.30385,54.7363],[48.29507,54.67832],[48.47501,54.63238],[48.82754,54.64783],[48.99735,54.78622],[49.29118,54.88383]]],[[[48.07916,55.0077],[48.08164,54.97708],[48.02873,54.96078],[48.07916,55.0077]]]]}},{"type":"Feature","properties":{"id":"ru-vgg","lat":49.41716,"lng":44.43841},"geometry":{"type":"Polygon","coordinates":[[[47.43446,50.37653],[47.29477,50.27543],[47.30872,50.0448],[46.89991,49.82032],[46.77511,49.33255],[46.97923,49.24428],[47.04,49.15033],[46.93003,49.00404],[46.75382,48.91407],[46.62019,48.6696],[46.29798,48.83999],[46.03247,48.8689],[45.61833,48.59553],[45.24709,48.55647],[45.22342,48.50867],[45.37173,48.45921],[45.32316,48.43043],[45.19386,48.48417],[45.03377,48.38878],[44.98416,48.27323],[45.15604,48.23564],[45.30062,48.09768],[45.12916,48.11391],[44.9546,48.20848],[44.82975,48.07169],[44.56899,48.05652],[44.53478,48.20548],[44.31112,48.25819],[44.32807,48.06384],[44.46522,48.03877],[44.38905,47.86827],[44.05884,47.90049],[43.9743,47.76683],[43.70517,47.68314],[43.63365,47.57038],[43.73152,47.47661],[43.66713,47.44599],[43.57215,47.48609],[43.22571,47.45015],[43.13652,47.57425],[42.94511,47.51664],[42.73096,47.8516],[42.49191,48.01361],[42.02062,48.03748],[42.09896,48.16094],[42.04945,48.2599],[42.1465,48.28718],[42.07788,48.41126],[42.27652,48.49797],[42.62864,48.54805],[42.70089,48.61822],[42.65314,48.7101],[42.74512,48.80472],[42.66275,48.9673],[42.39259,49.05308],[42.3438,49.15214],[42.07064,49.15188],[42.03426,49.26102],[42.09235,49.28867],[42.07198,49.50178],[42.17875,49.68622],[41.87613,49.90042],[41.61672,49.96217],[41.59139,50.0511],[41.49238,50.08356],[41.36205,50.22634],[41.50861,50.39212],[41.4189,50.50224],[41.52576,50.59867],[41.16579,50.77752],[41.72441,51.01823],[41.85494,51.18856],[41.94755,51.20419],[42.28283,51.1328],[42.84414,51.2362],[43.35976,51.01477],[43.98236,51.17305],[44.00809,51.08298],[44.16168,51.09264],[44.21025,51.19352],[44.44631,51.21155],[44.57695,51.13455],[44.63142,51.17347],[44.87244,51.15331],[45.18828,51.05135],[45.21133,50.9463],[45.31272,50.84754],[45.26166,50.74357],[45.16999,50.7152],[45.25474,50.67856],[45.22818,50.58844],[45.49514,50.61257],[45.52035,50.55619],[45.66763,50.5936],[45.67817,50.72946],[45.81067,50.77359],[46.06492,50.66316],[46.09376,50.52606],[46.46975,50.54818],[46.57559,50.69871],[46.70757,50.69089],[46.83159,50.64006],[46.80369,50.58653],[46.92885,50.49273],[47.19374,50.51035],[47.23953,50.37853],[47.43446,50.37653]]]}},{"type":"Feature","properties":{"id":"ru-vla","lat":55.96895,"lng":40.58235},"geometry":{"type":"Polygon","coordinates":[[[39.27164,56.53831],[39.33737,56.60936],[39.30978,56.68445],[39.35628,56.77209],[39.67937,56.82178],[39.85879,56.77963],[39.88008,56.64967],[39.8284,56.6159],[39.94798,56.48348],[40.15593,56.43428],[40.45823,56.53195],[40.50536,56.59613],[40.83713,56.58016],[40.91361,56.49945],[40.9628,56.53216],[41.08496,56.47283],[41.90073,56.54094],[41.96698,56.38653],[42.0664,56.36839],[42.28861,56.47128],[42.58792,56.42023],[42.76083,56.30607],[42.75473,56.22013],[42.9479,56.16872],[42.6983,56.13042],[42.64477,55.95165],[42.57542,55.97558],[42.39186,55.78264],[42.2634,55.76471],[42.10661,55.66384],[42.11653,55.61294],[42.04036,55.6087],[42.06837,55.48127],[42.134,55.44209],[41.93298,55.32985],[41.95406,55.27771],[41.85867,55.24092],[41.90259,55.19901],[41.87024,55.15761],[41.65826,55.10894],[41.422,55.12927],[41.19679,55.22175],[41.09613,55.19927],[41.08093,55.14738],[40.96456,55.2604],[40.62112,55.20521],[40.53575,55.32675],[40.20647,55.30934],[40.14332,55.51392],[40.03593,55.51656],[40.08503,55.6126],[39.90023,55.73448],[39.85672,55.82561],[39.35815,55.76104],[39.32466,55.8276],[39.05439,55.85246],[39.01584,55.92522],[38.83942,55.9009],[38.59788,55.96232],[38.50631,56.22577],[38.40275,56.26424],[38.39335,56.45573],[38.2934,56.53303],[38.37412,56.69659],[38.53329,56.62647],[38.56212,56.54192],[38.7588,56.60983],[39.27164,56.53831]]]}},{"type":"Feature","properties":{"id":"ru-vlg","lat":60.04915,"lng":41.06508},"geometry":{"type":"Polygon","coordinates":[[[37.77292,61.52214],[37.96454,61.14836],[38.17858,61.12593],[38.14489,61.07297],[38.22013,60.91954],[38.37226,60.95054],[38.42094,60.81122],[38.58579,60.79722],[38.66134,60.71138],[38.81141,60.71795],[38.95724,60.80688],[39.19061,60.65294],[39.17666,60.71423],[39.35877,60.68219],[39.63668,60.74647],[39.95377,60.64999],[40.35147,60.70797],[40.41803,60.78549],[40.54257,60.72131],[40.74648,60.77965],[40.79961,60.71738],[41.05933,60.64968],[41.34304,60.64596],[41.39409,60.85799],[41.53631,60.90037],[41.71945,60.84021],[41.92347,60.91747],[41.94724,60.83494],[42.39476,60.76942],[42.55051,60.78265],[42.65045,60.86311],[42.82305,60.8553],[42.97994,60.73686],[43.14985,60.806],[43.51086,60.76745],[43.52492,60.84719],[43.74692,60.89484],[43.77596,61.02077],[44.10783,61.08346],[44.16726,61.07973],[44.15754,60.99478],[44.20581,60.97181],[45.2291,60.90388],[45.37876,61.20546],[45.78669,61.16676],[45.76664,61.05459],[45.87816,61.01628],[46.28506,60.96775],[46.50851,61.06366],[46.58158,61.0],[46.74622,60.98284],[46.76172,60.90166],[47.08129,60.82585],[46.95913,60.66022],[47.05194,60.58176],[46.86187,60.5129],[46.74953,60.26113],[46.3017,60.24185],[46.3758,60.11623],[46.59894,60.06874],[47.03499,60.11711],[46.92575,59.80281],[47.11261,59.75268],[47.13669,59.69785],[47.11354,59.6113],[46.4064,59.63254],[46.35627,59.34697],[46.02937,59.30434],[45.91826,59.18442],[45.09113,59.18419],[44.99108,59.12161],[44.3318,59.13761],[44.14555,59.22703],[43.93595,59.20714],[43.74175,59.25954],[43.52595,59.16936],[43.49288,59.29721],[43.34085,59.27065],[43.3363,59.21168],[43.11192,59.29013],[43.02573,59.20781],[42.85406,59.16158],[42.67143,59.22843],[42.60146,59.31597],[42.28406,59.2616],[42.19043,59.3093],[42.18185,59.39658],[42.04935,59.42723],[41.9583,59.28997],[42.08987,59.22972],[42.0262,59.12161],[41.87458,59.0859],[41.74363,59.12084],[41.34128,58.95661],[41.17716,58.96286],[41.16827,58.90607],[41.24723,58.8771],[41.13416,58.7991],[41.22025,58.72959],[40.92601,58.57911],[40.62546,58.60598],[40.29277,58.54415],[40.16078,58.5586],[39.96896,58.75946],[39.83863,58.76768],[39.59503,58.90638],[39.53054,58.87692],[39.10121,58.95372],[38.93399,58.93754],[38.91807,58.88488],[39.0022,58.84928],[38.90184,58.79341],[38.90897,58.74014],[38.56336,58.77931],[38.4782,58.70603],[38.04763,58.73574],[37.89136,58.61715],[37.72238,58.62717],[37.62626,58.49023],[37.18753,58.77086],[37.12221,58.86604],[36.84801,58.84111],[36.78383,58.80649],[36.79644,58.7299],[36.70487,58.73399],[36.49972,58.53462],[36.32691,58.49762],[36.17333,58.52495],[36.23741,58.59487],[36.13943,58.61684],[36.1201,58.69962],[35.78617,58.74949],[35.82058,58.78659],[35.72467,58.83346],[35.39849,58.84354],[35.27343,58.76251],[35.21638,58.82824],[35.12461,58.81502],[35.16843,58.93325],[35.03944,58.91785],[34.83077,58.98741],[34.87242,59.0535],[34.73641,59.06681],[34.91625,59.24682],[35.38185,59.30033],[35.32025,59.33907],[35.44851,59.42769],[35.28894,59.49926],[35.48582,59.48546],[35.43497,59.52515],[35.49378,59.54717],[35.50029,59.65078],[35.63806,59.64675],[35.62721,59.70977],[35.40562,59.71243],[35.38247,59.87541],[35.47425,59.92291],[35.41306,59.97283],[35.0844,60.02957],[35.17277,60.0799],[35.14745,60.26883],[35.22672,60.33244],[35.25173,60.44535],[35.23871,60.65852],[35.14383,60.77655],[35.47156,60.87771],[35.49771,60.98134],[35.69181,61.12805],[35.60385,61.18831],[36.46685,61.40659],[36.63232,61.55314],[36.84987,61.54079],[36.99643,61.59443],[37.27827,61.50054],[37.77292,61.52214]],[[38.10985,61.01274],[38.08753,61.04165],[38.02262,61.04186],[38.03657,61.02087],[38.10985,61.01274]],[[44.48093,59.15686],[44.46657,59.20791],[44.42616,59.20186],[44.42533,59.18455],[44.48093,59.15686]]]}},{"type":"Feature","properties":{"id":"ru-vor","lat":50.8448,"lng":40.02341},"geometry":{"type":"Polygon","coordinates":[[[39.32766,49.72632],[39.18101,49.85949],[39.27236,50.05958],[39.09904,50.16474],[39.08478,50.34871],[38.99042,50.43274],[39.0977,50.50606],[39.06741,50.59815],[39.11878,50.6105],[38.72449,50.79008],[38.73286,50.89953],[38.87187,50.90092],[38.84583,51.03647],[38.73761,51.07368],[38.61845,50.99839],[38.40337,51.07135],[38.36947,51.14603],[38.50104,51.18886],[38.42032,51.27486],[38.29371,51.28473],[38.35201,51.37185],[38.28638,51.36728],[38.2748,51.53143],[38.13993,51.62868],[38.21889,51.63178],[38.2132,51.70718],[38.40978,51.6878],[38.50507,51.73188],[38.38684,51.77622],[38.40978,51.92019],[38.30395,51.91507],[38.29878,51.96102],[38.6877,52.10015],[38.76201,52.05238],[38.87053,52.09568],[39.03589,51.9883],[39.16054,52.093],[39.26523,52.10501],[39.44713,52.0822],[39.51441,52.02385],[39.49664,51.97269],[39.73807,51.92448],[40.12244,51.99238],[40.7346,51.9404],[40.93769,51.89024],[40.88756,51.74656],[41.06605,51.71018],[41.49228,51.8011],[41.9522,51.65638],[42.11694,51.64333],[42.11901,51.71411],[42.19239,51.7263],[42.27373,51.60042],[42.45584,51.62806],[42.86398,51.37588],[42.84455,51.31666],[42.90449,51.2408],[42.66906,51.22969],[42.57304,51.16851],[42.25482,51.13249],[41.85494,51.18856],[41.72441,51.01823],[41.16754,50.78052],[41.52576,50.59867],[41.4189,50.50224],[41.50861,50.39212],[41.28051,50.16459],[41.35048,50.08356],[41.10998,49.97245],[41.02926,49.79422],[40.88477,49.6903],[40.49048,49.59485],[39.99811,49.60824],[39.82871,49.54147],[39.62293,49.61346],[39.55751,49.72399],[39.32766,49.72632]]]}},{"type":"Feature","properties":{"id":"ru-yan","lat":67.57282,"lng":69.29818},"geometry":{"type":"MultiPolygon","coordinates":[[[[70.06153,66.56208],[70.09669,66.53897],[70.0547,66.50483],[69.87062,66.47785],[69.54542,66.59101],[69.57521,66.63825],[69.42457,66.76838],[69.25709,66.74628],[69.13071,66.79658],[69.47299,66.79767],[69.51677,66.73896],[69.63551,66.69383],[69.54037,66.76366],[70.04981,66.70893],[70.07985,66.63911],[70.02711,66.62523],[70.13063,66.55634],[70.06153,66.56208]]],[[[67.30828,69.43769],[67.09596,69.36579],[66.93865,69.4394],[66.96843,69.45942],[67.16529,69.41983],[67.30828,69.43769]]],[[[67.34506,69.54865],[67.21437,69.43293],[67.02182,69.47696],[67.29965,69.58446],[67.34506,69.54865]]],[[[66.86752,70.3808],[66.60727,70.46182],[66.59645,70.48941],[66.67555,70.53547],[66.86752,70.3808]]],[[[66.58253,70.50165],[66.39731,70.63032],[66.42799,70.79951],[66.58253,70.50165]]],[[[66.60572,71.00324],[66.50847,70.82795],[66.43393,70.82713],[66.60572,71.00324]]],[[[71.66912,73.22748],[71.73024,73.03441],[71.3745,73.17893],[70.46192,73.05117],[70.2566,73.03827],[70.10955,73.1009],[69.99936,73.06098],[70.10084,73.01797],[69.87485,73.03827],[70.06495,73.23713],[69.95932,73.39883],[70.46957,73.49921],[70.94874,73.51748],[71.22918,73.46475],[71.26783,73.44355],[71.1115,73.44733],[71.09645,73.31318],[70.98032,73.26537],[71.28891,73.25169],[71.43572,73.35297],[71.66912,73.22748]]],[[[65.03791,69.27105],[65.9026,69.11298],[65.63502,69.12665],[66.67848,68.89594],[67.0901,68.85566],[67.12908,68.83861],[67.03972,68.79707],[67.1963,68.70734],[67.58351,68.60334],[67.79322,68.47858],[68.13494,68.42341],[68.25864,68.33389],[68.18425,68.24213],[68.26254,68.24909],[68.2881,68.1883],[68.65089,68.31786],[68.56105,68.3725],[68.92351,68.63727],[69.10906,68.87897],[68.95143,68.90323],[69.21892,68.96214],[68.68605,68.91844],[68.45802,68.98457],[68.02621,69.3194],[68.10499,69.39704],[68.10662,69.54873],[68.03061,69.54059],[68.04021,69.48969],[67.82439,69.51073],[67.01726,69.70307],[66.97137,69.68773],[66.99968,69.65323],[66.85523,69.63687],[66.95769,69.53685],[66.79575,69.58617],[66.76881,69.76162],[66.88478,70.01288],[66.9782,70.0576],[66.98504,69.96955],[67.14332,69.98314],[67.32765,70.10602],[67.27914,70.10602],[67.27174,70.18887],[67.2435,70.14525],[67.09425,70.22089],[67.26629,70.41454],[67.29282,70.47663],[67.2151,70.52391],[67.33448,70.7578],[67.13844,70.84178],[66.68873,70.76984],[66.60825,70.88068],[66.8895,71.07868],[66.81951,71.10098],[66.69028,71.00137],[66.62045,71.05785],[66.81129,71.1612],[66.91212,71.29475],[67.58839,71.41511],[68.25506,71.6883],[68.34881,71.6752],[68.30779,71.71674],[68.64373,72.03319],[68.85231,72.46686],[68.91725,72.48395],[68.86939,72.53238],[68.97682,72.65571],[69.05445,72.66205],[68.97576,72.69599],[69.23178,72.80451],[69.35377,72.95258],[69.79493,72.96369],[69.55665,72.91376],[69.58823,72.87848],[71.56324,72.91596],[72.00831,72.83397],[71.81658,72.81232],[71.88648,72.79662],[72.13103,72.83161],[72.83692,72.70991],[72.72145,72.70303],[72.80958,72.65522],[72.73146,72.59723],[72.84498,72.52041],[72.79851,72.41327],[72.87428,72.28107],[72.577,72.0445],[72.52223,71.92227],[72.35084,71.8642],[72.34498,71.70816],[71.8034,71.48029],[72.10572,71.29035],[72.63648,71.13166],[72.67644,71.08955],[72.63209,71.01105],[72.83692,70.85961],[72.7754,70.69514],[72.68328,70.6166],[72.7754,70.53807],[72.77133,70.42524],[72.43556,70.28588],[72.62159,70.16169],[72.49195,70.04121],[72.69166,69.83686],[72.50172,69.64672],[72.63836,69.44135],[72.48805,69.41401],[72.64772,69.29222],[72.47787,69.17695],[72.5774,68.94038],[72.85182,68.79776],[73.53907,68.581],[73.64625,68.45783],[73.5337,68.48151],[73.09083,68.21426],[73.13706,68.16625],[73.07277,68.0904],[73.20444,67.95722],[73.19549,67.84951],[73.07154,67.81558],[73.15138,67.73188],[73.11427,67.69038],[73.0394,67.72858],[72.85206,67.63532],[72.58131,67.62019],[72.53289,67.52009],[72.39186,67.46747],[72.45427,67.40062],[72.4026,67.32807],[72.04835,67.30288],[72.2142,67.22378],[72.22592,67.15949],[72.12794,67.20677],[72.13852,67.15965],[71.91326,67.13231],[72.01498,67.11127],[71.99464,67.05598],[71.74757,66.91608],[71.30193,66.95356],[71.5149,66.87848],[71.48072,66.82697],[71.58424,66.73163],[71.57691,66.65876],[71.16537,66.65876],[71.23365,66.62523],[70.93946,66.5843],[70.98032,66.53588],[70.68865,66.51537],[70.41326,66.56318],[70.29518,66.63825],[70.67994,66.71601],[70.7234,66.76179],[70.31568,66.67988],[69.8978,66.87165],[69.8366,66.81631],[69.60255,66.83755],[69.63722,66.79658],[69.59799,66.78905],[69.39772,66.83023],[68.96502,66.80956],[69.10377,66.77131],[69.11264,66.61884],[69.38648,66.51337],[70.36264,66.33442],[71.42888,66.35594],[71.99008,66.23078],[72.30633,66.28852],[72.37623,66.34125],[72.36671,66.47118],[72.41236,66.50853],[72.28883,66.50113],[72.31756,66.52753],[72.49366,66.6188],[72.94239,66.65668],[73.0031,66.73945],[73.49236,66.82343],[73.65707,66.94196],[73.79713,66.9641],[73.91993,67.0777],[73.8921,67.11872],[73.95289,67.23094],[73.89959,67.29621],[74.09832,67.43187],[74.74887,67.70653],[74.82496,67.9405],[74.72543,68.15241],[74.33155,68.38556],[74.45777,68.50629],[74.41342,68.61953],[74.48113,68.72053],[75.19068,68.87482],[76.11313,68.97773],[76.60906,68.96601],[76.6963,68.85773],[76.61883,68.80536],[76.66261,68.76264],[77.32569,68.52334],[77.24781,68.45694],[77.2951,68.38174],[77.16188,68.29365],[77.35662,68.2329],[77.21656,68.10497],[77.24122,68.04401],[77.19256,67.98517],[77.30519,67.9101],[77.21656,67.83124],[77.08326,67.83307],[77.12029,67.76854],[77.67555,67.61717],[77.69304,67.54532],[79.0525,67.57054],[78.806,67.62519],[78.86801,67.65314],[78.56471,67.60407],[78.46339,67.63264],[78.61036,67.66254],[78.43849,67.70254],[78.40016,67.6374],[78.32683,67.67976],[77.87428,67.68529],[77.9489,67.72822],[77.77573,67.77839],[77.49415,67.75129],[77.47877,67.90729],[77.58644,67.94794],[77.46974,67.9951],[77.53696,68.12861],[77.70851,68.22187],[78.17262,68.27436],[77.95851,68.39838],[77.92791,68.51903],[77.78688,68.51459],[77.64698,68.91112],[76.92905,69.00934],[76.73121,69.13125],[76.042,69.23908],[75.50856,69.26142],[75.12924,69.15729],[75.09197,69.1328],[75.15398,69.11921],[75.10711,69.10395],[74.7728,69.08124],[74.31373,69.14639],[73.96127,69.08381],[73.77662,69.15396],[73.7566,69.19904],[73.89959,69.42084],[73.51596,69.7464],[73.65992,69.85969],[73.76482,70.07905],[73.70769,70.16132],[74.31617,70.52033],[74.31788,70.66779],[73.9275,70.85537],[73.89576,70.9726],[73.70362,71.07144],[73.55616,71.25511],[73.02247,71.42878],[73.49855,71.66494],[73.52491,71.70624],[73.47022,71.77342],[73.52589,71.82221],[74.33155,71.95571],[74.99488,72.13784],[75.07569,72.21015],[75.1111,72.34642],[75.05885,72.59504],[74.74155,72.8144],[75.03663,72.88166],[75.52231,72.75983],[75.33823,72.68317],[75.42091,72.69684],[75.68718,72.5854],[75.702,72.54702],[75.55649,72.4975],[75.66725,72.33307],[75.75473,72.30638],[75.51783,72.15323],[75.51694,72.0764],[75.41407,72.03144],[75.43897,71.98534],[75.25367,71.94221],[75.28354,71.89423],[75.22755,71.77741],[75.49171,71.66608],[75.39243,71.61786],[75.53289,71.5423],[75.44191,71.46223],[75.24155,71.45356],[75.26303,71.36555],[76.10841,71.20449],[76.88893,71.19042],[76.91424,71.07246],[76.96258,71.11347],[76.92905,71.16059],[77.00514,71.18448],[77.78272,71.14248],[77.86541,71.11005],[77.9489,70.97626],[78.41139,70.89545],[79.0534,70.94196],[79.01832,70.96882],[79.10279,71.02025],[78.44239,70.91425],[78.46339,71.02411],[78.55974,71.04515],[78.5254,71.09296],[78.3462,71.0998],[78.49757,71.04515],[78.43043,71.04475],[78.23756,71.10969],[78.31105,71.20844],[78.27898,71.25894],[77.92848,71.25747],[77.90113,71.31269],[77.98829,71.37474],[77.71192,71.28132],[77.43556,71.3332],[77.4922,71.30134],[77.10353,71.42398],[76.27231,71.5729],[76.26352,71.65314],[75.99684,71.9079],[76.87818,72.05003],[77.58465,71.83112],[78.10955,71.88044],[78.22576,71.98257],[77.98561,72.10952],[77.51059,72.06208],[77.37721,72.11017],[77.49073,72.17544],[77.47389,72.22236],[77.66822,72.19282],[78.12452,72.38459],[78.50276,72.38191],[78.44744,72.34757],[78.6558,72.25833],[78.60991,72.2082],[78.91418,72.11622],[79.43632,72.03963],[79.69491,72.05769],[80.33911,71.8898],[80.03639,71.83076],[80.11938,71.77872],[80.07618,71.76466],[80.10232,71.66457],[79.86823,71.60165],[79.371,71.61237],[79.35798,71.49427],[79.14321,71.41523],[79.22703,71.32081],[79.5652,71.27736],[79.95443,71.13411],[80.53765,71.05936],[80.56473,70.86038],[80.68586,70.80121],[80.59284,70.72225],[80.75748,70.65558],[80.60958,70.5011],[80.79458,70.43834],[80.74714,70.39405],[80.56907,70.46082],[80.18087,70.43431],[80.18273,70.39328],[79.88043,70.27809],[79.71723,70.27959],[79.49637,70.11174],[79.33348,70.1476],[79.3555,70.04996],[79.19664,70.05043],[79.13381,70.00841],[79.17184,69.96333],[78.87987,69.87966],[79.13039,69.73879],[79.01195,69.70339],[79.4911,69.65446],[79.86461,69.34858],[80.73422,69.30812],[80.96687,69.20911],[81.32385,69.28564],[81.57107,69.27329],[81.63608,69.30556],[81.62616,69.41478],[81.68497,69.44651],[81.9294,69.34931],[81.76145,69.25236],[81.84103,69.1964],[82.45309,69.16188],[82.4937,69.1054],[82.32896,69.04648],[82.49277,68.9868],[82.55158,68.82691],[82.78743,68.79497],[82.80345,68.7418],[83.03879,68.66733],[82.4689,68.57664],[82.67933,68.49179],[82.70268,68.298],[82.57411,68.25537],[82.53329,68.17031],[82.39459,68.17661],[82.36462,67.94588],[81.72559,67.92381],[81.89508,67.78883],[82.10034,67.72439],[82.04918,67.65458],[82.10965,67.609],[82.38901,67.5342],[82.25134,67.41924],[82.3579,67.33085],[82.11729,67.2438],[83.16188,66.81799],[83.29655,66.67324],[83.08891,66.60973],[83.09098,66.45917],[83.5354,66.1926],[83.29283,66.06599],[83.52124,65.90833],[83.51814,65.82249],[83.59234,65.77542],[84.03097,65.79304],[84.16833,65.70338],[84.31943,65.68442],[84.29742,65.61749],[84.19582,65.59538],[84.49834,65.50381],[84.58391,65.29121],[84.31282,65.09846],[84.38682,64.99386],[84.28336,64.90891],[84.92012,64.92787],[84.96673,64.89924],[84.93924,64.82328],[85.09272,64.81088],[85.16083,64.75057],[85.55894,64.83],[85.838,64.77734],[85.81019,64.64773],[85.91603,64.58849],[85.84151,64.45917],[86.03023,64.26455],[85.93422,64.12275],[85.95789,64.0596],[85.53352,63.93672],[85.26945,63.65146],[85.03184,63.58635],[85.29911,63.51741],[85.4189,63.34921],[85.67212,63.35975],[85.46944,63.14919],[85.58633,63.07419],[85.49611,62.98623],[85.51833,62.93257],[85.22522,62.80123],[85.09003,62.63799],[84.89407,62.54107],[84.87175,62.45862],[84.4357,62.17796],[84.23696,62.37671],[84.01919,62.39676],[83.78882,62.56311],[83.28291,62.46053],[82.75808,62.67013],[82.7493,62.7539],[82.16494,62.80945],[81.78398,62.68845],[81.33936,62.82578],[81.17472,62.97166],[81.11498,63.11553],[80.58416,63.08256],[80.55294,63.00086],[79.91474,62.79203],[79.82007,62.60372],[78.79305,62.61509],[78.37943,62.56776],[78.02628,62.4611],[77.88902,62.55727],[77.15801,62.79147],[77.02623,62.97502],[76.68837,63.03941],[76.29739,62.94965],[76.24024,63.01884],[75.86124,63.11108],[74.50742,63.04323],[74.24108,63.17201],[73.36806,63.20694],[73.10379,63.43626],[72.65503,63.28017],[72.16079,63.29924],[71.98768,63.20193],[71.60796,63.18524],[71.55101,63.58997],[71.38761,63.67462],[70.92345,63.68722],[70.81318,63.82171],[70.63768,63.90323],[70.55831,64.00224],[70.77576,64.11433],[70.76894,64.19355],[70.47273,64.25161],[70.30685,64.34357],[69.99989,64.31589],[69.69314,64.4],[69.37854,64.39038],[69.23084,64.47002],[68.85919,64.4357],[68.99045,64.32961],[68.88213,64.22264],[68.425,64.29597],[67.79889,64.03165],[67.6791,64.07904],[67.28068,64.08061],[67.17092,64.16285],[66.81869,64.22562],[66.79637,64.32615],[66.93631,64.48705],[66.68165,64.55746],[66.46564,64.51198],[66.01905,64.59482],[65.39966,64.57136],[65.1759,64.44578],[64.60115,64.43731],[64.47703,64.36021],[64.01618,64.35744],[63.88791,64.2844],[63.61145,64.26848],[63.41342,64.32822],[63.5053,64.37519],[63.45828,64.45948],[63.237,64.52356],[62.89986,64.47661],[62.53565,64.55477],[62.59259,64.64045],[62.80643,64.73517],[62.81046,64.83573],[62.67765,64.89123],[62.80147,65.05143],[62.81666,65.29157],[62.48128,65.34929],[62.37359,65.44887],[62.41059,65.51541],[62.2784,65.62292],[62.01847,65.71713],[62.85066,65.87298],[62.80281,65.93148],[62.88415,65.97985],[62.82142,66.01246],[62.86224,66.07473],[63.10543,66.24991],[63.2955,66.23921],[63.24155,66.32805],[63.41487,66.48013],[63.54096,66.47083],[63.98135,66.65146],[64.29481,66.66312],[64.53408,66.72786],[64.57645,66.79799],[65.10469,66.89463],[65.07813,67.04154],[65.21579,67.0756],[65.19016,67.145],[65.66186,67.31072],[65.71261,67.34015],[65.69091,67.38472],[65.97378,67.40214],[66.11,67.48878],[66.036,67.5751],[65.79612,67.56784],[65.85162,67.65448],[66.10473,67.64657],[66.20591,67.69303],[66.19816,67.73959],[66.01957,67.79814],[66.08954,67.92965],[65.43655,67.91996],[65.28979,68.01233],[65.33062,68.09065],[65.27656,68.23563],[65.65432,68.55618],[65.40834,68.66103],[65.41123,68.7233],[65.33,68.7258],[65.31491,68.80329],[64.78977,68.89228],[64.57883,68.86479],[64.52602,68.90654],[64.58017,68.95248],[64.51186,69.00132],[64.98997,69.20472],[65.03791,69.27105]]],[[[78.39454,72.4914],[77.58644,72.2853],[77.12713,72.2779],[76.85271,72.33307],[77.6102,72.63471],[78.23081,72.56916],[78.39454,72.4914]]],[[[74.9616,73.05996],[74.70265,73.07876],[74.63941,72.96027],[74.70826,72.90168],[74.65626,72.85863],[74.09327,73.02778],[74.18458,73.107],[74.47462,73.13443],[74.84522,73.09369],[74.9616,73.05996]]],[[[76.72885,73.14399],[76.31837,73.1481],[76.13331,73.20832],[76.65577,73.19701],[76.72885,73.14399]]],[[[71.34718,73.35228],[71.21412,73.28506],[71.13746,73.29267],[71.24952,73.41787],[71.34254,73.40229],[71.34718,73.35228]]],[[[75.87045,73.49291],[75.90064,73.47085],[75.49643,73.44969],[75.54428,73.49811],[75.30421,73.40876],[75.61939,73.55341],[76.07936,73.55956],[75.87045,73.49291]]],[[[76.75441,73.42988],[76.27735,73.51862],[76.07195,73.52546],[76.25074,73.55419],[76.73121,73.46979],[76.75441,73.42988]]]]}},{"type":"Feature","properties":{"id":"ru-yar","lat":57.781,"lng":39.06645},"geometry":{"type":"Polygon","coordinates":[[[40.92601,58.57911],[41.16393,58.36088],[40.88146,58.19402],[40.88467,58.12555],[40.60768,57.9269],[40.66442,57.58496],[40.60748,57.53866],[40.49906,57.58031],[40.44025,57.5523],[40.48986,57.49944],[40.38671,57.50326],[40.45017,57.43644],[40.39974,57.41825],[40.44521,57.27635],[40.19489,57.28451],[40.17794,57.2056],[39.84173,57.17682],[39.82695,57.10959],[39.5202,57.02685],[39.57932,56.96753],[39.3905,56.84397],[39.41716,56.77209],[39.35628,56.77209],[39.30978,56.68445],[39.33737,56.60936],[39.27164,56.53831],[38.7588,56.60983],[38.54807,56.54735],[38.51045,56.64445],[38.32276,56.71098],[38.12112,56.87493],[38.20183,56.89792],[38.2101,56.96262],[38.15264,56.98753],[38.25992,57.08907],[38.15264,57.2271],[38.30643,57.27635],[38.28576,57.36577],[38.08628,57.34177],[37.79483,57.43355],[37.84062,57.46672],[37.79524,57.51],[37.82759,57.63075],[37.65561,57.67514],[37.34638,57.88685],[37.49552,57.89362],[37.36654,57.97713],[37.51516,57.98705],[37.53975,58.04938],[37.67225,58.07542],[37.3468,58.24828],[37.42193,58.31525],[37.36984,58.34941],[37.44911,58.40755],[37.64404,58.42935],[37.62626,58.49023],[37.72238,58.62717],[37.89136,58.61715],[38.04763,58.73574],[38.4782,58.70603],[38.56336,58.77931],[38.90897,58.74014],[38.90184,58.79341],[39.0022,58.84928],[38.91807,58.88488],[38.94029,58.94431],[39.59503,58.90638],[39.83863,58.76768],[39.96896,58.75946],[40.1953,58.54976],[40.62546,58.60598],[40.92601,58.57911]]]}},{"type":"Feature","properties":{"id":"ru-yev","lat":48.53122,"lng":132.789},"geometry":{"type":"Polygon","coordinates":[[[130.63929,48.47725],[130.60767,48.57673],[130.52974,48.61626],[130.67392,48.92425],[130.84021,48.98611],[130.98273,48.97215],[131.18241,49.24986],[131.4627,49.20581],[131.79829,49.32541],[131.98639,49.23643],[131.99828,49.37363],[132.07259,49.38944],[132.06381,49.46194],[132.11982,49.48551],[132.39774,49.39295],[132.39164,49.29239],[132.65002,49.2896],[132.76981,49.34802],[132.81539,49.23472],[133.1734,49.17509],[133.3213,48.81919],[133.77006,48.75925],[133.92137,48.6416],[134.10502,48.63274],[134.39183,48.74297],[134.56112,48.59765],[134.98662,48.59481],[134.9059,48.42795],[134.76917,48.37374],[134.5051,48.41366],[133.73791,48.25109],[133.52439,48.09544],[133.09196,48.10678],[132.80588,47.9362],[132.67462,47.95061],[132.53644,47.71107],[132.33242,47.73652],[131.91405,47.66763],[131.59396,47.66231],[131.41837,47.74262],[131.08433,47.67513],[130.9418,47.71797],[130.90698,47.88426],[130.67474,48.06394],[130.67474,48.13593],[130.82512,48.31777],[130.74327,48.41159],[130.75897,48.48572],[130.63929,48.47725]]]}},{"type":"Feature","properties":{"id":"ru-zab","lat":53.76689,"lng":118.04739},"geometry":{"type":"Polygon","coordinates":[[[114.75375,50.23621],[114.28629,50.27688],[113.84982,50.08072],[113.57966,50.01994],[113.18268,49.80197],[113.06083,49.59599],[112.77713,49.50137],[112.47327,49.53413],[112.0302,49.41187],[111.33845,49.36474],[110.68806,49.13452],[110.37117,49.24175],[110.18142,49.16196],[109.72853,49.26645],[109.51624,49.25591],[109.28669,49.33854],[108.53806,49.32743],[107.92745,49.67004],[107.95649,49.92336],[107.7446,49.96735],[107.79707,50.03369],[107.77237,50.15208],[107.92626,50.21482],[107.99024,50.33476],[108.13173,50.31822],[108.20097,50.40829],[108.67578,50.49475],[108.17978,50.6596],[108.06703,50.75349],[108.24965,50.84351],[108.33574,51.04583],[108.57004,51.11078],[108.35424,51.26731],[108.59154,51.50616],[108.94201,51.44048],[109.07389,51.50662],[109.24721,51.36596],[109.36679,51.35278],[110.04923,51.61608],[110.677,51.50445],[110.86241,51.59499],[110.84494,51.66463],[111.05506,51.79369],[111.59467,51.92551],[112.06957,52.28037],[112.16714,52.29955],[112.20621,52.24477],[112.40537,52.20839],[112.54479,52.34704],[112.93061,52.33717],[113.26609,52.47545],[113.58059,52.45447],[113.7442,52.57364],[114.10294,52.70464],[114.23802,52.82546],[114.2283,52.95537],[114.31285,52.97181],[114.32515,53.06772],[114.12898,53.07635],[114.19771,53.19252],[113.98284,53.23623],[113.94615,53.35183],[113.84249,53.38181],[113.88941,53.53539],[113.81448,53.64903],[113.98222,53.68138],[113.98346,53.74375],[114.32608,53.79002],[114.60596,53.93908],[114.95756,54.01924],[115.17915,54.21059],[115.49107,54.32867],[115.51432,54.3972],[115.62936,54.44228],[116.19046,54.53848],[116.50817,54.49755],[116.72335,54.5652],[116.77409,54.69031],[116.88365,54.73754],[116.86608,54.79113],[116.92747,54.82588],[116.89274,54.9767],[116.82443,55.01396],[116.78246,55.14366],[116.46879,55.25787],[116.39334,55.4022],[115.945,55.41378],[115.96794,55.47636],[115.88671,55.54534],[115.91327,55.67495],[115.84485,55.70482],[115.89704,55.94808],[115.76247,56.07596],[115.83761,56.17895],[115.68796,56.32669],[115.69437,56.43919],[115.80051,56.46611],[115.68052,56.52534],[115.68785,56.59536],[115.49045,56.6199],[115.43412,56.6898],[115.58729,56.74718],[115.58905,56.90195],[115.7108,56.9635],[116.12204,56.81266],[116.36161,56.84733],[116.79652,56.7245],[117.13107,56.80418],[117.32786,56.94273],[117.41137,56.82661],[117.57084,56.85121],[117.57229,56.92996],[117.68535,57.0136],[117.60092,57.14969],[117.74282,57.19584],[117.79449,57.29268],[117.59709,57.32115],[117.43193,57.25475],[117.44361,57.32932],[117.36568,57.32818],[117.25427,57.51385],[117.28662,57.6125],[117.14193,57.64129],[117.17272,57.73648],[117.08612,57.81027],[117.4093,57.90582],[117.3663,57.9946],[117.40806,58.12679],[117.58727,58.18017],[117.4678,58.29892],[117.66861,58.3952],[118.31736,58.35251],[118.39839,58.26482],[118.63041,58.17516],[119.10811,58.2227],[119.15979,58.04163],[119.04424,57.74082],[119.15565,57.69441],[119.14232,57.53344],[119.20051,57.50543],[119.32122,57.61008],[119.49517,57.58589],[119.40463,57.43189],[119.68627,57.1684],[119.62126,57.02086],[119.89845,56.8894],[119.66952,56.76496],[119.86589,56.68545],[119.80926,56.59763],[119.96036,56.49314],[120.26608,56.45751],[120.26049,56.39521],[120.54058,56.27483],[120.52684,56.23171],[120.06164,56.1382],[120.05534,56.07813],[120.16272,55.98413],[120.13399,55.90902],[120.40178,55.86468],[120.88764,56.01017],[121.207,56.01586],[121.35428,55.80882],[121.30167,55.73195],[121.36337,55.50736],[121.54775,55.50333],[121.79838,55.61376],[121.89089,55.60095],[121.98359,55.47643],[121.93926,55.21415],[122.024,55.18092],[121.93316,55.12136],[121.9467,54.99411],[121.67023,54.82601],[121.65204,54.74105],[121.89678,54.80115],[121.92437,54.57504],[122.13511,54.42794],[121.90184,54.36914],[121.8143,54.4358],[121.71322,54.41521],[121.65483,54.35549],[121.7526,54.27622],[121.7526,54.1444],[121.63354,54.08244],[121.64315,54.0121],[121.80345,53.96322],[121.92592,53.82271],[122.02505,53.42982],[121.20349,53.27675],[120.84573,53.27344],[120.28018,52.86592],[120.03296,52.76066],[120.07937,52.58997],[120.45402,52.63904],[120.72398,52.54217],[120.62616,52.34681],[120.75809,52.23741],[120.77917,52.1176],[120.6476,51.91102],[120.10045,51.65995],[119.95286,51.39767],[119.8953,51.38397],[119.91566,51.33074],[119.76218,51.21504],[119.74084,51.07153],[119.51796,50.9048],[119.49666,50.73706],[119.29358,50.59924],[119.24366,50.4455],[119.13348,50.38147],[119.36396,50.31946],[119.33776,50.12412],[119.20852,50.01514],[118.64436,49.95457],[117.87377,49.51321],[117.76886,49.51098],[117.47286,49.61429],[117.05759,49.67289],[116.72231,49.80166],[116.57545,49.92176],[116.21764,50.01385],[115.71627,49.87778],[115.38782,49.89106],[114.99735,50.14433],[114.75375,50.23621]]]}},{"type":"Feature","properties":{"id":"ua-40","lat":44.63483,"lng":33.62902},"geometry":{"type":"Polygon","coordinates":[[[33.73,44.39797],[33.37232,44.57648],[33.57154,44.62055],[33.51482,44.64912],[33.55958,44.84976],[33.67453,44.79165],[33.62521,44.66145],[33.70905,44.66638],[33.72976,44.55394],[33.85207,44.43163],[33.73,44.39797]]]}},{"type":"Feature","properties":{"id":"ua-43","lat":45.30897,"lng":34.21986},"geometry":{"type":"Polygon","coordinates":[[[33.61988,45.95075],[33.67028,46.21811],[33.80188,46.20271],[34.33393,46.06969],[34.46461,45.95535],[34.68864,45.97402],[34.78431,45.89934],[34.80998,45.785],[35.00189,45.729],[35.33221,45.37124],[35.48072,45.2978],[35.71599,45.34056],[35.83326,45.47089],[35.98601,45.36274],[36.11793,45.4571],[36.28403,45.47663],[36.58326,45.42739],[36.63836,45.35126],[36.50245,45.34687],[36.43727,45.27204],[36.44011,45.06745],[35.84799,44.99242],[35.70639,45.09467],[35.5062,45.11351],[35.40805,45.06249],[35.43539,45.00483],[35.37403,44.99799],[35.3672,44.94335],[35.25603,44.95869],[35.08082,44.79377],[34.98601,44.84028],[34.72096,44.81098],[34.46901,44.7298],[34.33131,44.54548],[34.10255,44.42512],[33.73,44.39797],[33.85207,44.43163],[33.72976,44.55394],[33.70905,44.66638],[33.62521,44.66145],[33.6114,44.72063],[33.68932,44.75417],[33.58082,44.81926],[33.61964,44.93146],[33.53745,45.11738],[33.3965,45.18977],[33.25961,45.15607],[32.89926,45.35423],[32.59148,45.32014],[32.48162,45.40888],[33.17612,45.74311],[33.1692,45.78441],[33.26539,45.75381],[33.48219,45.85448],[33.69166,45.86075],[33.69353,45.9145],[33.77703,45.92963],[33.61988,45.95075]]]}}]}
