{"type":"FeatureCollection","features":[{"type":"Feature","properties":{"id":"us-ak","lat":63.08694,"lng":-152.01249},"geometry":{"type":"MultiPolygon","coordinates":[[[[-179.06159,51.24771],[-179.11901,51.2154],[-179.1435,51.27505],[-179.08825,51.29609],[-179.06159,51.24771]]],[[[-178.90425,51.35383],[-178.98689,51.30752],[-178.97224,51.39655],[-178.90425,51.35383]]],[[[-177.80028,51.79572],[-177.93346,51.5987],[-178.10139,51.66543],[-177.95539,51.76374],[-178.21382,51.87604],[-177.95226,51.92475],[-177.84065,51.83674],[-177.62218,51.85716],[-177.80028,51.79572]]],[[[-176.4156,51.75479],[-176.58812,51.68586],[-176.7104,51.68586],[-176.7104,51.61701],[-176.81444,51.61555],[-176.8271,51.72004],[-176.91706,51.60155],[-176.97789,51.60029],[-176.96662,51.66913],[-176.82026,51.7685],[-176.90478,51.80756],[-176.70417,51.78827],[-176.77986,51.82905],[-176.706,51.85969],[-176.77929,51.90868],[-176.75878,51.95344],[-176.54589,51.98013],[-176.54943,51.91413],[-176.64147,51.85716],[-176.42768,51.8343],[-176.4156,51.75479]]],[[[-178.85888,51.79572],[-178.81359,51.83918],[-178.74018,51.78364],[-178.8083,51.7473],[-178.85888,51.79572]]],[[[-177.07482,51.92259],[-177.13695,51.82282],[-177.15669,51.70014],[-177.43615,51.7259],[-177.66002,51.65298],[-177.7047,51.70014],[-177.29247,51.78278],[-177.21553,51.81879],[-177.19441,51.93],[-177.07482,51.92259]]],[[[-176.26472,51.81623],[-176.39704,51.74189],[-176.42304,51.85102],[-176.279,51.85716],[-176.35412,51.8299],[-176.26472,51.81623]]],[[[-175.99096,51.81],[-176.13561,51.8299],[-176.14867,51.77529],[-176.22374,51.84357],[-176.1739,51.88532],[-176.11193,51.83857],[-176.06286,51.85497],[-175.99096,51.81]]],[[[-176.01032,51.91242],[-175.977,51.85236],[-176.10774,51.88451],[-176.01032,51.91242]]],[[[-175.71044,51.95002],[-175.72411,51.97386],[-175.66206,51.96703],[-175.71044,51.95002]]],[[[-175.91035,51.96723],[-175.87495,51.99437],[-175.80602,51.98749],[-175.91035,51.96723]]],[[[-176.18721,52.06806],[-176.06871,52.10765],[-175.96369,52.03535],[-176.04304,51.96337],[-176.16487,51.9986],[-176.18721,52.06806]]],[[[-172.9558,52.08991],[-173.49022,52.02167],[-173.68883,52.06949],[-173.83601,52.04336],[-174.05944,52.1247],[-173.88744,52.13837],[-173.80553,52.08991],[-173.59203,52.15205],[-173.3531,52.08991],[-172.9558,52.08991]]],[[[-174.20283,52.21284],[-174.09895,52.11298],[-174.22326,52.1247],[-174.21642,52.08991],[-174.42992,52.11005],[-174.37413,52.10423],[-174.41137,52.04279],[-174.52497,52.0974],[-174.49018,52.03535],[-175.34053,52.01484],[-175.01985,52.03148],[-174.90657,52.11489],[-174.60155,52.10464],[-174.49763,52.15205],[-174.55907,52.17935],[-174.41267,52.17121],[-174.44921,52.21284],[-174.33935,52.18618],[-174.22826,52.26752],[-174.43554,52.3227],[-174.1903,52.41787],[-173.99189,52.31257],[-174.05195,52.24079],[-174.20283,52.21284]]],[[[-172.30158,52.34431],[-172.52941,52.25023],[-172.63305,52.2613],[-172.44127,52.39908],[-172.30158,52.34431]]],[[[-171.31163,52.46426],[-171.25642,52.52945],[-171.20763,52.49873],[-171.22216,52.46308],[-171.31163,52.46426]]],[[[-170.56725,52.6507],[-170.62194,52.5939],[-170.83739,52.54926],[-170.74372,52.6787],[-170.64708,52.69916],[-170.56725,52.6507]]],[[[-170.0561,52.76032],[-170.19441,52.72744],[-170.18696,52.78266],[-170.0561,52.76032]]],[[[-169.68663,52.87202],[-169.72338,52.77448],[-169.86482,52.82087],[-169.9641,52.7895],[-170.01167,52.83771],[-169.78291,52.89252],[-169.68663,52.87202]]],[[[-170.10481,52.87116],[-170.10322,52.91633],[-169.99458,52.90559],[-170.03059,52.86457],[-170.10481,52.87116]]],[[[-169.74812,52.94652],[-169.75329,53.02481],[-169.68073,53.03319],[-169.66621,53.00117],[-169.74812,52.94652]]],[[[-168.22578,53.25971],[-168.48994,53.04206],[-169.11128,52.82364],[-168.87108,52.95401],[-168.77208,53.06696],[-168.77534,53.1708],[-168.62336,53.27424],[-168.36079,53.27131],[-168.43285,53.33006],[-168.36461,53.46792],[-168.00829,53.5703],[-167.79479,53.50202],[-167.87116,53.42695],[-167.85005,53.3854],[-168.22578,53.25971]]],[[[-169.47436,56.593],[-169.63268,56.54466],[-169.78905,56.62035],[-169.47436,56.593]]],[[[-170.10444,57.25039],[-170.28999,57.10639],[-170.27571,57.14793],[-170.4121,57.1848],[-170.10444,57.25039]]],[[[-172.20857,60.31346],[-172.59996,60.32982],[-173.05761,60.49844],[-173.03767,60.56538],[-172.92504,60.60668],[-172.90669,60.52827],[-172.81184,60.47797],[-172.20857,60.31346]]],[[[-173.1136,60.65302],[-173.06245,60.67853],[-173.05297,60.62393],[-173.1136,60.65302]]],[[[-169.93187,63.13915],[-169.79003,63.05166],[-169.77709,63.03506],[-169.93187,63.13915]]],[[[-170.29621,63.23941],[-170.44966,63.3251],[-170.70783,63.39521],[-170.29621,63.23941]]],[[[-168.81184,63.17011],[-169.35115,63.17621],[-169.52648,63.09138],[-169.57746,63.04076],[-169.54267,62.9936],[-169.66621,62.94522],[-169.75556,62.96564],[-169.70531,63.04019],[-169.81745,63.12678],[-170.26203,63.19843],[-170.23497,63.28352],[-170.44432,63.3592],[-170.85615,63.46035],[-171.08385,63.44489],[-171.43932,63.31977],[-171.73558,63.37592],[-171.85289,63.52119],[-171.72802,63.79613],[-171.63573,63.77729],[-171.6339,63.70038],[-171.40722,63.64411],[-171.54377,63.62299],[-171.48717,63.60895],[-170.93696,63.57168],[-170.64623,63.68505],[-170.31005,63.69868],[-170.08247,63.61518],[-170.03856,63.53193],[-170.08454,63.48583],[-169.65734,63.43964],[-169.52156,63.35297],[-169.29149,63.35932],[-169.18672,63.30146],[-169.0703,63.32136],[-169.22114,63.34927],[-168.68611,63.30146],[-168.81184,63.17011]]],[[[-169.51232,63.37376],[-169.50813,63.37336],[-169.44094,63.36354],[-169.48933,63.36783],[-169.51232,63.37376]]],[[[-171.05854,63.43012],[-171.02925,63.43867],[-170.78405,63.40852],[-171.05854,63.43012]]],[[[-171.0749,63.60224],[-171.09004,63.60391],[-171.07079,63.60248],[-171.0749,63.60224]]],[[[-171.14403,63.61176],[-171.09004,63.60391],[-171.15766,63.60974],[-171.14403,63.61176]]],[[[-168.09675,64.9654],[-168.03551,64.9853],[-168.02656,64.96809],[-168.09675,64.9654]]],[[[-168.94298,65.76472],[-168.90986,65.73957],[-168.95173,65.75316],[-168.94298,65.76472]]],[[[-167.76045,65.76463],[-167.8487,65.74282],[-167.73827,65.77717],[-167.76045,65.76463]]],[[[-167.55647,65.81737],[-167.69542,65.74091],[-167.73054,65.74567],[-167.70324,65.78539],[-167.55647,65.81737]]],[[[-166.2895,53.67992],[-166.56212,53.61811],[-166.52119,53.58462],[-166.57579,53.59369],[-166.59565,53.5362],[-166.66454,53.59821],[-166.63659,53.53278],[-166.71296,53.54979],[-166.65917,53.49091],[-166.79487,53.5703],[-166.75219,53.45087],[-167.0074,53.45258],[-167.45897,53.32392],[-167.50825,53.25991],[-167.66511,53.24193],[-167.85005,53.30964],[-167.70295,53.3854],[-167.48693,53.37848],[-167.4746,53.43403],[-167.32152,53.41645],[-167.29162,53.47602],[-167.15864,53.47712],[-167.18529,53.52253],[-166.96003,53.5362],[-167.14436,53.55663],[-167.13378,53.63178],[-166.99352,53.61811],[-167.06237,53.66649],[-167.02803,53.70478],[-166.91637,53.71572],[-166.86315,53.63178],[-166.80171,53.63178],[-166.82905,53.70808],[-166.70551,53.72114],[-167.0382,53.75528],[-167.15111,53.82416],[-167.0216,53.96125],[-166.63459,54.00458],[-166.58943,53.96137],[-166.63659,53.92349],[-166.63349,53.87197],[-166.58198,53.87938],[-166.60993,53.831],[-166.4591,53.88556],[-166.37035,54.00849],[-166.34923,53.94709],[-166.26049,53.9676],[-166.26728,53.91291],[-166.21886,53.93403],[-166.24682,53.88556],[-166.54162,53.79002],[-166.49323,53.76952],[-166.55468,53.687],[-166.42028,53.75873],[-166.37654,53.72114],[-166.34618,53.7827],[-166.27815,53.72386],[-166.2895,53.67992]]],[[[-166.08918,53.84467],[-166.21264,53.70808],[-166.29784,53.7602],[-166.19782,53.8371],[-166.08918,53.84467]]],[[[-166.19127,53.96491],[-166.15657,53.9936],[-166.07954,53.97089],[-166.11152,53.956],[-166.19127,53.96491]]],[[[-165.24568,54.05695],[-165.29406,54.04389],[-165.48583,54.07746],[-165.26671,54.09105],[-165.24568,54.05695]]],[[[-164.96508,54.07746],[-165.10224,54.07123],[-165.22578,54.09105],[-164.94616,54.13109],[-164.96508,54.07746]]],[[[-165.65717,54.12519],[-166.04076,54.03644],[-166.12267,54.11835],[-165.9455,54.22207],[-165.73908,54.15314],[-165.82164,54.13264],[-165.65717,54.12519]]],[[[-165.40453,54.19184],[-165.62487,54.13239],[-165.57457,54.23505],[-165.68444,54.23505],[-165.62706,54.29645],[-165.49433,54.29637],[-165.54731,54.22207],[-165.40453,54.19184]]],[[[-162.4132,54.37181],[-162.48152,54.41958],[-162.36811,54.39208],[-162.4132,54.37181]]],[[[-162.5465,54.4147],[-162.79638,54.42349],[-162.82746,54.50194],[-162.5465,54.4147]]],[[[-163.15486,54.67569],[-163.11482,54.68757],[-163.23847,54.68305],[-163.3695,54.76455],[-163.44917,54.66352],[-163.62255,54.6118],[-164.13268,54.62324],[-164.3297,54.53482],[-164.40559,54.43598],[-164.65258,54.392],[-164.84529,54.42349],[-164.95824,54.58515],[-164.70067,54.67829],[-164.47753,54.91889],[-164.22509,54.89472],[-164.15685,54.95698],[-163.75654,55.06037],[-163.52571,55.04385],[-163.35436,54.77692],[-163.14415,54.77033],[-163.05065,54.66413],[-163.15486,54.67569]]],[[[-162.22932,54.9206],[-162.30903,54.83735],[-162.43639,54.92772],[-162.26269,54.9892],[-162.22932,54.9206]]],[[[-161.65278,55.10627],[-161.7705,55.05903],[-161.81322,55.08539],[-161.78319,55.14492],[-161.82628,55.09907],[-161.90819,55.14346],[-161.73066,55.16055],[-161.65278,55.10627]]],[[[-161.43969,55.19733],[-161.34032,55.21898],[-161.33076,55.17036],[-161.36046,55.16303],[-161.43969,55.19733]]],[[[-161.56408,55.20791],[-161.68334,55.2309],[-161.54857,55.25283],[-161.56408,55.20791]]],[[[-160.55883,55.18842],[-160.53832,55.1332],[-160.68334,55.21137],[-160.81892,55.11953],[-160.85363,55.33185],[-160.69599,55.40693],[-160.67939,55.30671],[-160.54454,55.38642],[-160.5799,55.23558],[-160.46259,55.18842],[-160.55883,55.18842]]],[[[-160.32543,55.27656],[-160.40111,55.28677],[-160.53148,55.32502],[-160.3452,55.37108],[-160.32543,55.27656]]],[[[-163.16792,55.437],[-163.13903,55.40351],[-163.19506,55.41266],[-163.16792,55.437]]],[[[-160.71225,58.80402],[-160.86847,58.59208],[-160.96625,58.54951],[-161.08598,58.55333],[-161.07949,58.62978],[-161.1719,58.69075],[-161.07803,58.63927],[-161.06168,58.7005],[-160.71225,58.80402]]],[[[-160.4331,58.68464],[-160.4237,58.72403],[-160.406,58.75128],[-160.38423,58.71076],[-160.4331,58.68464]]],[[[-165.57148,59.91934],[-166.24669,59.85391],[-166.08174,59.77904],[-166.18208,59.75629],[-166.29841,59.83051],[-166.61335,59.85639],[-167.01146,60.01227],[-167.12194,60.00072],[-167.30696,60.07001],[-167.45283,60.21723],[-166.82042,60.2176],[-166.76085,60.30443],[-166.57771,60.31525],[-166.45922,60.38715],[-166.40388,60.3476],[-166.15156,60.38117],[-166.15742,60.43696],[-166.07551,60.33393],[-165.68444,60.29979],[-165.71821,60.24555],[-165.67829,60.21109],[-165.7329,60.17634],[-165.67146,60.12165],[-165.72606,60.06647],[-165.61339,59.97565],[-165.54109,59.98452],[-165.57148,59.91934]]],[[[-165.94441,62.01797],[-166.00984,62.02293],[-165.97212,62.07217],[-165.94441,62.01797]]],[[[-164.58393,63.04206],[-164.5869,63.06444],[-164.5633,63.05622],[-164.58393,63.04206]]],[[[-162.42809,63.64216],[-162.35936,63.54621],[-162.7176,63.57518],[-162.42809,63.64216]]],[[[-167.10883,65.94855],[-167.23949,65.90925],[-166.8358,66.04181],[-167.10883,65.94855]]],[[[-166.18708,66.21027],[-166.59704,66.1048],[-166.80053,66.0515],[-166.32221,66.19286],[-166.18708,66.21027]]],[[[-166.14741,66.22036],[-166.08853,66.25617],[-166.04182,66.26],[-166.14741,66.22036]]],[[[-166.00621,66.26691],[-165.97004,66.28669],[-165.81465,66.32636],[-165.96447,66.26447],[-166.00621,66.26691]]],[[[-165.60139,66.37665],[-165.70458,66.36172],[-165.48872,66.409],[-165.60139,66.37665]]],[[[-165.48872,66.409],[-165.44831,66.41877],[-165.42394,66.42133],[-165.48872,66.409]]],[[[-165.34264,66.43671],[-165.38166,66.42569],[-165.42304,66.42145],[-165.34264,66.43671]]],[[[-165.3264,66.44025],[-165.3227,66.44042],[-165.34264,66.43671],[-165.3264,66.44025]]],[[[-164.74596,66.54092],[-164.86657,66.50702],[-165.32085,66.44058],[-164.76334,66.54645],[-164.74596,66.54092]]],[[[-163.1291,69.68154],[-163.17003,69.57787],[-163.17626,69.48225],[-163.18537,69.61026],[-163.17162,69.65778],[-163.1291,69.68154]]],[[[-163.1291,69.70197],[-163.03014,69.83291],[-162.84114,69.93476],[-163.01179,69.83234],[-163.1291,69.70197]]],[[[-162.55647,70.09028],[-162.80634,69.94839],[-162.64179,70.06558],[-162.55647,70.09028]]],[[[-162.55993,70.10602],[-162.48453,70.17316],[-162.30854,70.24128],[-162.16271,70.26992],[-162.55993,70.10602]]],[[[-161.83784,70.34341],[-161.97712,70.31216],[-161.88813,70.35395],[-161.55114,70.326],[-161.83784,70.34341]]],[[[-159.54711,54.75389],[-159.58515,54.8242],[-159.51264,54.77851],[-159.54711,54.75389]]],[[[-159.21259,54.93114],[-159.31782,54.88471],[-159.33918,54.93456],[-159.21259,54.93114]]],[[[-159.45222,54.96601],[-159.40807,54.98176],[-159.42479,55.03022],[-159.48314,55.01655],[-159.46272,55.06428],[-159.34541,55.05069],[-159.39472,55.02538],[-159.33918,54.97553],[-159.45222,54.96601]]],[[[-159.82579,55.18098],[-159.94945,55.12889],[-159.98286,55.09907],[-159.94612,55.06965],[-160.03124,55.07111],[-160.23705,54.88858],[-160.09272,55.05069],[-160.17463,55.05805],[-160.11999,55.07111],[-160.19481,55.12153],[-160.07221,55.09907],[-160.11058,55.16083],[-160.01757,55.10529],[-160.06538,55.20148],[-159.9536,55.17585],[-159.97663,55.20832],[-159.88728,55.29707],[-159.91694,55.15693],[-159.82579,55.18098]]],[[[-159.49364,55.04759],[-159.65925,55.06513],[-159.6129,55.09223],[-159.64025,55.13394],[-159.54463,55.15029],[-159.60607,55.16791],[-159.53364,55.25104],[-159.49364,55.04759]]],[[[-160.09699,55.31493],[-160.0666,55.34471],[-160.03209,55.31367],[-160.09699,55.31493]]],[[[-160.14794,55.38642],[-160.34655,55.41747],[-160.17113,55.45376],[-160.14794,55.38642]]],[[[-159.34472,55.78388],[-159.31273,55.81123],[-159.28962,55.76789],[-159.30211,55.75922],[-159.34472,55.78388]]],[[[-155.55724,55.80048],[-155.6299,55.7629],[-155.74985,55.81768],[-155.5561,55.91462],[-155.55724,55.80048]]],[[[-158.86628,55.80573],[-158.90717,55.82526],[-158.90034,55.87373],[-158.82811,55.89672],[-158.70857,55.83149],[-158.85839,55.86298],[-158.86628,55.80573]]],[[[-156.70128,56.06615],[-156.69494,56.00935],[-156.74494,56.04092],[-156.70128,56.06615]]],[[[-156.80529,56.16478],[-156.7744,56.22419],[-156.77453,56.15322],[-156.80529,56.16478]]],[[[-157.88488,56.33356],[-157.82616,56.36164],[-157.80602,56.3288],[-157.83332,56.31367],[-157.88488,56.33356]]],[[[-154.44013,56.53852],[-154.51671,56.59016],[-154.48754,56.51679],[-154.73823,56.39826],[-154.79125,56.43085],[-154.53633,56.5976],[-154.41564,56.58747],[-154.44013,56.53852]]],[[[-153.87715,56.56513],[-154.10033,56.50239],[-154.13781,56.51048],[-153.87715,56.56513]]],[[[-154.32213,56.51508],[-154.33776,56.56391],[-154.24767,56.60611],[-154.10302,56.61319],[-154.04906,56.5583],[-154.32213,56.51508]]],[[[-156.97826,56.53653],[-157.13948,56.55207],[-157.33125,56.52416],[-157.2425,56.58564],[-157.09858,56.59398],[-156.97826,56.53653]]],[[[-152.88451,57.14997],[-153.20922,57.07905],[-153.27217,56.99852],[-153.34272,57.00397],[-153.31603,57.07282],[-153.41161,57.07905],[-153.24437,57.21101],[-153.18086,57.17499],[-153.21235,57.13369],[-153.08947,57.18146],[-152.88451,57.14997]]],[[[-152.14708,57.62263],[-152.33869,57.43317],[-152.48615,57.42853],[-152.45226,57.46369],[-152.97338,57.51789],[-152.91072,57.48994],[-153.02803,57.47626],[-153.0417,57.42853],[-152.83247,57.47626],[-152.59602,57.37393],[-152.69221,57.28327],[-152.83747,57.27074],[-152.9051,57.31928],[-152.88215,57.35248],[-153.1208,57.31574],[-153.17475,57.35139],[-153.17292,57.30508],[-152.9591,57.25715],[-153.3911,57.20942],[-153.45527,57.11685],[-153.48607,57.17573],[-153.54186,57.17585],[-153.50036,57.16844],[-153.49816,57.07429],[-153.76106,57.05174],[-153.59126,57.04816],[-153.67162,57.0102],[-153.55976,56.98652],[-153.62678,56.93618],[-153.67846,56.97663],[-153.77888,56.87702],[-153.7014,56.8642],[-153.98725,56.74384],[-154.14953,56.75092],[-153.77473,56.99714],[-153.8498,56.96918],[-153.85241,57.02363],[-153.97334,56.96296],[-153.89818,57.07282],[-153.73994,57.13369],[-153.80573,57.1542],[-154.09956,56.96483],[-154.11046,57.03807],[-153.95967,57.12006],[-154.24083,57.15477],[-154.49494,57.11359],[-154.41295,57.0502],[-154.27241,57.11738],[-154.10371,57.11384],[-154.15831,56.96918],[-154.24767,56.94188],[-154.23799,56.89956],[-154.29609,56.91454],[-154.29918,56.86685],[-154.24083,56.87983],[-154.30492,56.85578],[-154.32832,56.92967],[-154.52855,56.99164],[-154.53502,57.17463],[-154.60151,57.25894],[-154.78315,57.27293],[-154.75817,57.31558],[-154.81001,57.34658],[-154.70698,57.33979],[-154.72688,57.42853],[-154.61473,57.52656],[-154.52143,57.51789],[-154.51488,57.57929],[-154.39851,57.56631],[-154.44689,57.58613],[-154.22033,57.67552],[-154.01862,57.6472],[-153.97334,57.5725],[-154.11046,57.54458],[-153.9355,57.53498],[-153.89074,57.40803],[-153.7473,57.30341],[-153.63069,57.2709],[-153.81135,57.41234],[-153.80883,57.51789],[-153.85082,57.5773],[-153.67846,57.54458],[-153.88459,57.64826],[-153.58458,57.61709],[-153.90575,57.71125],[-153.92463,57.81049],[-153.66548,57.89468],[-153.57441,57.83955],[-153.50719,57.62714],[-153.52766,57.72333],[-153.43952,57.69941],[-153.49913,57.76089],[-153.32128,57.7309],[-153.45881,57.8028],[-153.44917,57.84687],[-153.21105,57.78559],[-153.21235,57.72956],[-153.17882,57.70966],[-153.19868,57.85712],[-153.24031,57.90209],[-153.04845,57.8332],[-153.28425,58.01044],[-152.8083,57.90827],[-152.89082,57.87417],[-152.92524,57.76826],[-152.88557,57.7287],[-152.81798,57.86042],[-152.74181,57.82689],[-152.68537,57.88784],[-152.62397,57.8605],[-152.62458,57.93285],[-152.48632,57.91071],[-152.42113,57.82197],[-152.32909,57.82575],[-152.55114,57.70332],[-152.46308,57.72289],[-152.4936,57.6551],[-152.39741,57.68854],[-152.42634,57.61351],[-152.14708,57.62263]]],[[[-152.28819,57.39699],[-152.26774,57.37509],[-152.31512,57.36312],[-152.28819,57.39699]]],[[[-153.88146,57.47614],[-153.83149,57.5257],[-153.84358,57.43623],[-153.88146,57.47614]]],[[[-153.21235,57.81269],[-153.39692,57.86384],[-153.54194,57.93561],[-153.48225,57.97777],[-153.32665,57.92658],[-153.21235,57.81269]]],[[[-152.32539,57.916],[-152.50483,57.92573],[-152.49275,57.96158],[-152.32539,57.916]]],[[[-152.78596,57.92552],[-152.85224,57.94408],[-152.86071,57.95466],[-152.73009,57.98224],[-152.78596,57.92552]]],[[[-153.22509,58.11213],[-153.11677,58.10008],[-153.0476,58.03706],[-152.89082,57.99771],[-153.20271,58.02977],[-153.26264,58.08535],[-153.41836,58.06598],[-153.29548,58.14643],[-153.22509,58.11213]]],[[[-151.86889,58.17353],[-151.86608,58.25776],[-151.80989,58.26293],[-151.81505,58.19611],[-151.86889,58.17353]]],[[[-151.97224,58.23725],[-152.11681,58.14789],[-152.27656,58.26423],[-152.32909,58.21678],[-152.29463,58.19733],[-152.37007,58.20311],[-152.27387,58.13483],[-152.54821,58.08641],[-152.57665,58.20669],[-152.6444,58.07217],[-152.76732,58.07958],[-152.80492,57.99152],[-153.2296,58.16889],[-153.18847,58.21988],[-152.9051,58.1684],[-153.10993,58.27139],[-153.01948,58.30728],[-152.76732,58.25776],[-152.80146,58.35395],[-152.76049,58.36017],[-152.88337,58.4086],[-152.63292,58.48461],[-152.49983,58.4632],[-152.52709,58.41478],[-152.40559,58.36323],[-152.41967,58.32294],[-152.34936,58.42113],[-152.2119,58.3535],[-152.11681,58.40111],[-152.0832,58.37352],[-152.14354,58.23383],[-152.09992,58.31192],[-152.06843,58.27827],[-151.98705,58.34837],[-151.97224,58.23725]]],[[[-152.93061,58.32856],[-152.79987,58.3166],[-152.78242,58.28864],[-152.93061,58.32856]]],[[[-152.6643,58.54637],[-152.38984,58.63695],[-152.34276,58.60033],[-152.50202,58.47346],[-152.6643,58.54637]]],[[[-160.24384,58.66266],[-160.31626,58.68349],[-160.30124,58.72935],[-160.24384,58.66266]]],[[[-152.05516,58.91429],[-152.06045,58.9444],[-152.01305,58.9453],[-152.05516,58.91429]]],[[[-152.36327,58.91572],[-152.25312,58.95669],[-152.15795,58.95234],[-152.36327,58.91572]]],[[[-151.66256,59.09819],[-151.70851,59.13072],[-151.64372,59.11575],[-151.66256,59.09819]]],[[[-151.88868,59.15718],[-151.80076,59.13889],[-151.89319,59.14436],[-151.88868,59.15718]]],[[[-153.55268,59.34309],[-153.39794,59.40852],[-153.3546,59.36518],[-153.49889,59.32543],[-153.55268,59.34309]]],[[[-152.63813,60.1673],[-152.58617,60.17207],[-152.55822,60.10834],[-152.58015,60.10724],[-152.63813,60.1673]]],[[[-151.85615,60.48542],[-151.96601,60.37556],[-152.03856,60.35041],[-152.08967,60.35912],[-152.02746,60.36811],[-151.9532,60.50849],[-151.85615,60.48542]]],[[[-134.25841,55.81843],[-134.33218,55.92251],[-134.10155,55.9208],[-134.25841,55.81843]]],[[[-133.84252,55.86636],[-133.93423,55.91258],[-133.85603,55.94229],[-133.84252,55.86636]]],[[[-133.8452,56.43439],[-133.90893,56.4348],[-133.87536,56.41059],[-133.91637,56.37336],[-133.84374,56.34911],[-133.86897,56.28473],[-133.97252,56.3605],[-133.97851,56.27875],[-133.89192,56.2298],[-133.94384,56.21198],[-133.94913,56.09235],[-134.0393,56.11262],[-134.05232,56.31875],[-134.09024,56.19269],[-134.19009,56.17813],[-134.08641,56.09219],[-134.10241,56.01073],[-134.14859,56.01166],[-134.22423,56.07852],[-134.19717,56.16206],[-134.26456,56.2604],[-134.16006,56.3124],[-134.29255,56.29825],[-134.28197,56.36278],[-134.17837,56.44135],[-134.15534,56.36591],[-134.10412,56.40811],[-134.0393,56.37336],[-134.03441,56.48591],[-134.08178,56.55158],[-134.12121,56.49689],[-134.30614,56.5583],[-134.08641,56.64704],[-134.2469,56.6201],[-134.28572,56.64704],[-134.22273,56.6944],[-134.35757,56.67658],[-134.40567,56.85269],[-134.28087,56.79279],[-134.30614,56.89789],[-134.10753,56.84634],[-134.26456,56.94188],[-134.01269,56.88516],[-133.9049,56.76065],[-133.99376,56.63923],[-133.87076,56.71491],[-133.86237,56.80988],[-133.71715,56.77119],[-133.78034,56.68643],[-133.70568,56.60415],[-133.73591,56.56712],[-133.9226,56.61664],[-133.84748,56.56513],[-133.92024,56.50519],[-133.8452,56.43439]]],[[[-134.63219,56.55634],[-134.65901,56.58808],[-134.62149,56.4112],[-134.66747,56.1704],[-135.05285,56.53783],[-134.8474,56.68867],[-134.96101,56.62653],[-134.93684,56.71597],[-134.98473,56.71455],[-135.10977,56.60175],[-135.11221,56.6787],[-134.99885,56.76166],[-135.1879,56.67674],[-135.12173,56.83202],[-135.26928,56.78901],[-135.36754,56.82892],[-135.36026,56.8876],[-135.2945,56.89216],[-135.37499,56.94188],[-135.35001,56.9704],[-135.16535,57.04173],[-135.37499,57.09272],[-135.26643,57.16104],[-135.41291,57.1579],[-135.33406,57.25039],[-135.5292,57.23672],[-135.67496,57.35863],[-135.47533,57.35431],[-135.609,57.3876],[-135.50878,57.45954],[-135.51537,57.51561],[-135.38117,57.55362],[-135.27941,57.51105],[-135.39607,57.44269],[-135.18029,57.4807],[-135.14224,57.46943],[-135.20368,57.42853],[-135.06037,57.42292],[-134.90949,57.33979],[-134.9982,57.34658],[-134.92349,57.25922],[-134.83312,57.24665],[-134.83312,57.1411],[-134.74499,57.05174],[-134.61612,56.72846],[-134.63219,56.55634]]],[[[-135.64208,57.0082],[-135.84114,56.98969],[-135.82315,57.07978],[-135.7108,57.16844],[-135.85538,57.22309],[-135.84374,57.32469],[-135.72476,57.32892],[-135.55378,57.22993],[-135.62824,57.23672],[-135.54629,57.1411],[-135.64208,57.0082]]],[[[-134.35399,57.08649],[-134.61461,57.0102],[-134.5799,57.15477],[-134.63329,57.22419],[-134.52554,57.21577],[-134.58316,57.26935],[-134.45702,57.31184],[-134.5594,57.35277],[-134.5563,57.39777],[-134.31298,57.33234],[-134.36758,57.37393],[-134.30614,57.39435],[-134.46386,57.39435],[-134.56916,57.49201],[-134.35399,57.54458],[-134.56688,57.51105],[-134.65355,57.59821],[-134.80647,58.05541],[-134.73131,58.1789],[-134.78368,58.1105],[-134.90762,58.20124],[-134.94929,58.40949],[-134.80944,58.33063],[-134.69319,58.1684],[-134.17699,58.16352],[-134.20377,58.12739],[-133.88842,57.79841],[-133.87263,57.67381],[-133.7893,57.58885],[-133.96296,57.69233],[-134.23107,58.03119],[-134.17268,58.01374],[-134.30675,58.09809],[-134.26456,58.02497],[-134.3192,58.03119],[-134.22423,57.96971],[-134.31664,57.99665],[-134.28917,57.83666],[-134.20873,57.83991],[-134.04711,57.68334],[-134.08023,57.66193],[-133.93786,57.61856],[-133.84,57.46263],[-134.07282,57.51105],[-134.04548,57.47626],[-134.1007,57.47626],[-133.97704,57.4492],[-133.99828,57.41547],[-133.89322,57.435],[-133.86498,57.35513],[-133.95808,57.3037],[-134.17585,57.3876],[-134.08479,57.25641],[-134.3614,57.13369],[-134.35399,57.08649]]],[[[-135.70743,57.36652],[-136.01244,57.51789],[-135.77969,57.43529],[-136.07388,57.60733],[-135.95035,57.62092],[-136.11547,57.62165],[-136.08821,57.68854],[-136.22472,57.78482],[-136.41649,57.82575],[-136.31192,57.99551],[-136.03295,57.84687],[-136.40966,58.0799],[-136.38024,58.14037],[-136.27253,58.10688],[-136.3557,58.21988],[-136.26317,58.21695],[-136.19371,58.08364],[-136.10119,58.05854],[-136.16478,58.10195],[-136.13659,58.22305],[-135.96532,58.16401],[-135.92284,58.23192],[-135.78506,58.27607],[-135.48485,58.1621],[-135.62731,58.04141],[-135.78307,58.04206],[-135.62483,58.01317],[-135.79332,57.98404],[-135.65616,57.94929],[-135.38927,58.14106],[-134.92479,58.02749],[-134.90949,57.93561],[-134.96508,57.88605],[-134.91568,57.84687],[-135.20368,57.94306],[-134.93,57.81269],[-135.01378,57.78587],[-135.25939,57.79597],[-135.50569,57.89142],[-135.88956,57.99022],[-135.37239,57.80524],[-135.32095,57.75804],[-135.36388,57.72622],[-134.91389,57.75585],[-134.81387,57.49746],[-134.8474,57.46943],[-135.05687,57.46662],[-135.81322,57.76431],[-135.70397,57.67552],[-135.807,57.64142],[-135.60485,57.60708],[-135.57047,57.5725],[-135.64387,57.57054],[-135.65616,57.55207],[-135.57771,57.55549],[-135.54629,57.46605],[-135.70743,57.36652]]],[[[-136.41991,57.86555],[-136.55285,57.92512],[-136.51277,58.00389],[-136.56115,58.01752],[-136.47533,58.09785],[-136.33682,58.00702],[-136.41991,57.86555]]],[[[-134.67496,58.29181],[-134.48184,58.33348],[-134.25841,58.19627],[-134.59728,58.23725],[-134.67496,58.29181]]],[[[-136.13757,58.26509],[-136.10698,58.30341],[-136.02794,58.29497],[-136.06,58.26779],[-136.13757,58.26509]]],[[[-135.71423,58.37048],[-135.5689,58.37315],[-135.54334,58.33483],[-135.67062,58.3309],[-135.71423,58.37048]]],[[[-151.5085,59.12857],[-151.43356,59.13529],[-151.42828,59.1173],[-151.45956,59.10901],[-151.5085,59.12857]]],[[[-150.69994,59.31391],[-150.77986,59.33405],[-150.682,59.40518],[-150.60859,59.38117],[-150.69994,59.31391]]],[[[-146.35863,59.42243],[-146.32242,59.42585],[-146.35855,59.4101],[-146.35863,59.42243]]],[[[-150.29463,59.46459],[-150.3791,59.43138],[-150.44347,59.40229],[-150.41051,59.44627],[-150.29463,59.46459]]],[[[-144.20861,60.01179],[-144.40372,59.92719],[-144.6053,59.81318],[-144.44201,59.93732],[-144.20861,60.01179]]],[[[-148.24499,59.94355],[-148.18232,59.96406],[-148.22326,59.99136],[-148.14485,59.9724],[-147.99047,60.0395],[-148.14216,59.94672],[-148.24499,59.94355]]],[[[-148.03551,59.97427],[-147.87658,60.07636],[-147.81998,60.06891],[-147.89517,59.99042],[-148.03551,59.97427]]],[[[-148.12487,60.00414],[-147.96646,60.15656],[-147.88126,60.10737],[-148.04442,60.0703],[-148.12487,60.00414]]],[[[-146.92227,60.31346],[-147.3282,60.07026],[-147.36701,59.97285],[-147.48742,59.94355],[-147.4536,59.8959],[-147.49234,59.8618],[-147.91539,59.79267],[-147.88614,59.85761],[-147.73721,59.90253],[-147.80492,59.92036],[-147.66894,59.97089],[-147.70311,59.9975],[-147.20116,60.24217],[-147.18961,60.36221],[-147.01106,60.3476],[-147.0808,60.28034],[-146.92227,60.31346]]],[[[-148.21325,60.05427],[-148.29963,60.06025],[-148.04096,60.18659],[-148.16881,60.03775],[-148.31383,60.03229],[-148.21325,60.05427]]],[[[-147.37027,60.26284],[-147.49389,60.26313],[-147.34341,60.29873],[-147.37027,60.26284]]],[[[-148.01842,60.29979],[-148.12706,60.33495],[-148.07563,60.36937],[-147.97745,60.37556],[-148.01842,60.29979]]],[[[-147.77668,60.44172],[-147.71011,60.45258],[-147.70816,60.50678],[-147.61437,60.43696],[-147.73721,60.39598],[-147.62536,60.38959],[-147.7987,60.17011],[-147.84024,60.19367],[-147.79247,60.23835],[-147.90856,60.23835],[-147.86758,60.27253],[-147.90856,60.29295],[-147.78038,60.31485],[-147.87499,60.3334],[-147.80614,60.3476],[-147.86058,60.37739],[-147.77139,60.40965],[-147.84024,60.39598],[-147.77139,60.48542],[-147.77668,60.44172]]],[[[-145.1197,60.32441],[-145.21198,60.31346],[-145.28429,60.34138],[-145.09508,60.41633],[-145.1197,60.32441]]],[[[-146.07877,60.40217],[-146.60017,60.24518],[-146.68204,60.2862],[-146.49031,60.36127],[-146.65559,60.34064],[-146.72265,60.38622],[-146.58812,60.48404],[-146.3531,60.47114],[-146.36677,60.40965],[-146.15136,60.43879],[-146.18863,60.40217],[-146.09366,60.41035],[-146.07877,60.40217]]],[[[-145.76415,60.5871],[-146.09691,60.47968],[-146.33263,60.46491],[-145.96955,60.58784],[-145.75723,60.62873],[-145.76415,60.5871]]],[[[-147.42878,60.71137],[-147.37434,60.66486],[-147.31273,60.68403],[-147.33971,60.64558],[-147.47716,60.63565],[-147.42878,60.71137]]],[[[-148.14131,60.7591],[-148.09874,60.69685],[-148.14049,60.64867],[-148.23009,60.72972],[-148.14131,60.7591]]],[[[-147.84708,60.694],[-147.9359,60.66291],[-148.0122,60.725],[-147.90982,60.74482],[-147.84708,60.694]]],[[[-146.71801,60.82839],[-146.79681,60.80594],[-146.82031,60.84169],[-146.76162,60.87925],[-146.71801,60.82839]]],[[[-148.12715,60.8006],[-148.0699,60.90424],[-148.10778,60.923],[-148.03209,60.93041],[-147.91539,60.81314],[-148.12715,60.8006]]],[[[-147.07824,60.89277],[-147.18944,60.87751],[-147.31871,60.87962],[-147.07824,60.89277]]],[[[-150.27644,61.12739],[-150.22436,61.1704],[-150.17772,61.16136],[-150.27644,61.12739]]],[[[-141.00556,69.65095],[-140.99493,60.30438],[-140.53374,60.21855],[-140.42411,60.29317],[-140.01579,60.18739],[-139.67982,60.32681],[-139.07946,60.34102],[-139.18215,60.07339],[-138.70489,59.89846],[-138.59921,59.75382],[-137.61136,59.23933],[-137.48687,58.90008],[-136.84082,59.14817],[-136.56949,59.17215],[-136.46655,59.2878],[-136.46756,59.46164],[-136.32,59.45906],[-136.24473,59.5282],[-136.35033,59.59238],[-135.48276,59.79248],[-135.25988,59.69822],[-135.01852,59.55936],[-135.02325,59.47715],[-135.09575,59.41886],[-134.99325,59.38191],[-135.0162,59.33617],[-134.95783,59.28098],[-134.69208,59.23525],[-134.61077,59.14456],[-134.45101,59.09789],[-134.38717,59.03686],[-134.39939,58.97495],[-134.22219,58.84271],[-133.83113,58.71802],[-133.39224,58.40388],[-133.41503,58.33055],[-133.16559,58.14731],[-132.23099,57.19682],[-132.34122,57.08039],[-132.03186,57.02841],[-132.10738,56.85875],[-131.87156,56.79346],[-131.82559,56.59334],[-131.56036,56.59407],[-131.10055,56.40767],[-130.76033,56.34519],[-130.47229,56.22489],[-130.40397,56.1219],[-130.07154,56.08412],[-130.01962,55.90795],[-130.17365,55.7495],[-130.14696,55.54719],[-129.98925,55.284],[-130.10049,55.23029],[-130.36539,54.90729],[-130.6046,54.80215],[-130.58511,54.852],[-130.69127,54.76264],[-130.75251,54.96939],[-130.74519,54.82172],[-130.8319,54.76537],[-130.93423,54.82445],[-130.93969,54.95893],[-131.00939,54.99828],[-130.97102,55.06123],[-130.72033,55.081],[-130.46158,55.33185],[-130.75992,55.09699],[-130.81111,55.14688],[-130.97081,55.08543],[-131.05704,55.12629],[-131.05761,55.19868],[-130.92471,55.29401],[-130.61246,55.29707],[-130.6564,55.35228],[-130.86189,55.31216],[-130.88679,55.70856],[-130.9619,55.78303],[-130.9204,55.81045],[-131.01342,55.81843],[-131.1964,55.97142],[-131.00967,56.11262],[-131.34187,55.96092],[-131.41438,56.0102],[-131.91466,55.85944],[-131.76382,55.79735],[-131.86685,55.72907],[-131.82771,55.66787],[-131.88052,55.5987],[-132.00402,55.66763],[-131.92894,55.5893],[-131.96141,55.50104],[-132.17162,55.58853],[-132.26618,55.75629],[-132.16788,55.72285],[-132.16885,55.80231],[-132.04621,55.81729],[-132.08601,55.84577],[-132.05687,55.94452],[-131.94982,55.97211],[-131.96304,56.15738],[-131.5795,56.1791],[-131.48949,56.22248],[-131.90783,56.23273],[-131.98013,56.36591],[-132.16104,56.38019],[-132.20328,56.47126],[-132.34488,56.529],[-132.30504,56.6402],[-132.54019,56.6315],[-132.45653,56.67499],[-132.53099,56.70856],[-132.35969,56.81843],[-132.5148,56.75544],[-132.76138,56.84577],[-132.92203,56.98286],[-132.76769,56.96967],[-132.7954,57.09272],[-132.87768,57.02131],[-133.16519,57.08601],[-133.12108,57.14427],[-133.16755,57.16962],[-133.31701,57.10248],[-133.55199,57.18146],[-133.47191,57.28189],[-133.25479,57.28107],[-133.05842,57.33185],[-133.03807,57.36709],[-133.2237,57.31928],[-133.4195,57.34394],[-133.45645,57.38076],[-133.33593,57.43818],[-133.45421,57.43179],[-133.49743,57.53156],[-133.3131,57.59296],[-133.59142,57.57461],[-133.6588,57.62092],[-133.64826,57.70283],[-133.56631,57.7165],[-133.04552,57.50361],[-133.00398,57.51789],[-133.16222,57.62714],[-133.52892,57.75092],[-133.55199,57.91511],[-133.12409,57.85712],[-133.55431,57.92943],[-133.68635,57.79072],[-133.86115,57.95673],[-133.77489,57.98884],[-133.6914,57.94204],[-133.66934,58.01752],[-133.76496,58.06224],[-133.68236,58.15534],[-133.75813,58.13483],[-133.79906,58.01138],[-133.86437,57.98696],[-134.05972,58.07217],[-134.08641,58.19627],[-134.06656,58.2851],[-133.98241,58.31562],[-134.00451,58.4086],[-133.92007,58.49755],[-133.7718,58.52464],[-133.97663,58.50483],[-133.97468,58.4499],[-134.07282,58.42219],[-134.05289,58.36726],[-134.14167,58.30557],[-134.1007,58.24779],[-134.15787,58.20429],[-134.49795,58.35395],[-134.75617,58.38154],[-134.78287,58.49307],[-134.99144,58.68293],[-134.91568,58.65559],[-134.95043,58.82005],[-135.02603,58.79316],[-135.02554,58.73754],[-135.14904,58.84369],[-135.2296,59.12588],[-135.36181,59.27082],[-135.3483,59.47061],[-135.41438,59.3006],[-135.55378,59.31977],[-135.35953,59.21377],[-135.30736,59.08698],[-135.42333,59.20506],[-135.55378,59.23041],[-135.37499,59.08698],[-135.38581,58.95433],[-135.16271,58.63451],[-135.22619,58.61229],[-135.05728,58.35155],[-135.09382,58.23725],[-135.35045,58.2768],[-135.48493,58.48395],[-135.47802,58.37376],[-135.62751,58.42626],[-135.90941,58.38129],[-135.87589,58.4632],[-135.95035,58.45637],[-135.95035,58.4632],[-135.84797,58.47004],[-135.88956,58.5799],[-135.82067,58.60033],[-136.07388,58.81265],[-135.77302,58.90453],[-135.96402,58.92251],[-135.92984,58.90205],[-136.04654,58.86103],[-136.03295,58.92251],[-136.15738,59.03758],[-136.14098,58.95482],[-136.22472,58.92251],[-136.11779,58.9333],[-136.09992,58.85375],[-136.20971,58.7508],[-136.3824,58.80646],[-136.25951,58.82632],[-136.47521,58.83658],[-136.49226,58.97089],[-136.57413,58.91572],[-136.71198,59.02558],[-136.63345,58.89179],[-137.05948,59.06371],[-136.90372,58.93244],[-137.01301,58.92251],[-137.12971,58.82632],[-136.9947,58.89338],[-136.58755,58.84833],[-136.48477,58.79963],[-136.64989,58.82005],[-136.51586,58.70238],[-136.43761,58.66926],[-136.49185,58.74921],[-136.3426,58.69156],[-136.52575,58.614],[-136.32775,58.60033],[-136.35192,58.63849],[-136.29304,58.66926],[-136.12824,58.57075],[-136.21105,58.52464],[-136.08251,58.51642],[-136.02672,58.38813],[-136.27282,58.31297],[-136.32775,58.4086],[-136.50593,58.44269],[-136.50032,58.38508],[-136.56115,58.37376],[-136.41006,58.37934],[-136.3706,58.29955],[-136.62051,58.35391],[-136.65673,58.33967],[-136.56115,58.25776],[-136.66478,58.22036],[-136.71141,58.26887],[-136.67723,58.30557],[-136.84911,58.32661],[-136.8605,58.38239],[-137.11229,58.39496],[-137.63146,58.60619],[-137.43814,58.65559],[-137.67064,58.63325],[-137.9261,58.79572],[-137.98436,58.91999],[-138.28791,59.08076],[-138.61002,59.128],[-138.50695,59.1247],[-138.44909,59.19164],[-138.63048,59.14224],[-139.20588,59.31977],[-139.11653,59.31293],[-139.24006,59.38117],[-139.3037,59.35053],[-139.44628,59.3876],[-139.50756,59.41596],[-139.38915,59.38227],[-139.32258,59.39545],[-139.857,59.54629],[-139.64489,59.57274],[-139.48005,59.70441],[-139.62108,59.89029],[-139.47322,59.9936],[-139.30516,59.86469],[-139.34203,59.7204],[-139.26732,59.62141],[-139.34309,59.6009],[-139.28991,59.57616],[-139.22639,59.62141],[-139.28038,59.83369],[-139.03637,59.84687],[-138.9453,59.80712],[-138.89737,59.81318],[-139.02831,59.86152],[-139.239,59.87832],[-139.5209,60.0515],[-139.58483,59.95506],[-139.84903,59.8194],[-140.32274,59.70124],[-140.76269,59.72834],[-141.45401,59.88207],[-141.26732,59.95555],[-141.28209,60.06647],[-141.37768,60.14216],[-141.47761,60.11107],[-141.39293,60.02204],[-141.67349,59.96113],[-142.79849,60.11237],[-143.91861,59.99702],[-144.24962,60.03229],[-144.00255,60.03974],[-144.25255,60.15461],[-144.19644,60.20563],[-144.57112,60.19062],[-144.76989,60.30268],[-144.94164,60.30663],[-144.79084,60.46491],[-144.88703,60.48542],[-144.76061,60.67276],[-144.6612,60.6601],[-144.62279,60.71703],[-144.75609,60.68403],[-145.26952,60.35708],[-145.57258,60.45112],[-145.93875,60.45607],[-145.62902,60.67914],[-145.84459,60.62104],[-145.8802,60.62873],[-145.80504,60.66291],[-145.8802,60.66291],[-145.83918,60.6977],[-146.00365,60.63565],[-145.93879,60.7082],[-146.26317,60.65371],[-146.02611,60.74482],[-146.04345,60.80101],[-146.26403,60.725],[-146.31212,60.74482],[-146.28425,60.77961],[-146.48229,60.68696],[-146.69571,60.74482],[-146.09309,60.84101],[-146.22346,60.89265],[-146.35831,60.82233],[-146.62829,60.8273],[-146.6114,60.87714],[-146.75329,60.95502],[-146.58585,60.94473],[-146.69982,60.97687],[-146.66222,61.04027],[-146.57047,61.03071],[-146.64794,61.0738],[-146.23644,61.09431],[-146.27798,61.12275],[-146.60945,61.13076],[-146.97672,60.94579],[-147.03157,60.95771],[-146.98375,61.00556],[-147.10066,61.01529],[-147.16527,60.95087],[-147.20515,61.01459],[-147.28791,61.00702],[-147.25731,60.93789],[-147.36461,60.89126],[-147.44986,60.90253],[-147.38097,60.98566],[-147.44957,60.95771],[-147.4226,61.01236],[-147.54206,60.91332],[-147.53246,61.05394],[-147.484,61.0738],[-147.56115,61.15591],[-147.58186,61.05923],[-147.66527,61.01459],[-147.60741,61.00336],[-147.59903,60.86909],[-147.73046,60.88947],[-147.70311,60.95087],[-147.81298,60.8758],[-147.75463,60.84101],[-147.87019,60.83771],[-148.0504,60.95014],[-147.91808,61.09431],[-147.70214,61.2132],[-147.76521,61.21845],[-147.73046,61.27985],[-148.04943,61.0266],[-148.14595,61.11791],[-148.40949,61.06013],[-148.36107,61.04654],[-148.44982,60.99189],[-148.14875,61.06013],[-148.25194,60.95474],[-148.33312,60.97138],[-148.2812,60.9206],[-148.3072,60.85273],[-148.39582,60.86156],[-148.33288,60.8194],[-148.52343,60.8404],[-148.70368,60.79267],[-148.44982,60.80012],[-148.6112,60.76288],[-148.70368,60.68403],[-148.66747,60.67451],[-148.37471,60.77961],[-148.42992,60.62873],[-148.2307,60.77277],[-148.25495,60.71857],[-148.1966,60.62873],[-148.33698,60.5406],[-148.48847,60.58222],[-148.68989,60.45722],[-148.4702,60.54621],[-148.23754,60.45746],[-148.23412,60.52237],[-148.18456,60.55781],[-148.16637,60.50161],[-148.08361,60.60489],[-148.06684,60.53937],[-148.01179,60.5478],[-147.95983,60.51276],[-147.98473,60.46223],[-147.9359,60.46117],[-148.03686,60.40428],[-148.18232,60.41649],[-148.14245,60.35521],[-148.25459,60.37897],[-148.24092,60.29767],[-148.39086,60.27741],[-148.3708,60.22846],[-148.44298,60.18374],[-148.22582,60.2604],[-148.18977,60.24518],[-148.26484,60.23216],[-148.18977,60.21109],[-148.21019,60.15583],[-148.10033,60.22093],[-148.18883,60.13475],[-148.33312,60.17011],[-148.44298,60.03229],[-148.40197,60.01553],[-148.43537,59.9593],[-148.54601,60.03229],[-148.54784,59.96963],[-148.64558,59.92316],[-149.10688,59.96898],[-149.03881,60.0528],[-149.1031,60.05809],[-149.28588,59.87466],[-149.29332,60.01179],[-149.40868,60.12373],[-149.44441,60.06289],[-149.3889,59.9975],[-149.62788,59.82832],[-149.53974,59.78653],[-149.52672,59.7176],[-149.63593,59.74494],[-149.59496,59.7722],[-149.67199,59.81708],[-149.65009,59.91226],[-149.72472,59.96406],[-149.76594,59.83967],[-149.86811,59.84797],[-149.76911,59.78653],[-149.74608,59.66718],[-150.03169,59.79926],[-149.91649,59.7176],[-150.01269,59.62824],[-150.11925,59.70034],[-150.08784,59.59467],[-150.19835,59.58698],[-150.1772,59.53205],[-150.34797,59.46996],[-150.38325,59.49787],[-150.22436,59.7154],[-150.47948,59.46735],[-150.55333,59.53571],[-150.4925,59.6009],[-150.65697,59.55248],[-150.58125,59.49787],[-150.63646,59.46312],[-150.60932,59.43867],[-150.91767,59.32657],[-150.89196,59.25751],[-150.95861,59.20368],[-151.04255,59.29719],[-151.24348,59.31843],[-151.09724,59.23261],[-151.40962,59.26008],[-151.61396,59.1975],[-151.56811,59.17577],[-151.74153,59.16714],[-151.76338,59.22419],[-151.86791,59.21369],[-151.97716,59.27936],[-151.92504,59.35391],[-151.81518,59.35391],[-151.89403,59.41283],[-151.68908,59.48029],[-151.38219,59.44477],[-151.44148,59.53221],[-151.17414,59.60008],[-151.20137,59.64118],[-150.99279,59.77904],[-151.10912,59.78653],[-151.4726,59.63569],[-151.41051,59.60773],[-151.87178,59.74946],[-151.72496,60.02489],[-151.42964,60.21638],[-151.39025,60.35944],[-151.30598,60.38695],[-151.28279,60.53706],[-151.39692,60.73802],[-151.07148,60.78535],[-150.38703,61.04727],[-150.22529,60.93724],[-149.75292,60.97382],[-149.02583,60.85468],[-149.1693,60.94697],[-149.3579,60.93382],[-150.06733,61.15575],[-149.68342,61.39936],[-149.24555,61.49897],[-149.42817,61.51317],[-149.7574,61.45336],[-149.98375,61.24632],[-150.49962,61.26166],[-150.56066,61.32368],[-150.54027,61.36929],[-150.58495,61.29462],[-150.65697,61.31403],[-151.03991,61.17744],[-151.17711,61.05394],[-151.56676,60.99453],[-151.80773,60.84789],[-151.71137,60.72574],[-151.86982,60.7591],[-152.05138,60.67316],[-152.32958,60.4925],[-152.33593,60.43696],[-152.24592,60.39598],[-152.5963,60.22846],[-152.89082,60.25141],[-152.93859,60.31346],[-153.08263,60.29979],[-152.95661,60.29389],[-152.92272,60.23721],[-152.68305,60.16283],[-152.5786,60.07014],[-152.7379,59.90839],[-153.24336,59.86245],[-153.28807,59.82001],[-153.00007,59.81318],[-153.05529,59.71015],[-153.16625,59.66401],[-153.42524,59.64936],[-153.32221,59.7176],[-153.45258,59.79267],[-153.49071,59.65009],[-153.55903,59.63569],[-153.62267,59.69522],[-153.70641,59.63199],[-153.56603,59.60928],[-153.58641,59.56745],[-153.87715,59.54629],[-153.74108,59.49775],[-153.75145,59.44025],[-154.14525,59.38117],[-153.95344,59.36131],[-154.12776,59.29418],[-154.13085,59.20816],[-154.2613,59.14842],[-154.17732,59.12979],[-154.16511,59.02558],[-154.02196,59.08393],[-153.71154,59.07075],[-153.42723,58.98119],[-153.29491,58.88837],[-153.36315,58.87409],[-153.26415,58.85737],[-153.36315,58.8474],[-153.42467,58.74437],[-153.60875,58.64444],[-153.8994,58.61668],[-153.97334,58.53205],[-153.94237,58.50292],[-154.11046,58.47748],[-154.00023,58.38556],[-154.36437,58.2851],[-154.17138,58.32176],[-154.12133,58.27973],[-154.24767,58.25776],[-154.16539,58.23941],[-154.18806,58.19819],[-154.30232,58.19627],[-154.24678,58.12641],[-154.33703,58.1621],[-154.35277,58.08222],[-154.49409,58.20311],[-154.46984,58.08983],[-154.61079,58.12055],[-154.54564,58.07111],[-154.58312,58.02497],[-154.66991,58.07233],[-154.77888,58.00507],[-155.02314,58.02558],[-155.12532,57.95673],[-155.06867,57.89737],[-155.33698,57.8332],[-155.31029,57.74042],[-155.60509,57.79222],[-155.63862,57.72647],[-155.59081,57.67552],[-155.77143,57.64472],[-155.74165,57.55207],[-155.83153,57.57958],[-155.92418,57.5314],[-156.02046,57.57681],[-156.01537,57.53156],[-156.10473,57.53156],[-156.04271,57.50731],[-156.06066,57.43024],[-156.21459,57.47626],[-156.54463,57.3227],[-156.55464,57.28168],[-156.33996,57.28531],[-156.44738,57.22993],[-156.35119,57.1883],[-156.37592,57.14326],[-156.48835,57.11384],[-156.4536,57.08649],[-156.52306,57.04584],[-156.64538,57.05858],[-156.54979,56.98286],[-156.78478,57.04914],[-156.80944,56.90668],[-156.96129,56.97663],[-156.94087,56.91454],[-157.09166,56.82583],[-157.19099,56.84968],[-157.14782,56.81513],[-157.1894,56.77627],[-157.41967,56.86738],[-157.46846,56.82892],[-157.40632,56.76374],[-157.60558,56.72215],[-157.48579,56.67499],[-157.48265,56.62035],[-157.66466,56.6114],[-157.7729,56.68439],[-158.13317,56.53034],[-157.86897,56.56904],[-157.8369,56.51651],[-157.87715,56.47822],[-158.12633,56.51667],[-158.16792,56.49689],[-158.13829,56.46552],[-158.43102,56.43806],[-158.64643,56.27066],[-158.53722,56.24982],[-158.5605,56.2993],[-158.47297,56.34276],[-158.20824,56.28392],[-158.41438,56.20205],[-158.31831,56.17471],[-158.14733,56.2458],[-158.1195,56.23615],[-158.35973,56.1269],[-158.40966,56.18081],[-158.40758,56.07844],[-158.50324,56.10163],[-158.42756,56.00654],[-158.60468,56.05231],[-158.47924,56.19147],[-158.63964,56.20205],[-158.56456,56.16791],[-158.66759,56.11262],[-158.70234,56.14741],[-158.66633,56.06171],[-158.73225,56.0454],[-158.64708,56.01703],[-158.68293,55.9584],[-158.85945,56.01293],[-158.92829,55.92084],[-159.35591,55.87946],[-159.4217,55.79047],[-159.46955,55.90034],[-159.54499,55.88963],[-159.50365,55.76691],[-159.62654,55.57827],[-159.75691,55.5987],[-159.61701,55.6352],[-159.70971,55.66763],[-159.63337,55.70112],[-159.68175,55.74274],[-159.62523,55.81269],[-159.84577,55.85122],[-159.8568,55.79047],[-160.03807,55.79735],[-160.03356,55.72622],[-160.10017,55.71914],[-160.06538,55.70112],[-160.15538,55.73652],[-160.16405,55.65713],[-160.44213,55.64655],[-160.3664,55.60554],[-160.45641,55.57827],[-160.49519,55.48615],[-160.54853,55.48908],[-160.61347,55.60554],[-160.76814,55.5454],[-160.6754,55.52192],[-160.68342,55.46467],[-160.79902,55.4479],[-160.84053,55.51854],[-160.92455,55.51911],[-161.02497,55.42744],[-161.27916,55.35489],[-161.51842,55.38337],[-161.38874,55.57217],[-161.14489,55.53498],[-161.40819,55.63593],[-161.6208,55.61298],[-161.71642,55.51309],[-161.71642,55.39326],[-161.90241,55.21784],[-162.04601,55.23558],[-161.95661,55.12572],[-162.00129,55.09321],[-162.128,55.10297],[-162.10127,55.16791],[-162.23095,55.11274],[-162.2021,55.03986],[-162.44933,55.04027],[-162.5174,55.11469],[-162.36071,55.10529],[-162.6009,55.27041],[-162.56745,55.29222],[-162.64533,55.30004],[-162.71833,55.21792],[-162.61413,55.16633],[-162.64277,55.07111],[-162.55993,54.96125],[-162.6455,54.99844],[-162.64948,55.05297],[-162.75276,54.94489],[-162.87763,54.93895],[-162.97436,55.00951],[-162.91963,55.01992],[-163.18305,55.13915],[-163.19054,55.09223],[-163.23835,55.10529],[-163.20551,55.01899],[-163.04987,54.94184],[-163.34138,54.8111],[-163.38976,54.85887],[-163.2799,54.91352],[-163.3476,54.94082],[-163.24596,54.96996],[-163.33454,55.11953],[-163.02473,55.24559],[-163.07653,55.18065],[-162.96203,55.16901],[-162.83369,55.2294],[-162.89635,55.26667],[-162.64183,55.38028],[-162.49714,55.37397],[-162.52888,55.4479],[-162.62141,55.40693],[-162.227,55.6979],[-161.8,55.88972],[-161.15534,56.01703],[-161.36754,55.95563],[-161.05329,55.94111],[-160.87413,55.99315],[-160.86046,55.93452],[-161.02339,55.89077],[-160.92878,55.87987],[-160.9464,55.82526],[-160.79902,55.7154],[-160.76814,55.75853],[-160.68956,55.6979],[-160.66609,55.74404],[-160.7567,55.78612],[-160.79157,55.8867],[-160.5122,55.86994],[-160.46019,55.79564],[-160.24352,55.77684],[-160.3192,55.82526],[-160.25097,55.85248],[-160.56627,55.92829],[-160.53913,55.98457],[-160.5799,55.98973],[-160.36872,56.27684],[-160.18871,56.38691],[-159.74572,56.57933],[-159.20885,56.69546],[-159.26342,56.70856],[-158.88923,56.88959],[-159.02489,56.79658],[-158.94502,56.84292],[-158.63964,56.76374],[-158.68212,57.02204],[-158.31245,57.31489],[-158.0581,57.36709],[-158.09907,57.38076],[-157.96129,57.4842],[-157.75776,57.56428],[-157.68065,57.5725],[-157.65673,57.48359],[-157.41381,57.48994],[-157.39208,57.56631],[-157.45478,57.55207],[-157.41381,57.49746],[-157.59541,57.49323],[-157.60216,57.62401],[-157.70991,57.65253],[-157.60554,58.10521],[-157.54353,58.17585],[-157.38423,58.2071],[-157.13948,58.1684],[-157.48265,58.23041],[-157.56208,58.36367],[-157.43615,58.52163],[-156.94087,58.73754],[-157.07799,58.75739],[-156.97631,58.95352],[-156.86034,58.99388],[-156.78319,59.15522],[-156.8651,59.11123],[-156.88972,59.01252],[-157.01582,58.97407],[-157.08446,58.88666],[-158.20336,58.61298],[-158.31587,58.64655],[-158.3802,58.75739],[-158.55773,58.80646],[-158.49926,58.9488],[-158.42113,58.97712],[-158.49751,58.99396],[-158.38329,59.03856],[-158.1728,59.01301],[-158.03014,58.87906],[-157.99535,58.90827],[-158.14025,59.0362],[-158.44164,59.08698],[-158.54406,59.17577],[-158.46215,59.0528],[-158.72948,58.8736],[-158.79048,58.96345],[-158.74641,58.99482],[-158.82527,58.97712],[-158.76997,58.91108],[-158.78795,58.76976],[-158.89131,58.74335],[-158.82714,58.8194],[-158.91462,58.77538],[-158.70869,58.49226],[-158.88173,58.39962],[-159.05126,58.42471],[-159.03071,58.45637],[-159.48274,58.81607],[-159.66092,58.83944],[-159.58694,58.90746],[-159.61749,58.93132],[-159.73813,58.92825],[-159.75292,58.84083],[-159.90613,58.76541],[-159.99714,58.87409],[-160.1531,58.86129],[-160.1522,58.9161],[-160.24644,58.8869],[-160.25666,58.94623],[-160.32893,58.94143],[-160.25512,58.9903],[-160.35217,59.07066],[-160.7685,58.89643],[-160.83372,58.81255],[-160.88855,58.8841],[-161.1797,58.78273],[-161.30614,58.81265],[-161.26295,58.77669],[-161.37622,58.6868],[-161.30129,58.68182],[-161.70751,58.56118],[-161.76484,58.55939],[-161.71019,58.614],[-161.76508,58.64509],[-161.76289,58.59099],[-162.17605,58.64492],[-161.8911,58.65371],[-161.86542,58.71626],[-161.6774,58.77353],[-161.68484,58.81859],[-161.77474,58.77051],[-161.79491,58.97451],[-161.85582,59.03376],[-161.56916,59.11506],[-161.84053,59.12055],[-161.88838,59.09439],[-161.8474,59.06656],[-161.97411,59.13141],[-162.04292,59.24836],[-162.0515,59.27017],[-162.03869,59.28937],[-161.99824,59.31293],[-162.04365,59.26577],[-161.9831,59.25373],[-161.9466,59.38776],[-161.71394,59.50137],[-162.20983,60.02546],[-162.20356,60.15331],[-162.25141,60.20142],[-162.16156,60.21637],[-162.14904,60.24518],[-162.29023,60.2425],[-162.30012,60.18049],[-162.22873,60.14559],[-162.31724,60.11306],[-162.37495,60.17634],[-162.34166,60.21898],[-162.45858,60.29509],[-162.22753,60.50898],[-162.22411,60.58784],[-161.88154,60.70392],[-162.07226,60.66523],[-162.1151,60.71279],[-162.18318,60.73115],[-162.12336,60.65892],[-162.27632,60.61294],[-162.38244,60.43696],[-162.44123,60.42341],[-162.41596,60.38239],[-162.60835,60.33393],[-162.56001,60.26114],[-162.70332,60.26569],[-162.45027,60.19107],[-162.52583,59.9975],[-162.7517,60.00495],[-162.80797,59.94257],[-163.31648,59.83027],[-164.09834,59.83369],[-164.21227,59.95498],[-164.11473,60.00495],[-164.41267,60.09178],[-164.4853,60.18374],[-164.64379,60.24828],[-164.64916,60.33393],[-164.75349,60.2871],[-164.98896,60.34138],[-165.14326,60.45063],[-165.024,60.46898],[-164.98558,60.54682],[-165.22175,60.49901],[-165.43122,60.55305],[-164.99922,60.71137],[-165.03136,60.78701],[-164.87495,60.84878],[-164.93745,60.93647],[-164.83479,60.86835],[-164.63952,60.91332],[-164.69758,60.85468],[-164.66914,60.82575],[-164.27082,60.78791],[-164.21837,60.69017],[-164.42036,60.55427],[-163.95564,60.77985],[-163.81623,60.75511],[-163.81111,60.59394],[-163.68647,60.58975],[-163.4643,60.67658],[-163.42915,60.71699],[-163.47167,60.75235],[-163.40901,60.75235],[-163.93041,60.85468],[-163.56359,60.91332],[-163.75642,60.94526],[-163.66967,60.99189],[-163.70409,60.99966],[-164.00707,60.86221],[-164.56444,60.85468],[-164.62804,60.93232],[-165.17077,60.9416],[-165.19848,60.97822],[-165.11815,61.01325],[-164.95079,61.01984],[-164.94005,61.08381],[-164.76647,61.10859],[-164.99922,61.11473],[-165.05871,61.06289],[-165.19103,61.13646],[-165.12951,61.15664],[-165.06066,61.21845],[-165.14326,61.25943],[-165.08239,61.21845],[-165.15685,61.15575],[-165.36274,61.21279],[-165.21272,61.2652],[-165.20836,61.32681],[-165.25988,61.33446],[-165.15779,61.36579],[-165.15876,61.41865],[-165.07624,61.41938],[-164.96772,61.48957],[-164.84154,61.49897],[-164.69074,61.60139],[-164.72407,61.62556],[-165.08576,61.47626],[-165.07917,61.43708],[-165.20466,61.41022],[-165.29406,61.33446],[-165.22578,61.2731],[-165.39025,61.2246],[-165.34638,61.15672],[-165.37373,61.0716],[-165.60509,61.1245],[-165.6435,61.2215],[-165.60997,61.2873],[-165.87678,61.33658],[-165.91832,61.41474],[-165.7801,61.45799],[-165.77697,61.51582],[-165.9239,61.56216],[-166.10619,61.49852],[-166.19994,61.59455],[-166.1444,61.72553],[-166.11644,61.63614],[-165.76643,61.69082],[-166.00337,61.73493],[-166.10277,61.82111],[-165.58825,61.86213],[-165.75036,61.98444],[-165.70556,62.1166],[-165.13305,62.51569],[-164.86787,62.53803],[-164.84813,62.47793],[-164.60883,62.43744],[-164.73363,62.37873],[-164.5819,62.42617],[-164.67711,62.47435],[-164.62995,62.51317],[-164.84154,62.49274],[-164.79442,62.53368],[-164.85798,62.56363],[-164.47907,62.74592],[-164.81322,62.62018],[-164.89,62.78693],[-164.76647,62.80121],[-164.88317,62.84154],[-164.69074,63.02709],[-164.31395,63.01411],[-164.59516,63.13011],[-164.42353,63.20897],[-163.99458,63.25625],[-163.72924,63.21678],[-163.64656,63.15892],[-163.66352,63.11652],[-163.54182,63.12881],[-163.79194,63.02192],[-163.80687,62.98615],[-163.52855,63.11668],[-163.35054,63.03083],[-163.09398,63.05736],[-162.59651,63.27668],[-162.28002,63.48908],[-162.30944,63.54658],[-162.01806,63.48583],[-162.16889,63.43122],[-161.44054,63.46019],[-161.05651,63.57441],[-160.8271,63.71353],[-160.76696,63.82412],[-160.92878,64.04816],[-160.97346,64.25047],[-161.25776,64.4051],[-161.18883,64.41812],[-161.53889,64.39765],[-161.41393,64.53754],[-161.03502,64.50776],[-161.00447,64.52798],[-161.08593,64.55256],[-160.83397,64.61734],[-160.79157,64.7259],[-161.15534,64.9252],[-161.08576,64.91299],[-160.99083,64.93944],[-161.02013,64.94721],[-161.21056,64.9326],[-161.39525,64.78677],[-161.54577,64.75088],[-161.73359,64.82075],[-161.80639,64.82274],[-161.71642,64.79487],[-161.94978,64.7259],[-161.79955,64.7613],[-161.89546,64.71174],[-162.12169,64.71288],[-162.06648,64.69929],[-162.51122,64.55866],[-162.60717,64.50678],[-162.64265,64.39444],[-162.78132,64.34369],[-162.87462,64.45966],[-162.82746,64.50064],[-163.05333,64.55585],[-163.149,64.65827],[-163.38976,64.59687],[-163.03974,64.52115],[-163.16588,64.41059],[-163.67854,64.58633],[-164.38911,64.56952],[-164.26622,64.57575],[-164.34187,64.59003],[-164.74596,64.49315],[-164.65661,64.52115],[-164.88569,64.49152],[-164.93782,64.53473],[-164.92414,64.45966],[-164.76647,64.48017],[-164.83711,64.45523],[-165.03551,64.44831],[-166.18969,64.58519],[-166.48347,64.72964],[-166.48038,64.80201],[-166.38606,64.82734],[-166.39021,64.89851],[-166.68453,64.98218],[-166.95739,65.17813],[-166.88024,65.28205],[-166.93208,65.16885],[-166.71264,65.11294],[-166.53417,65.13744],[-166.46923,65.18928],[-166.48872,65.23428],[-166.37129,65.27253],[-166.03119,65.2431],[-166.5028,65.33625],[-167.39855,65.40108],[-168.05244,65.58002],[-168.13744,65.66502],[-167.88208,65.75544],[-168.06294,65.65135],[-167.53124,65.72614],[-167.49657,65.76545],[-167.56103,65.8089],[-167.45283,65.80972],[-167.52111,65.83015],[-167.34594,65.89859],[-167.05989,65.87763],[-166.87682,65.94684],[-166.97301,65.97419],[-166.79487,65.98778],[-166.72496,66.06135],[-166.3109,66.17536],[-165.75499,66.10529],[-165.50011,66.15229],[-165.88996,66.24103],[-165.48766,66.40229],[-165.10521,66.4453],[-165.0334,66.39932],[-164.94465,66.46699],[-164.73131,66.53266],[-164.71809,66.55634],[-164.27436,66.60228],[-163.73632,66.60346],[-163.62873,66.57001],[-163.93012,66.58576],[-163.7624,66.52582],[-163.89562,66.39932],[-163.85468,66.28946],[-164.19111,66.1933],[-163.91747,66.21068],[-163.80749,66.10725],[-163.68049,66.0786],[-162.75853,66.11131],[-162.67687,66.00654],[-162.46849,66.07103],[-162.38801,66.03559],[-162.17943,66.07591],[-161.91564,66.04243],[-161.97712,66.01508],[-161.85823,65.97728],[-161.50593,66.27888],[-161.08641,66.24103],[-161.10688,66.13862],[-161.16255,66.1186],[-161.07734,66.1308],[-161.01753,66.1933],[-160.99702,66.24103],[-161.13573,66.34317],[-161.51069,66.40766],[-161.87471,66.37763],[-161.91906,66.34431],[-161.86726,66.29564],[-161.89631,66.27045],[-161.95661,66.35029],[-161.87597,66.44009],[-161.88838,66.5244],[-162.20983,66.70722],[-162.50459,66.74982],[-162.62532,66.86148],[-162.63874,66.8996],[-162.48481,66.9604],[-162.4171,66.92251],[-162.30663,66.95295],[-162.01683,66.78095],[-162.06599,66.65306],[-161.63378,66.45799],[-161.20421,66.53864],[-160.76537,66.37043],[-160.22851,66.41205],[-160.21919,66.53205],[-160.32543,66.6048],[-160.27497,66.65461],[-160.55171,66.59113],[-160.88097,66.67243],[-161.13606,66.65192],[-161.27196,66.54296],[-161.49543,66.53669],[-161.90197,66.73509],[-161.73066,66.95356],[-161.52522,66.99144],[-161.83515,67.055],[-162.24804,67.01504],[-162.28828,67.07087],[-162.29304,67.00886],[-162.4569,66.99457],[-162.33784,67.14509],[-162.3601,67.16743],[-162.43639,67.15965],[-162.37495,67.13923],[-162.58043,67.01504],[-163.72496,67.11127],[-163.82396,67.35456],[-164.15148,67.61961],[-165.43721,68.06025],[-165.92809,68.13695],[-166.29662,68.29963],[-166.82905,68.35139],[-166.50719,68.42292],[-166.44481,68.42023],[-166.74718,68.36335],[-166.31513,68.40599],[-166.37035,68.44082],[-166.23103,68.5799],[-166.2226,68.88581],[-165.66474,68.86156],[-164.34643,68.92939],[-163.62255,69.11921],[-163.17699,69.42691],[-163.27245,69.29792],[-163.1258,69.38996],[-163.06477,69.55598],[-163.149,69.60578],[-163.02546,69.62629],[-163.0664,69.67406],[-162.93842,69.71125],[-163.01875,69.74584],[-161.90571,70.32062],[-161.70336,70.26374],[-161.90197,70.2569],[-161.75862,70.22956],[-162.12169,70.15388],[-161.70336,70.19546],[-161.73815,70.2023],[-161.63195,70.25609],[-160.9499,70.29043],[-160.984,70.32514],[-160.17223,70.60493],[-159.94709,70.59723],[-159.94384,70.52196],[-160.20189,70.47663],[-159.92199,70.48965],[-160.13366,70.32514],[-159.94848,70.37043],[-159.77119,70.19546],[-159.88728,70.38719],[-159.82579,70.49706],[-159.70971,70.46979],[-159.29137,70.53807],[-159.71593,70.49706],[-159.94787,70.63642],[-160.12743,70.62621],[-159.66816,70.805],[-159.161,70.88691],[-159.37328,70.84593],[-159.14057,70.82543],[-159.44905,70.77705],[-159.32128,70.76927],[-159.22248,70.68891],[-159.27904,70.76472],[-158.98973,70.77705],[-159.06041,70.81655],[-158.7154,70.79133],[-158.338,70.81802],[-158.52355,70.85277],[-157.86494,70.86644],[-157.23119,71.07136],[-156.81721,71.30634],[-156.47151,71.4125],[-156.37165,71.38032],[-156.60444,71.35366],[-156.44331,71.26838],[-156.04271,71.21589],[-156.11095,71.17487],[-155.9449,71.22036],[-155.57343,71.15038],[-155.56664,71.08153],[-155.7447,71.00446],[-156.18733,70.9217],[-155.98127,70.89436],[-155.9403,70.85277],[-155.9781,70.75967],[-155.90905,70.77123],[-155.89143,70.83666],[-155.57714,70.84593],[-155.51789,70.95213],[-155.30858,71.02875],[-155.19172,70.99506],[-155.28917,71.08613],[-155.18615,71.1271],[-155.0974,71.08613],[-155.08967,71.15493],[-155.03938,71.05573],[-155.0974,71.01728],[-155.03901,71.0174],[-154.97167,71.12006],[-154.60017,71.01288],[-154.6682,70.9206],[-154.81001,70.88068],[-154.30907,70.8308],[-154.23034,70.77839],[-153.89354,70.89838],[-153.25569,70.93277],[-152.81574,70.88691],[-152.71491,70.82103],[-152.65746,70.84593],[-152.74682,70.88068],[-152.71251,70.89037],[-152.3275,70.85688],[-152.21923,70.81244],[-152.4309,70.74356],[-152.50914,70.66389],[-152.07527,70.57905],[-152.63012,70.55854],[-151.76037,70.56672],[-151.86982,70.51765],[-151.79039,70.50239],[-151.97968,70.44872],[-151.45417,70.43895],[-151.22228,70.37572],[-151.17711,70.37979],[-151.17772,70.44872],[-150.74511,70.47663],[-150.79353,70.50332],[-150.37938,70.49702],[-150.41674,70.41454],[-149.88972,70.51276],[-149.48852,70.52302],[-148.68244,70.42011],[-148.51818,70.36921],[-148.51183,70.31834],[-148.22326,70.35932],[-147.84276,70.30752],[-147.80614,70.23648],[-147.6796,70.21223],[-145.8802,70.17495],[-145.61388,70.07136],[-145.2154,70.04401],[-145.27489,69.99307],[-144.59016,69.98282],[-144.12955,70.06769],[-144.06404,70.04401],[-144.07144,69.98941],[-144.02306,70.05146],[-144.06404,70.0856],[-143.55069,70.12661],[-143.35412,70.10562],[-143.29752,70.0434],[-143.27709,70.121],[-142.87955,70.07404],[-142.60082,70.01313],[-142.61164,69.97574],[-142.53848,69.98501],[-142.51818,69.98188],[-142.48127,69.96955],[-142.52282,69.96955],[-142.2709,69.85602],[-141.65331,69.76215],[-141.41291,69.65038],[-141.22061,69.67406],[-141.31623,69.69452],[-141.00556,69.65095]]],[[[-141.58422,69.76642],[-141.89843,69.8249],[-141.38512,69.69452],[-141.58422,69.76642]]],[[[-149.31318,70.54487],[-149.23628,70.55329],[-148.99458,70.49291],[-148.92292,70.50145],[-148.81969,70.46979],[-149.0157,70.48493],[-149.31318,70.54487]]],[[[179.47234,51.37055],[179.24301,51.35383],[178.96013,51.54214],[178.6364,51.63744],[178.92018,51.6118],[179.28004,51.39851],[179.47234,51.37055]]],[[[178.39617,51.7685],[178.26027,51.80964],[178.23658,51.82294],[178.22486,51.83674],[178.39617,51.7685]]],[[[178.57423,51.90559],[178.47136,51.92626],[178.47731,51.98591],[178.59051,51.96825],[178.57423,51.90559]]],[[[179.69972,51.88654],[179.55779,51.88825],[179.4861,51.97386],[179.66424,52.02851],[179.78093,51.96703],[179.69972,51.88654]]],[[[177.68377,52.10505],[177.55445,51.96845],[177.61207,51.92792],[177.41359,51.93065],[177.32358,51.82681],[177.22429,51.892],[177.50847,51.99457],[177.59343,52.12507],[177.68377,52.10505]]],[[[175.92888,52.33926],[175.91586,52.378],[175.99098,52.3581],[175.92888,52.33926]]],[[[173.74342,52.36123],[173.62761,52.3946],[173.38893,52.4038],[173.62452,52.50072],[173.79127,52.50153],[173.71306,52.45059],[173.74342,52.36123]]],[[[174.09669,52.71377],[174.11394,52.74103],[174.1823,52.70694],[174.09669,52.71377]]],[[[173.22267,52.84382],[172.94435,52.74982],[172.76344,52.79572],[172.81105,52.88793],[172.64039,52.8688],[172.65284,52.92438],[172.47609,52.92666],[172.66041,53.00861],[173.12721,52.99494],[173.18474,52.9676],[173.16749,52.91303],[173.24985,52.9444],[173.32252,52.916],[173.26303,52.87202],[173.4419,52.85773],[173.32154,52.81086],[173.22267,52.84382]]],[[[-133.52176,54.76675],[-133.54475,54.83169],[-133.53783,54.83499],[-133.52176,54.76675]]],[[[-132.66161,54.76789],[-132.77196,54.86225],[-132.77807,54.93456],[-132.62035,54.89301],[-132.68928,54.84455],[-132.6129,54.78376],[-132.66161,54.76789]]],[[[-131.19469,54.90729],[-131.36946,54.86567],[-131.47838,54.94473],[-131.23624,54.99543],[-131.19469,54.90729]]],[[[-132.84288,54.69379],[-132.83947,54.74217],[-132.95617,54.80366],[-132.90836,54.83832],[-132.99877,54.83796],[-133.10074,54.92032],[-133.06456,54.94709],[-133.14794,54.95441],[-133.21687,55.09907],[-133.12068,55.09907],[-133.21687,55.15371],[-133.16845,55.15371],[-133.21687,55.17414],[-133.15478,55.19465],[-133.18212,55.23558],[-133.107,55.24868],[-132.95617,55.06428],[-133.08654,55.09223],[-132.99714,55.06428],[-133.04552,55.04385],[-132.95759,55.02334],[-132.94249,54.94819],[-132.7626,54.82445],[-132.72248,54.77656],[-132.75756,54.74217],[-132.67121,54.67731],[-132.84288,54.69379]]],[[[-131.20397,55.10993],[-131.18999,55.04834],[-131.2549,55.06924],[-131.20397,55.10993]]],[[[-132.86181,55.1048],[-132.81216,55.18842],[-132.6682,55.05069],[-132.75072,54.99543],[-132.87365,55.03636],[-132.79914,55.08539],[-132.86181,55.1048]]],[[[-131.53449,55.0871],[-131.5393,55.02261],[-131.6245,55.0174],[-131.58288,55.12556],[-131.51724,55.13418],[-131.58654,55.21865],[-131.55158,55.27656],[-131.37279,55.20148],[-131.35704,55.03254],[-131.47956,55.00629],[-131.53449,55.0871]]],[[[-133.24889,55.2165],[-133.42227,55.20148],[-133.44278,55.2978],[-133.29874,55.33185],[-133.31924,55.27041],[-133.20938,55.27041],[-133.24889,55.2165]]],[[[-131.67536,55.2912],[-131.68615,55.23029],[-131.76382,55.24868],[-131.70238,55.19465],[-131.72289,55.14008],[-131.80492,55.18114],[-131.84952,55.41608],[-131.69652,55.34345],[-131.6361,55.2993],[-131.63345,55.26293],[-131.67536,55.2912]]],[[[-133.44961,55.40693],[-133.57995,55.34544],[-133.60729,55.23558],[-133.6892,55.31135],[-133.58056,55.42621],[-133.44961,55.40693]]],[[[-133.32027,55.42313],[-133.23828,55.4138],[-133.3152,55.40455],[-133.32027,55.42313]]],[[[-133.42077,55.45966],[-133.51138,55.42744],[-133.60045,55.4479],[-133.50573,55.52261],[-133.42077,55.45966]]],[[[-133.43318,55.52798],[-133.28742,55.54507],[-133.27343,55.50031],[-133.34659,55.4479],[-133.43318,55.52798]]],[[[-133.77941,55.44986],[-133.70084,55.50739],[-133.71874,55.55174],[-133.58678,55.54413],[-133.63317,55.45441],[-133.77941,55.44986]]],[[[-131.95564,54.83832],[-132.00402,54.69379],[-132.27774,54.71483],[-132.29442,54.76215],[-132.2163,54.80366],[-132.35969,54.80366],[-132.26476,54.84455],[-132.39387,54.93456],[-132.3802,55.02338],[-132.43615,54.91657],[-132.50145,54.91376],[-132.44416,54.96304],[-132.49006,55.00288],[-132.51887,54.94416],[-132.59341,54.96825],[-132.53099,55.01655],[-132.57193,55.04385],[-132.46496,55.05073],[-132.5598,55.12409],[-132.6129,55.06428],[-132.55834,55.16791],[-132.64086,55.25609],[-132.62047,55.15339],[-132.69612,55.14688],[-132.79898,55.20515],[-132.79914,55.27041],[-132.94933,55.20832],[-133.03502,55.22565],[-132.90978,55.28522],[-133.21296,55.2792],[-133.26464,55.34544],[-133.20661,55.38447],[-132.8463,55.35228],[-133.0078,55.38813],[-133.06542,55.42744],[-132.97728,55.4479],[-133.12584,55.48359],[-133.07287,55.57827],[-132.90836,55.63288],[-133.25129,55.58478],[-133.37906,55.62979],[-133.34146,55.67772],[-133.38195,55.72285],[-133.23668,55.74506],[-133.1398,55.87661],[-133.25976,55.9453],[-133.26464,56.14741],[-133.57311,56.18496],[-133.6339,56.26952],[-133.56631,56.30443],[-133.61473,56.35285],[-133.34154,56.33344],[-133.31224,56.27725],[-133.16723,56.32518],[-133.02489,56.17202],[-133.14049,56.11945],[-133.09264,56.06916],[-132.73644,55.99657],[-132.46272,55.77684],[-132.4348,55.62665],[-132.37051,55.66763],[-132.28771,55.5373],[-132.15758,55.49673],[-132.1505,55.44941],[-132.52351,55.62523],[-132.56579,55.57201],[-132.51452,55.54719],[-132.68179,55.45531],[-132.65453,55.42121],[-132.40127,55.51679],[-132.27693,55.4527],[-132.48379,55.40693],[-132.25011,55.41376],[-132.1549,55.36595],[-132.09529,55.26708],[-132.24303,55.25609],[-132.24022,55.19721],[-131.99429,55.26813],[-132.00145,55.10448],[-132.09284,55.10529],[-132.12011,55.06428],[-132.07543,55.04011],[-132.22313,54.9892],[-131.96304,55.03022],[-132.01024,54.96809],[-131.96182,54.95771],[-131.97606,54.90815],[-132.04703,54.89859],[-131.95564,54.83832]]],[[[-130.93456,55.64313],[-130.97167,55.38524],[-131.02709,55.41035],[-131.05565,55.27359],[-131.19201,55.18574],[-131.31139,55.23558],[-131.21573,55.31757],[-131.20995,55.40632],[-131.28307,55.37108],[-131.29833,55.27656],[-131.46321,55.2934],[-131.27074,55.44733],[-131.35082,55.64558],[-131.32543,55.44676],[-131.46215,55.33185],[-131.42125,55.53046],[-131.5065,55.49942],[-131.46569,55.37226],[-131.52648,55.29938],[-131.82022,55.46381],[-131.61978,55.59528],[-131.69896,55.61612],[-131.68688,55.68391],[-131.51745,55.72907],[-131.70922,55.73965],[-131.48265,55.78303],[-131.68773,55.83198],[-131.47037,55.83198],[-131.43545,55.84577],[-131.57885,55.90717],[-131.28026,55.96516],[-130.96874,55.70112],[-130.93456,55.64313]]],[[[-133.50381,55.76618],[-133.48717,55.70673],[-133.5421,55.69489],[-133.68236,55.79047],[-133.6149,55.8332],[-133.30565,55.79735],[-133.41788,55.73847],[-133.50381,55.76618]]],[[[-133.22037,55.82245],[-133.2508,55.77595],[-133.33292,55.87987],[-133.2674,55.90217],[-133.22037,55.82245]]],[[[-133.61701,56.13154],[-133.28531,56.1472],[-133.29955,56.01203],[-133.47033,56.01728],[-133.70271,55.90278],[-133.79491,55.94359],[-133.68098,56.06916],[-133.48314,56.09219],[-133.61701,56.13154]]],[[[-132.39387,56.33918],[-132.38996,56.2355],[-132.48379,56.19457],[-132.35945,56.21792],[-132.09219,56.10643],[-132.20202,56.09219],[-132.13345,55.92902],[-132.18529,55.96931],[-132.33556,55.9182],[-132.42858,55.96931],[-132.38231,56.02261],[-132.44909,56.06485],[-132.62719,56.05121],[-132.70499,56.11742],[-132.70295,56.22248],[-132.60334,56.23615],[-132.52115,56.34321],[-132.39387,56.33918]]],[[[-131.92805,56.21052],[-132.07234,56.11945],[-132.33825,56.2578],[-132.37536,56.48847],[-132.15152,56.352],[-132.00402,56.33918],[-131.92805,56.21052]]],[[[-132.66796,56.2746],[-132.86889,56.24348],[-133.05525,56.34479],[-132.94669,56.44579],[-132.70295,56.4621],[-132.6129,56.40062],[-132.66796,56.2746]]],[[[-132.75194,56.75922],[-132.53344,56.58031],[-132.68399,56.52717],[-132.74706,56.55952],[-132.72277,56.51048],[-132.77367,56.49909],[-132.93749,56.51756],[-132.95222,56.60163],[-132.88109,56.6402],[-132.9628,56.79979],[-132.75194,56.75922]]],[[[-133.88703,57.09003],[-133.31591,56.99087],[-133.26325,56.92528],[-133.29874,57.0102],[-132.98038,56.93505],[-132.93566,56.86685],[-132.99108,56.80842],[-132.9414,56.62653],[-133.02465,56.61274],[-133.23363,56.80191],[-133.34643,56.83759],[-133.30508,56.73542],[-133.22179,56.73163],[-133.24234,56.6341],[-133.10709,56.621],[-133.16845,56.60611],[-133.07909,56.53034],[-133.17296,56.45576],[-133.38508,56.50365],[-133.52717,56.43903],[-133.65941,56.46418],[-133.67927,56.8537],[-133.75292,56.80732],[-133.86343,56.86774],[-133.88817,56.90143],[-133.73762,56.89411],[-134.01818,57.01756],[-134.01134,57.05516],[-133.88703,57.09003]]]]}},{"type":"Feature","properties":{"id":"us-al","lat":32.68439,"lng":-86.73283},"geometry":{"type":"MultiPolygon","coordinates":[[[[-88.10904,30.27611],[-88.09097,30.2447],[-88.31127,30.23676],[-88.10904,30.27611]]],[[[-87.44629,30.29822],[-87.48827,30.28514],[-87.52921,30.27774],[-87.48424,30.30866],[-87.44629,30.29822]]],[[[-87.40519,30.67017],[-87.39208,30.44965],[-87.4737,30.3592],[-87.5572,30.31928],[-87.61181,30.3603],[-87.59016,30.27538],[-87.65453,30.2521],[-88.03014,30.22378],[-87.76423,30.27953],[-87.82128,30.40469],[-87.91137,30.41356],[-87.91246,30.58373],[-88.03014,30.7377],[-88.12633,30.32612],[-88.40221,30.38783],[-88.48615,31.88951],[-88.08942,34.89205],[-88.18552,35.00975],[-85.60568,34.98521],[-85.20134,32.93523],[-84.96774,32.43355],[-84.99189,32.33687],[-84.89794,32.269],[-85.03137,32.17044],[-85.14392,31.82395],[-85.04255,31.53533],[-85.10102,31.18267],[-84.99743,31.01065],[-87.59365,30.99971],[-87.62114,30.85689],[-87.40519,30.67017]]]]}},{"type":"Feature","properties":{"id":"us-ar","lat":34.78272,"lng":-92.46288},"geometry":{"type":"Polygon","coordinates":[[[-90.30422,35.00008],[-90.2718,34.92305],[-90.46389,34.82793],[-90.47824,34.7375],[-90.56799,34.71985],[-90.59396,34.42505],[-90.75937,34.38069],[-90.77089,34.28406],[-90.95588,34.15711],[-90.88014,34.06092],[-91.09304,33.98953],[-91.03561,33.93047],[-91.04543,33.81451],[-91.22592,33.6899],[-91.15168,33.6334],[-91.23542,33.56685],[-91.12717,33.47808],[-91.1821,33.32002],[-91.11291,33.28008],[-91.09306,33.16746],[-91.1613,33.1187],[-91.16647,33.01434],[-94.04125,33.01094],[-94.04728,33.55415],[-94.19318,33.59392],[-94.38742,33.5618],[-94.4841,33.64742],[-94.43908,35.38621],[-94.61833,36.49983],[-90.16218,36.49983],[-90.0644,36.37437],[-90.0675,36.28736],[-90.37939,35.98772],[-89.72385,36.00049],[-89.6673,35.91524],[-89.75954,35.90892],[-89.784,35.87764],[-89.72211,35.83345],[-89.9519,35.72295],[-89.91791,35.548],[-90.01232,35.51163],[-90.11525,35.36958],[-90.08535,35.14834],[-90.17778,35.12994],[-90.30422,35.00008]]]}},{"type":"Feature","properties":{"id":"us-az","lat":34.20846,"lng":-111.64881},"geometry":{"type":"Polygon","coordinates":[[[-111.00627,31.32719],[-114.82211,32.50024],[-114.72079,32.72456],[-114.53586,32.73824],[-114.46074,32.85491],[-114.50173,33.01941],[-114.69675,33.08936],[-114.67302,33.20499],[-114.72351,33.32124],[-114.7269,33.41148],[-114.62585,33.43714],[-114.53261,33.56856],[-114.48806,33.72513],[-114.51594,33.96363],[-114.38215,34.12371],[-114.11906,34.29322],[-114.36896,34.47154],[-114.42111,34.63428],[-114.61696,34.8793],[-114.63886,35.12354],[-114.57194,35.21255],[-114.66762,35.51705],[-114.66894,35.88538],[-114.74128,36.01363],[-114.70715,36.10884],[-114.55478,36.16053],[-114.35641,36.14434],[-114.23364,36.02442],[-114.1239,36.04585],[-114.04201,36.21978],[-114.0402,37.00313],[-109.04663,36.99981],[-109.04743,31.32739],[-111.00627,31.32719]]]}},{"type":"Feature","properties":{"id":"us-ca","lat":37.3248,"lng":-120.03714},"geometry":{"type":"MultiPolygon","coordinates":[[[[-118.35094,32.81867],[-118.49915,32.85063],[-118.60721,33.03086],[-118.35094,32.81867]]],[[[-119.44339,33.24217],[-119.5151,33.2221],[-119.57893,33.2761],[-119.5321,33.28628],[-119.44339,33.24217]]],[[[-118.46359,33.32351],[-118.60391,33.47659],[-118.36921,33.40839],[-118.30434,33.30904],[-118.46359,33.32351]]],[[[-118.22658,33.76545],[-118.23635,33.72805],[-118.25763,33.71655],[-118.26751,33.74703],[-118.22658,33.76545]]],[[[-120.047,34.00381],[-119.96883,33.94112],[-120.10989,33.89314],[-120.24852,34.00113],[-120.047,34.00381]]],[[[-119.54783,34.00385],[-119.81721,33.95934],[-119.93302,34.06023],[-119.63318,34.01364],[-119.56493,34.05533],[-119.54783,34.00385]]],[[[-120.36907,34.07623],[-120.3083,34.0182],[-120.4492,34.03587],[-120.36907,34.07623]]],[[[-114.53586,32.73824],[-117.12512,32.53167],[-117.14981,32.64631],[-117.22619,32.69721],[-117.16806,32.69881],[-117.11509,32.60026],[-117.13321,32.68985],[-117.17464,32.72673],[-117.25528,32.69139],[-117.32216,33.1085],[-117.50884,33.33521],[-118.11739,33.74361],[-118.20721,33.76383],[-118.19286,33.73173],[-118.22151,33.7709],[-118.25455,33.7654],[-118.27677,33.75662],[-118.29131,33.70321],[-118.41204,33.74168],[-118.39139,33.83594],[-118.51407,34.02216],[-118.80697,33.99941],[-119.12865,34.10055],[-119.21709,34.1455],[-119.28116,34.2687],[-119.56318,34.41479],[-119.87864,34.40661],[-120.13341,34.47272],[-120.45411,34.44281],[-120.63663,34.56289],[-120.60305,34.70478],[-120.61557,34.858],[-120.67284,34.90752],[-120.64489,35.13939],[-120.87668,35.22379],[-120.86224,35.36191],[-120.83141,35.33609],[-120.88732,35.43293],[-121.00536,35.46066],[-121.1694,35.63692],[-121.28831,35.66483],[-121.50668,36.00326],[-121.89966,36.3044],[-121.93253,36.55513],[-121.98112,36.58372],[-121.9377,36.63925],[-121.87,36.60721],[-121.80536,36.73774],[-121.76374,36.72207],[-121.80425,36.83602],[-121.9056,36.96913],[-122.13499,36.96573],[-122.33929,37.11858],[-122.40446,37.19453],[-122.44916,37.47666],[-122.52047,37.53142],[-122.51517,37.78113],[-122.40864,37.81039],[-122.35454,37.73001],[-122.37411,37.60419],[-122.10017,37.45506],[-122.03214,37.46336],[-122.25177,37.72278],[-122.21729,37.75849],[-122.33151,37.78239],[-122.3139,37.88583],[-122.4297,37.96426],[-122.36631,38.01234],[-122.22704,38.05842],[-122.14794,38.02363],[-122.00399,38.05614],[-121.69004,38.00912],[-121.72061,38.03212],[-121.60668,38.09935],[-121.61276,38.02149],[-121.5693,38.06584],[-121.44538,38.00389],[-121.60407,38.10578],[-121.77871,38.03602],[-121.6826,38.14719],[-121.89817,38.05322],[-122.05517,38.13373],[-122.13029,38.04214],[-122.39652,38.15323],[-122.50232,38.11352],[-122.50605,38.01717],[-122.44534,37.98512],[-122.50344,37.92481],[-122.4388,37.88208],[-122.49903,37.89359],[-122.47039,37.83183],[-122.52843,37.81637],[-122.92014,38.06531],[-122.9625,37.99205],[-123.02745,37.99449],[-122.94965,38.14399],[-122.9963,38.24273],[-122.82567,38.07209],[-122.83227,38.09589],[-123.00228,38.29486],[-123.06244,38.2959],[-123.12873,38.44931],[-123.33698,38.56726],[-123.72624,38.91858],[-123.68908,39.0279],[-123.82492,39.3473],[-123.76944,39.56373],[-123.85402,39.83351],[-124.11579,40.10712],[-124.36351,40.26148],[-124.4092,40.44382],[-124.23974,40.75871],[-124.22576,40.68612],[-124.18274,40.7999],[-124.08248,40.8435],[-124.15497,40.86173],[-124.23284,40.76664],[-124.11041,41.01525],[-124.16405,41.13222],[-124.06216,41.43588],[-124.15946,41.73667],[-124.2629,41.77643],[-124.21452,41.99954],[-120.00075,41.99954],[-120.00002,38.99922],[-118.12622,37.69134],[-114.62822,35.00357],[-114.61696,34.8793],[-114.42111,34.63428],[-114.36896,34.47154],[-114.12514,34.32779],[-114.51594,33.96363],[-114.48806,33.72513],[-114.53261,33.56856],[-114.62585,33.43714],[-114.7269,33.41148],[-114.69675,33.08936],[-114.50173,33.01941],[-114.46074,32.85491],[-114.53586,32.73824]]]]}},{"type":"Feature","properties":{"id":"us-co","lat":38.9997,"lng":-105.54608},"geometry":{"type":"Polygon","coordinates":[[[-109.04633,40.99983],[-102.0518,40.99959],[-102.03957,36.99981],[-109.04663,36.99981],[-109.04633,40.99983]]]}},{"type":"Feature","properties":{"id":"us-ct","lat":41.77029,"lng":-72.6516},"geometry":{"type":"Polygon","coordinates":[[[-73.6417,41.00177],[-73.72297,41.1035],[-73.4841,41.21792],[-73.5447,41.29493],[-73.48054,42.05454],[-71.80158,42.02168],[-71.79575,41.5189],[-71.84497,41.32151],[-72.0834,41.35204],[-72.28795,41.28294],[-72.39184,41.36628],[-72.36978,41.2766],[-72.85607,41.24542],[-72.90998,41.30512],[-73.10849,41.14871],[-73.2211,41.16714],[-73.6417,41.00177]]]}},{"type":"Feature","properties":{"id":"us-dc","lat":38.91352,"lng":-77.01207},"geometry":{"type":"Polygon","coordinates":[[[-77.02293,38.80277],[-77.02594,38.87259],[-77.11978,38.93406],[-77.04195,38.99614],[-76.90932,38.89297],[-77.02293,38.80277]]]}},{"type":"Feature","properties":{"id":"us-de","lat":39.17427,"lng":-75.576},"geometry":{"type":"Polygon","coordinates":[[[-75.05809,38.45372],[-75.6937,38.46035],[-75.78864,39.72132],[-75.67795,39.81517],[-75.42446,39.80661],[-75.59215,39.64924],[-75.5546,39.54116],[-75.58794,39.46277],[-75.4077,39.27025],[-75.4014,39.07829],[-75.31033,38.92782],[-75.16633,38.79438],[-75.08434,38.79597],[-75.06481,38.63261],[-75.08641,38.69335],[-75.13919,38.68805],[-75.0987,38.63841],[-75.20792,38.56952],[-75.06009,38.61254],[-75.05809,38.45372]]]}},{"type":"Feature","properties":{"id":"us-fl","lat":28.11571,"lng":-81.70359},"geometry":{"type":"MultiPolygon","coordinates":[[[[-82.12829,24.5537],[-82.11376,24.55732],[-82.12877,24.55085],[-82.12829,24.5537]]],[[[-82.11962,24.58511],[-82.10961,24.58613],[-82.11046,24.5655],[-82.11962,24.58511]]],[[[-82.16397,26.70132],[-82.11364,26.65436],[-82.08202,26.49152],[-82.13671,26.58466],[-82.16397,26.70132]]],[[[-82.22545,26.61127],[-82.24767,26.65436],[-82.26016,26.70132],[-82.24596,26.69452],[-82.22545,26.61127]]],[[[-82.27465,26.73615],[-82.27843,26.81004],[-82.26643,26.71499],[-82.27465,26.73615]]],[[[-82.68098,27.43407],[-82.59309,27.33983],[-82.58918,27.32445],[-82.68098,27.43407]]],[[[-87.48204,30.32612],[-87.34484,30.43989],[-87.43903,30.52867],[-87.40519,30.67017],[-87.62531,30.86521],[-87.59365,30.99971],[-85.00659,31.0001],[-84.87578,30.71915],[-82.23984,30.56465],[-82.16618,30.36455],[-82.04858,30.3754],[-82.04133,30.7367],[-81.96198,30.81841],[-81.44026,30.70075],[-81.43782,30.52411],[-81.489,30.621],[-81.50032,30.55126],[-81.40982,30.45649],[-81.23888,29.7373],[-80.92211,29.0683],[-80.62707,28.65086],[-80.52823,28.4726],[-80.59407,28.4016],[-80.59219,28.20791],[-80.45092,27.86636],[-80.61994,28.20698],[-80.60041,28.60029],[-80.76594,28.61229],[-80.75235,28.74193],[-80.84813,28.79059],[-80.73827,28.37348],[-80.38097,27.66608],[-80.34537,27.51459],[-80.19782,27.19599],[-80.19701,27.18049],[-80.21715,27.20942],[-80.31432,27.24258],[-80.14879,27.13825],[-80.03824,26.81118],[-80.12877,25.77529],[-80.14061,25.90082],[-80.30687,25.61823],[-80.31432,25.37116],[-80.423,25.25239],[-80.4025,25.18623],[-80.45079,25.24299],[-80.49865,25.22036],[-80.45873,25.20917],[-80.44343,25.17316],[-80.5655,25.246],[-80.71093,25.14525],[-80.85497,25.18623],[-81.10196,25.12474],[-81.17711,25.22777],[-81.16487,25.29808],[-81.12995,25.34447],[-81.07787,25.27285],[-80.98526,25.2346],[-81.00577,25.21418],[-80.91723,25.24575],[-81.14135,25.38475],[-81.18765,25.56021],[-81.35725,25.75349],[-81.34846,25.81684],[-81.62271,25.94717],[-81.732,25.92048],[-81.66438,25.98135],[-81.73168,26.00064],[-81.78722,26.13959],[-81.80089,26.09862],[-81.85595,26.44888],[-81.8828,26.49584],[-81.88732,26.44477],[-82.00866,26.48452],[-81.78038,26.71499],[-81.90673,26.64265],[-81.95173,26.54365],[-82.03905,26.5279],[-82.097,26.90937],[-81.97838,26.99616],[-82.15518,26.92764],[-82.27383,27.01602],[-82.15026,26.80317],[-82.31383,26.84935],[-82.56184,27.27627],[-82.57364,27.39509],[-82.69839,27.45482],[-82.72916,27.51472],[-82.65746,27.46166],[-82.66076,27.52033],[-82.58918,27.50324],[-82.63695,27.52375],[-82.38996,27.8111],[-82.42174,27.91718],[-82.47183,27.92036],[-82.48274,27.82136],[-82.52709,27.82477],[-82.54113,27.94278],[-82.69099,28.03767],[-82.69034,27.97085],[-82.6444,27.96874],[-82.71886,27.9278],[-82.56188,27.88618],[-82.65404,27.69505],[-82.81509,27.83222],[-82.73937,27.72858],[-82.71886,27.65965],[-82.8424,27.82852],[-82.78734,28.19375],[-82.66421,28.44794],[-82.63195,28.6953],[-82.68472,28.80484],[-82.63012,28.78437],[-82.63362,28.88764],[-82.72716,28.95917],[-82.80085,29.17475],[-83.04068,29.18012],[-83.21569,29.41059],[-83.40478,29.53168],[-83.39729,29.65453],[-83.54381,29.72809],[-83.68057,29.92129],[-84.02404,30.10659],[-84.20914,30.10708],[-84.38362,30.03193],[-84.3463,29.96987],[-84.45352,30.00519],[-84.46613,29.98969],[-84.34301,29.94676],[-84.34899,29.90205],[-84.37735,29.88736],[-84.50837,29.92206],[-84.87536,29.73322],[-84.87328,29.80463],[-85.00426,29.71601],[-85.3461,29.67837],[-85.39159,29.71601],[-85.41348,29.85139],[-85.32055,29.6933],[-85.30215,29.79792],[-85.35652,29.88874],[-85.67955,30.13434],[-85.44237,30.02017],[-85.39501,30.05557],[-85.46207,30.0349],[-85.49462,30.14057],[-85.56969,30.11392],[-85.72053,30.19579],[-85.55549,30.28514],[-85.58678,30.32612],[-85.70865,30.24702],[-85.75471,30.31928],[-85.85436,30.26484],[-85.75597,30.23159],[-85.72053,30.13434],[-86.06599,30.30606],[-86.51089,30.40762],[-86.34716,30.39501],[-86.31168,30.43647],[-86.24193,30.39501],[-86.24816,30.43598],[-86.10778,30.3867],[-86.13825,30.48314],[-86.20714,30.50487],[-86.40836,30.46141],[-86.41267,30.51797],[-86.48835,30.52411],[-86.60228,30.41828],[-86.78254,30.42231],[-87.19408,30.3603],[-86.89379,30.43891],[-87.01354,30.5113],[-86.96068,30.55952],[-87.02961,30.60733],[-87.07738,30.44965],[-87.18057,30.58466],[-87.18041,30.43598],[-87.30655,30.32856],[-87.48204,30.32612]]],[[[-82.67227,28.71524],[-82.69587,28.72895],[-82.666,28.73444],[-82.67227,28.71524]]],[[[-82.69738,28.76146],[-82.67349,28.77709],[-82.6822,28.76032],[-82.69738,28.76146]]],[[[-83.04996,29.13199],[-83.05028,29.15571],[-83.02965,29.1398],[-83.04996,29.13199]]],[[[-85.10871,29.63402],[-85.2128,29.68871],[-85.08365,29.67504],[-85.10871,29.63402]]],[[[-84.69835,29.75458],[-84.78824,29.6955],[-84.96947,29.61176],[-85.04918,29.60586],[-85.09732,29.62727],[-84.98746,29.62043],[-84.69835,29.75458]]],[[[-84.60871,29.78925],[-84.6647,29.77871],[-84.5764,29.81977],[-84.60871,29.78925]]],[[[-86.55138,30.3968],[-87.2412,30.32612],[-87.2965,30.33234],[-86.70059,30.41494],[-86.55138,30.3968]]],[[[-81.75251,24.57612],[-81.75251,24.56989],[-81.7694,24.5502],[-81.81457,24.54255],[-81.75251,24.57612]]],[[[-81.65005,24.57612],[-81.72574,24.55622],[-81.7115,24.59781],[-81.65005,24.57612]]],[[[-81.63646,24.59032],[-81.58117,24.6518],[-81.52717,24.6245],[-81.56066,24.69343],[-81.50601,24.63882],[-81.53083,24.61522],[-81.56505,24.60224],[-81.63646,24.59032]]],[[[-81.41478,24.64769],[-81.41759,24.65941],[-81.41063,24.65542],[-81.41478,24.64769]]],[[[-81.2775,24.65762],[-81.25837,24.66763],[-81.27603,24.65558],[-81.2775,24.65762]]],[[[-81.44685,24.65078],[-81.44807,24.68057],[-81.4414,24.65054],[-81.44685,24.65078]]],[[[-81.48241,24.68325],[-81.5161,24.66547],[-81.515,24.69774],[-81.48241,24.68325]]],[[[-81.32551,24.68427],[-81.32946,24.70331],[-81.31778,24.67495],[-81.32551,24.68427]]],[[[-81.38769,24.72748],[-81.36266,24.63133],[-81.43029,24.75483],[-81.38769,24.72748]]],[[[-81.3732,25.81611],[-81.43957,25.8039],[-81.4405,25.84243],[-81.3732,25.81611]]],[[[-81.47956,25.8476],[-81.47436,25.87246],[-81.45336,25.82551],[-81.47956,25.8476]]],[[[-81.53356,25.87865],[-81.54784,25.88166],[-81.55834,25.90339],[-81.53356,25.87865]]],[[[-81.67203,25.86726],[-81.7084,25.89867],[-81.6634,25.89692],[-81.67203,25.86726]]],[[[-82.04552,26.44375],[-82.16393,26.45429],[-82.20494,26.55048],[-82.14879,26.46857],[-82.04552,26.44375]]],[[[-81.06143,24.73135],[-81.08772,24.68594],[-81.1361,24.70702],[-81.06143,24.73135]]],[[[-80.95556,24.76874],[-80.92382,24.77534],[-81.03307,24.72069],[-80.95556,24.76874]]],[[[-80.80036,24.84357],[-80.80215,24.80988],[-80.85497,24.80329],[-80.80036,24.84357]]],[[[-80.71085,24.86433],[-80.72973,24.86278],[-80.70084,24.88101],[-80.71085,24.86433]]],[[[-80.62621,24.92414],[-80.65713,24.90111],[-80.61852,24.94156],[-80.62621,24.92414]]],[[[-80.25162,25.34447],[-80.5786,24.95026],[-80.59801,24.9501],[-80.35733,25.22736],[-80.36897,25.28612],[-80.25162,25.34447]]],[[[-81.05175,25.27831],[-81.07286,25.31004],[-81.04279,25.30744],[-81.05175,25.27831]]],[[[-81.08902,25.33885],[-81.12222,25.33657],[-81.11653,25.34195],[-81.08902,25.33885]]],[[[-80.2351,25.40485],[-80.19994,25.48981],[-80.18822,25.49836],[-80.20348,25.43659],[-80.2351,25.40485]]],[[[-80.16291,25.67284],[-80.18334,25.71381],[-80.15608,25.73493],[-80.16291,25.67284]]],[[[-80.44742,27.85562],[-80.36148,27.70124],[-80.16291,27.17365],[-80.29259,27.4173],[-80.44742,27.85562]]],[[[-80.62902,28.18106],[-80.6407,28.20417],[-80.64859,28.22272],[-80.62902,28.18106]]],[[[-80.62902,28.59878],[-80.66999,28.2875],[-80.64977,28.22517],[-80.71471,28.36978],[-80.7399,28.51748],[-80.62902,28.59878]]]]}},{"type":"Feature","properties":{"id":"us-ga","lat":32.77976,"lng":-83.28829},"geometry":{"type":"MultiPolygon","coordinates":[[[[-81.46166,30.72582],[-81.48217,30.90436],[-81.41731,30.9704],[-81.46166,30.72582]]],[[[-81.28908,31.43996],[-81.17465,31.52142],[-81.27961,31.38548],[-81.28908,31.43996]]],[[[-81.13644,31.69841],[-81.12817,31.6286],[-81.17507,31.5705],[-81.17948,31.63594],[-81.13644,31.69841]]],[[[-81.13596,32.13553],[-80.83568,32.00292],[-80.93737,31.97647],[-80.92382,31.90888],[-80.98046,31.86538],[-81.11823,31.90766],[-81.09032,31.87572],[-81.14297,31.85493],[-81.03991,31.82697],[-81.10554,31.74266],[-81.2733,31.76553],[-81.19628,31.7176],[-81.33109,31.55243],[-81.36528,31.43789],[-81.32566,31.34893],[-81.49242,31.36766],[-81.26769,31.25873],[-81.38598,31.14175],[-81.45482,31.206],[-81.45173,31.11709],[-81.49584,31.12621],[-81.43029,31.07343],[-81.40368,31.12128],[-81.42414,31.02505],[-81.51354,31.09333],[-81.45079,31.02192],[-81.51968,30.98408],[-81.45079,30.96357],[-81.49926,30.90558],[-81.49242,30.84687],[-81.53336,30.85371],[-81.50003,30.71219],[-81.96198,30.81841],[-82.04133,30.7367],[-82.01135,30.56648],[-82.05768,30.36919],[-82.19186,30.37391],[-82.23984,30.56465],[-84.87578,30.71915],[-85.10102,31.18267],[-85.04255,31.53533],[-85.14392,31.82395],[-85.03137,32.17044],[-84.89794,32.269],[-84.99189,32.33687],[-84.96774,32.43355],[-85.20134,32.93523],[-85.60568,34.98521],[-83.11476,35.00044],[-83.35549,34.70843],[-83.04724,34.49663],[-82.85729,34.46065],[-82.57053,33.9678],[-81.93806,33.47608],[-81.93098,33.36124],[-81.84167,33.3136],[-81.75974,33.15594],[-81.51762,33.03956],[-81.40576,32.6243],[-81.20075,32.48455],[-81.13178,32.3212],[-81.13596,32.13553]]]]}},{"type":"Feature","properties":{"id":"us-hi","lat":19.55901,"lng":-155.43104},"geometry":{"type":"MultiPolygon","coordinates":[[[[-160.05996,22.00056],[-160.08525,21.89354],[-160.23547,21.79282],[-160.23442,21.87446],[-160.05996,22.00056]]],[[[-161.94477,23.04621],[-161.94091,23.04198],[-161.94787,23.03803],[-161.94477,23.04621]]],[[[-164.70727,23.57258],[-164.70433,23.57933],[-164.69909,23.57054],[-164.70727,23.57258]]],[[[-167.99987,25.01643],[-167.99678,25.00112],[-168.0028,25.0148],[-167.99987,25.01643]]],[[[-171.74067,25.76903],[-171.72936,25.75194],[-171.73908,25.75629],[-171.74067,25.76903]]],[[[-173.95918,26.05964],[-173.96565,26.05858],[-173.965,26.07136],[-173.95918,26.05964]]],[[[-178.2879,28.39299],[-178.30437,28.38791],[-178.29038,28.40168],[-178.2879,28.39299]]],[[[-154.81406,19.50658],[-154.9823,19.33924],[-155.29113,19.25952],[-155.5028,19.13768],[-155.67476,18.90612],[-155.87813,19.02907],[-155.91993,19.1386],[-155.88737,19.35957],[-156.06016,19.73122],[-155.83546,19.9757],[-155.88048,20.25202],[-155.73799,20.2438],[-155.58636,20.12294],[-155.16804,19.94683],[-155.08714,19.86038],[-155.08537,19.72741],[-154.98992,19.72671],[-154.94991,19.61145],[-154.81406,19.50658]]],[[[-156.54456,20.51322],[-156.67926,20.50471],[-156.70056,20.52543],[-156.58262,20.59996],[-156.54456,20.51322]]],[[[-156.02774,20.67937],[-156.40765,20.58721],[-156.46432,20.78138],[-156.62023,20.80709],[-156.68491,20.88189],[-156.67684,20.98797],[-156.59793,21.03265],[-156.48167,20.9044],[-156.24291,20.94156],[-156.0017,20.80044],[-156.02774,20.67937]]],[[[-156.80354,20.81256],[-156.96228,20.73239],[-156.99214,20.84634],[-157.06314,20.89039],[-156.89272,20.91414],[-156.80354,20.81256]]],[[[-156.72915,21.16086],[-156.75561,21.09553],[-156.86958,21.05337],[-157.30394,21.10956],[-157.25976,21.22188],[-156.72915,21.16086]]],[[[-157.64717,21.30643],[-157.81082,21.25419],[-157.89488,21.33169],[-157.947,21.30274],[-157.93185,21.37166],[-157.99133,21.39107],[-157.98063,21.31852],[-158.09887,21.2954],[-158.27893,21.57527],[-158.12107,21.5859],[-157.96965,21.70906],[-157.83645,21.53405],[-157.84213,21.46105],[-157.77623,21.41331],[-157.72571,21.45898],[-157.7387,21.40545],[-157.64717,21.30643]]],[[[-159.33874,22.21304],[-159.33413,21.95806],[-159.43732,21.86877],[-159.60498,21.8917],[-159.78721,22.01927],[-159.71653,22.15751],[-159.55854,22.23299],[-159.33874,22.21304]]]]}},{"type":"Feature","properties":{"id":"us-ia","lat":41.9372,"lng":-93.15785},"geometry":{"type":"Polygon","coordinates":[[[-96.57062,43.22857],[-96.53307,43.37508],[-96.59528,43.49891],[-91.25014,43.50096],[-91.20881,43.3729],[-91.08649,43.31736],[-91.16779,43.16045],[-91.14147,42.92828],[-91.04548,42.74209],[-90.703,42.65533],[-90.62626,42.54449],[-90.64199,42.47569],[-90.4322,42.35257],[-90.40314,42.24536],[-90.1697,42.11646],[-90.14941,41.97635],[-90.20124,41.81358],[-90.305,41.74854],[-90.34633,41.60538],[-90.42233,41.55401],[-90.70451,41.45123],[-91.03095,41.4136],[-91.09899,41.23599],[-90.96862,41.11609],[-90.94904,40.98221],[-91.15305,40.67247],[-91.4009,40.58125],[-91.38259,40.39292],[-91.49362,40.40313],[-91.73068,40.6188],[-95.76755,40.60044],[-95.8693,40.72889],[-95.82477,40.88897],[-95.88229,41.06477],[-95.85278,41.17588],[-95.92385,41.20765],[-95.86977,41.30884],[-95.95798,41.33848],[-95.92448,41.45457],[-96.00046,41.48038],[-95.99567,41.54082],[-96.08215,41.54981],[-96.07404,41.8189],[-96.15344,41.89805],[-96.15434,41.98782],[-96.34221,42.1814],[-96.39743,42.49668],[-96.48266,42.51834],[-96.52419,42.65318],[-96.63796,42.75105],[-96.45539,43.12173],[-96.4808,43.21663],[-96.57062,43.22857]]]}},{"type":"Feature","properties":{"id":"us-id","lat":45.5264,"lng":-115.46144},"geometry":{"type":"Polygon","coordinates":[[[-117.03815,48.99251],[-116.04816,48.99251],[-116.04894,48.00369],[-115.71891,47.69978],[-115.67653,47.6045],[-115.73276,47.55562],[-115.63918,47.47928],[-115.72399,47.44173],[-115.33327,47.26436],[-114.91787,46.92283],[-114.90541,46.84185],[-114.76642,46.77442],[-114.76122,46.71599],[-114.66315,46.74849],[-114.56704,46.64434],[-114.32946,46.67156],[-114.45436,46.26995],[-114.4332,46.19139],[-114.50317,46.16009],[-114.38752,45.88831],[-114.54992,45.7835],[-114.49367,45.70506],[-114.54096,45.5691],[-114.29758,45.48369],[-114.10886,45.5733],[-113.98955,45.70269],[-113.80324,45.60779],[-113.71484,45.30901],[-113.43649,45.02195],[-113.48141,44.93355],[-113.43386,44.8628],[-113.33356,44.79415],[-113.14138,44.77649],[-112.99553,44.46524],[-112.83818,44.37698],[-112.75148,44.48853],[-112.39003,44.45833],[-112.24223,44.56871],[-111.46052,44.54908],[-111.49443,44.6439],[-111.37546,44.75489],[-111.05139,44.49788],[-111.05024,41.99983],[-117.01662,41.99954],[-117.03141,43.82869],[-116.93554,44.01705],[-116.96896,44.09996],[-116.89199,44.17669],[-116.97348,44.26832],[-117.19506,44.29771],[-117.2038,44.4825],[-117.02924,44.73365],[-116.86393,44.86609],[-116.83134,45.025],[-116.455,45.60076],[-116.54279,45.76243],[-116.83859,45.90987],[-116.96064,46.10477],[-116.9091,46.16248],[-116.94208,46.25972],[-117.04404,46.37847],[-117.03815,48.99251]]]}},{"type":"Feature","properties":{"id":"us-il","lat":39.95531,"lng":-89.48837},"geometry":{"type":"Polygon","coordinates":[[[-90.5853,38.87808],[-90.70263,38.99539],[-90.77399,39.27906],[-91.37492,39.73572],[-91.51894,40.17491],[-91.47294,40.35811],[-91.3736,40.40313],[-91.4009,40.58125],[-91.15305,40.67247],[-90.94904,40.98221],[-90.96862,41.11609],[-91.09899,41.23599],[-91.03095,41.4136],[-90.44091,41.54341],[-90.18857,41.83477],[-90.14028,42.03057],[-90.1697,42.11646],[-90.40314,42.24536],[-90.4322,42.35257],[-90.64128,42.51177],[-87.01882,42.49624],[-87.20773,41.75967],[-87.52104,41.75972],[-87.53268,39.36162],[-87.61501,39.32],[-87.59875,39.20564],[-87.66681,39.11829],[-87.53649,38.95752],[-87.51122,38.76338],[-87.66193,38.57159],[-87.65324,38.49712],[-87.76242,38.46097],[-87.8486,38.29385],[-87.9456,38.29883],[-87.99186,38.23277],[-87.93395,38.15987],[-88.02995,38.09788],[-87.96784,38.0836],[-88.0454,38.05171],[-88.03818,37.90562],[-88.11186,37.89861],[-88.03986,37.83345],[-88.09851,37.82762],[-88.04994,37.77364],[-88.16335,37.64004],[-88.09099,37.49131],[-88.48862,37.3847],[-88.45446,37.09607],[-88.56108,37.07691],[-88.95549,37.22781],[-89.07829,37.18545],[-89.1787,37.06228],[-89.1237,36.97964],[-89.18815,36.98064],[-89.26013,37.08306],[-89.30883,37.07117],[-89.27514,37.00044],[-89.37734,37.04729],[-89.52331,37.26802],[-89.44138,37.39834],[-89.52331,37.54175],[-89.52331,37.67889],[-89.72194,37.83716],[-90.11081,38.01665],[-90.36752,38.23875],[-90.37797,38.3376],[-90.19648,38.63816],[-90.14352,38.85684],[-90.42826,38.96744],[-90.5853,38.87808]]]}},{"type":"Feature","properties":{"id":"us-in","lat":40.55995,"lng":-86.1704},"geometry":{"type":"Polygon","coordinates":[[[-84.80608,41.75827],[-84.82353,39.09742],[-84.87309,39.06165],[-84.82282,38.9743],[-84.87746,38.91966],[-84.78395,38.89292],[-84.8062,38.795],[-85.18598,38.69373],[-85.25729,38.7409],[-85.45466,38.72642],[-85.41479,38.55342],[-85.58998,38.46097],[-85.66511,38.30953],[-85.82944,38.2772],[-85.93095,38.02896],[-86.05134,37.96963],[-86.25939,38.05901],[-86.29172,38.15362],[-86.38286,38.19463],[-86.33278,38.14712],[-86.46179,38.13731],[-86.44374,38.06897],[-86.5186,38.04048],[-86.52324,37.93829],[-86.62443,37.85376],[-86.81882,37.99522],[-87.0195,37.91915],[-87.11813,37.78875],[-87.40519,37.94207],[-87.5489,37.91338],[-87.5986,37.97644],[-87.62709,37.83453],[-87.67985,37.83716],[-87.68674,37.90686],[-87.79716,37.87815],[-87.9091,37.9316],[-87.89958,37.82974],[-87.9508,37.78194],[-88.09489,37.81822],[-88.03986,37.83345],[-88.11186,37.89861],[-88.03818,37.90562],[-88.0454,38.05171],[-87.96784,38.0836],[-88.02995,38.09788],[-87.93395,38.15987],[-87.99186,38.23277],[-87.9456,38.29883],[-87.8486,38.29385],[-87.76242,38.46097],[-87.65324,38.49712],[-87.66193,38.57159],[-87.51122,38.76338],[-87.53649,38.95752],[-87.66681,39.11829],[-87.59875,39.20564],[-87.61501,39.32],[-87.53268,39.36162],[-87.52104,41.75972],[-84.80608,41.75827]]]}},{"type":"Feature","properties":{"id":"us-ks","lat":38.07631,"lng":-98.32953},"geometry":{"type":"Polygon","coordinates":[[[-102.03957,36.99981],[-102.05126,40.0001],[-95.31726,40.0001],[-95.09118,39.86072],[-94.94819,39.9014],[-94.8749,39.74207],[-94.96935,39.73873],[-95.11054,39.55035],[-94.8997,39.38518],[-94.82958,39.21729],[-94.61254,39.15281],[-94.61804,36.99981],[-102.03957,36.99981]]]}},{"type":"Feature","properties":{"id":"us-ky","lat":37.81597,"lng":-84.74289},"geometry":{"type":"MultiPolygon","coordinates":[[[[-89.55988,36.50015],[-89.5697,36.55638],[-89.50268,36.5544],[-89.49438,36.50142],[-89.55988,36.50015]]],[[[-89.22631,36.58052],[-89.1329,36.76092],[-89.11889,36.96192],[-89.1787,37.06228],[-89.07829,37.18545],[-88.90698,37.22022],[-88.4843,37.07247],[-88.43342,37.13655],[-88.51244,37.30335],[-88.48862,37.3847],[-88.09099,37.49131],[-88.15666,37.6639],[-88.04528,37.80674],[-87.9508,37.78194],[-87.89958,37.82974],[-87.92653,37.92332],[-87.79716,37.87815],[-87.68674,37.90686],[-87.65705,37.8252],[-87.60139,37.85696],[-87.5986,37.97644],[-87.5489,37.91338],[-87.40519,37.94207],[-87.11813,37.78875],[-87.0195,37.91915],[-86.81882,37.99522],[-86.62443,37.85376],[-86.52324,37.93829],[-86.5186,38.04048],[-86.44374,38.06897],[-86.46179,38.13731],[-86.33278,38.14712],[-86.38286,38.19463],[-86.29172,38.15362],[-86.25939,38.05901],[-86.05134,37.96963],[-85.93095,38.02896],[-85.82944,38.2772],[-85.66511,38.30953],[-85.58998,38.46097],[-85.41479,38.55342],[-85.45466,38.72642],[-85.25729,38.7409],[-85.18598,38.69373],[-84.8062,38.795],[-84.78395,38.89292],[-84.87746,38.91966],[-84.82282,38.9743],[-84.87309,39.06165],[-84.73005,39.14622],[-84.63723,39.0773],[-84.44416,39.10181],[-84.3069,39.0169],[-84.21757,38.82347],[-83.86586,38.76224],[-83.71428,38.63853],[-83.5343,38.7074],[-83.30507,38.60144],[-83.15153,38.61895],[-83.03097,38.71587],[-82.88632,38.74483],[-82.82663,38.58648],[-82.58945,38.41932],[-82.57182,38.24764],[-82.63684,38.16158],[-82.29645,37.68838],[-82.11594,37.56338],[-81.96523,37.53868],[-82.35139,37.27849],[-82.68154,37.13709],[-82.86906,36.901],[-83.0624,36.85171],[-83.12853,36.75332],[-83.73034,36.58577],[-86.50754,36.66382],[-87.83911,36.64292],[-88.06711,36.6897],[-88.04274,36.49864],[-89.42446,36.49895],[-89.35883,36.63802],[-89.22631,36.58052]]]]}},{"type":"Feature","properties":{"id":"us-la","lat":30.972,"lng":-91.6502},"geometry":{"type":"MultiPolygon","coordinates":[[[[-90.91511,29.05126],[-90.90319,29.0572],[-90.87963,29.05126],[-90.91511,29.05126]]],[[[-90.6422,29.07294],[-90.74942,29.04096],[-90.76716,29.04706],[-90.6422,29.07294]]],[[[-90.42015,29.04873],[-90.51098,29.08031],[-90.4134,29.04857],[-90.42015,29.04873]]],[[[-90.31078,29.08242],[-90.28384,29.07856],[-90.34655,29.05805],[-90.31078,29.08242]]],[[[-89.95547,29.25731],[-90.03063,29.21638],[-89.95547,29.27098],[-89.95547,29.25731]]],[[[-90.44628,29.26032],[-90.43383,29.25511],[-90.45255,29.22403],[-90.44628,29.26032]]],[[[-89.91446,29.28486],[-89.93895,29.27725],[-89.91316,29.29023],[-89.91446,29.28486]]],[[[-89.99584,29.44481],[-90.1018,29.47834],[-90.11986,29.50552],[-90.02042,29.48664],[-89.99584,29.44481]]],[[[-92.0205,29.56875],[-91.9171,29.64814],[-91.71398,29.57372],[-91.84048,29.48383],[-92.0205,29.56875]]],[[[-89.44131,29.78461],[-89.48998,29.73648],[-89.49059,29.79377],[-89.44131,29.78461]]],[[[-89.6129,30.16852],[-89.96915,30.26472],[-90.0585,30.3603],[-90.18944,30.39081],[-90.43297,30.1433],[-90.37999,30.08039],[-90.14517,30.02383],[-89.99645,30.05244],[-89.88044,30.15485],[-89.78881,30.09886],[-89.7364,30.17528],[-89.74323,30.09955],[-89.66739,30.16401],[-89.71793,30.03327],[-89.8404,30.01142],[-89.81115,29.94717],[-89.7084,29.9562],[-89.66454,29.87547],[-89.60241,29.89077],[-89.48624,30.07636],[-89.37255,30.05467],[-89.4547,29.97639],[-89.37023,29.95075],[-89.43472,29.9289],[-89.33169,29.87987],[-89.38012,29.83332],[-89.34533,29.79169],[-89.41365,29.76439],[-89.48253,29.83332],[-89.60147,29.73485],[-89.48253,29.6341],[-89.70226,29.70978],[-89.6197,29.62727],[-89.75691,29.6341],[-89.67805,29.5279],[-89.52351,29.46963],[-89.53987,29.39777],[-89.33678,29.39057],[-89.38093,29.36294],[-89.24446,29.31599],[-89.19709,29.35346],[-89.11262,29.26415],[-89.14737,29.2368],[-89.02042,29.20946],[-89.097,29.15961],[-89.02318,29.14741],[-89.06481,29.08601],[-89.09895,29.11953],[-89.14737,28.99042],[-89.24767,29.1059],[-89.41365,28.92837],[-89.27619,29.1601],[-89.30435,29.12694],[-89.32177,29.18195],[-89.38366,29.08784],[-89.45519,29.25047],[-89.81815,29.31616],[-89.74381,29.36984],[-89.81981,29.41706],[-89.81631,29.47435],[-89.94164,29.46442],[-90.18204,29.5795],[-90.21028,29.51512],[-90.02375,29.42862],[-90.0585,29.35977],[-90.01757,29.29828],[-90.09504,29.28384],[-90.0511,29.2294],[-90.08023,29.17471],[-90.22924,29.08666],[-90.26081,29.26948],[-90.28746,29.23518],[-90.3391,29.31126],[-90.39371,29.24307],[-90.43444,29.35724],[-90.48306,29.29084],[-90.60277,29.30756],[-90.58552,29.2294],[-90.70592,29.11953],[-91.28515,29.26089],[-91.32799,29.29487],[-91.33967,29.33926],[-91.22297,29.38019],[-91.16149,29.33926],[-91.15404,29.25047],[-91.11311,29.27098],[-91.12157,29.33812],[-91.26256,29.46906],[-91.22838,29.60806],[-91.29865,29.48383],[-91.4239,29.52119],[-91.42903,29.56582],[-91.55932,29.53848],[-91.56078,29.64248],[-91.64415,29.64517],[-91.63793,29.74209],[-91.85847,29.71906],[-91.84752,29.83124],[-91.98445,29.83198],[-92.13463,29.73615],[-92.20238,29.76439],[-92.17227,29.6955],[-92.09996,29.70978],[-92.14151,29.68871],[-92.10741,29.62043],[-92.02489,29.62727],[-92.27649,29.53384],[-93.19959,29.77281],[-93.83103,29.70013],[-93.8937,29.79081],[-93.78194,29.85652],[-93.79842,29.98561],[-93.70397,30.14375],[-93.7558,30.37337],[-93.70358,30.47334],[-93.73054,30.56565],[-93.57385,30.81968],[-93.53815,30.9439],[-93.57756,31.0084],[-93.51476,31.04205],[-93.7267,31.51499],[-93.82961,31.59383],[-93.84006,31.79036],[-94.04323,31.9982],[-94.04125,33.01094],[-91.16647,33.01434],[-91.07194,32.9232],[-91.15727,32.77085],[-91.07023,32.71094],[-91.16816,32.66622],[-91.09924,32.5669],[-91.10519,32.46512],[-90.91323,32.31006],[-91.03229,32.14754],[-91.09543,32.14134],[-91.09143,32.01411],[-91.35134,31.84073],[-91.43566,31.5732],[-91.52895,31.50061],[-91.5288,31.29349],[-91.64792,31.27154],[-91.57902,31.05616],[-91.65734,31.00022],[-89.73527,31.0001],[-89.84606,30.6825],[-89.67761,30.45684],[-89.58788,30.21214],[-89.52599,30.19278],[-89.6129,30.16852]]],[[[-89.16784,29.50373],[-89.18261,29.47313],[-89.22183,29.46963],[-89.16784,29.50373]]],[[[-89.05403,29.55952],[-89.0985,29.52094],[-89.04992,29.56501],[-89.05403,29.55952]]],[[[-88.97826,29.63166],[-88.97008,29.6398],[-88.96451,29.64277],[-88.97826,29.63166]]],[[[-88.93883,29.67328],[-88.87409,29.74746],[-88.9254,29.68309],[-88.93883,29.67328]]],[[[-89.27717,29.81208],[-89.29068,29.77123],[-89.33703,29.80663],[-89.27717,29.81208]]],[[[-88.81094,29.91523],[-88.82103,29.83267],[-88.85456,29.76919],[-88.81778,29.93513],[-88.87243,30.05866],[-88.81778,29.98355],[-88.81094,29.91523]]],[[[-89.23436,29.94843],[-89.29394,29.92007],[-89.29548,29.92463],[-89.23436,29.94843]]],[[[-89.29581,29.94221],[-89.32787,29.91592],[-89.27294,29.98208],[-89.29581,29.94221]]],[[[-89.22208,30.03376],[-89.34533,30.06607],[-89.18082,30.16852],[-89.24991,30.102],[-89.18834,30.07974],[-89.22208,30.03376]]],[[[-89.43936,30.13654],[-89.42492,30.14256],[-89.43126,30.13337],[-89.43936,30.13654]]]]}},{"type":"Feature","properties":{"id":"us-ma","lat":42.16015,"lng":-72.0837},"geometry":{"type":"MultiPolygon","coordinates":[[[[-70.81402,41.26317],[-70.80176,41.24808],[-70.83228,41.25669],[-70.81402,41.26317]]],[[[-70.02887,41.38612],[-69.96715,41.24945],[-70.27811,41.30791],[-70.08971,41.28998],[-70.02009,41.3308],[-70.07608,41.3111],[-70.02887,41.38612]]],[[[-70.60513,41.47403],[-70.50744,41.36262],[-70.77591,41.30439],[-70.84622,41.34667],[-70.60513,41.47403]]],[[[-70.5006,41.39362],[-70.44603,41.41352],[-70.45287,41.35887],[-70.5006,41.39362]]],[[[-70.85947,41.44826],[-70.87598,41.42248],[-70.9485,41.41412],[-70.85947,41.44826]]],[[[-70.71064,41.51921],[-70.79082,41.4492],[-70.83986,41.45053],[-70.71064,41.51921]]],[[[-69.97301,41.65371],[-70.00211,41.55378],[-70.02147,41.55073],[-69.97301,41.65371]]],[[[-71.11075,41.79707],[-71.23686,41.70956],[-71.3238,41.77779],[-71.38708,42.01582],[-72.80642,42.00699],[-73.50724,42.07898],[-73.26552,42.7456],[-71.30632,42.70086],[-70.91643,42.8868],[-70.81428,42.87729],[-70.80915,42.82624],[-70.86376,42.82624],[-70.80578,42.80126],[-70.77509,42.71634],[-70.81961,42.71874],[-70.75711,42.65721],[-70.68228,42.63219],[-70.63174,42.69461],[-70.59704,42.63447],[-70.878,42.53754],[-70.83821,42.49917],[-70.92211,42.46556],[-70.89167,42.42829],[-70.96304,42.4383],[-70.9525,42.35944],[-71.03686,42.37246],[-71.03844,42.30793],[-70.94953,42.24283],[-70.86734,42.26484],[-70.89851,42.31843],[-70.74181,42.23566],[-70.59081,42.01732],[-70.63781,42.01065],[-70.64835,42.06525],[-70.71483,42.00267],[-70.54499,41.94062],[-70.53311,41.81623],[-70.4392,41.75609],[-70.27473,41.71516],[-70.00011,41.81631],[-69.98668,41.92121],[-70.03791,41.94164],[-70.06867,41.8933],[-70.09985,42.03739],[-70.16562,42.06383],[-70.18927,42.01786],[-70.24682,42.06147],[-70.21576,42.08464],[-70.05112,42.03975],[-69.92467,41.83808],[-69.97985,41.79707],[-69.93423,41.79295],[-69.93887,41.67422],[-70.27278,41.61058],[-70.26106,41.64623],[-70.41808,41.64004],[-70.65868,41.52135],[-70.62361,41.72944],[-70.71044,41.74803],[-70.71288,41.68781],[-70.8452,41.59248],[-70.90538,41.64004],[-70.92516,41.55073],[-71.04015,41.50715],[-71.06237,41.56436],[-71.1219,41.51301],[-71.13112,41.66114],[-71.19396,41.67686],[-71.11075,41.79707]]]]}},{"type":"Feature","properties":{"id":"us-md","lat":38.83356,"lng":-76.74184},"geometry":{"type":"MultiPolygon","coordinates":[[[[-75.98129,37.99284],[-76.05142,37.99409],[-76.01735,38.03869],[-75.98129,37.99284]]],[[[-75.25064,38.03689],[-75.19982,38.10383],[-75.17931,38.1682],[-75.09244,38.30264],[-75.1897,38.08978],[-75.25064,38.03689]]],[[[-76.08361,38.16067],[-76.04861,38.20041],[-76.02382,38.17846],[-76.03323,38.14855],[-76.08361,38.16067]]],[[[-75.04475,38.42504],[-75.07877,38.33674],[-75.04398,38.4538],[-75.04475,38.42504]]],[[[-75.37738,38.0152],[-75.85802,37.93114],[-75.84537,37.99409],[-75.88634,37.98794],[-75.74299,38.11083],[-75.85285,38.09032],[-75.77969,38.15522],[-75.9405,38.1354],[-75.92846,38.19355],[-75.81867,38.23371],[-75.90665,38.27098],[-75.84325,38.40436],[-75.96272,38.24799],[-75.99047,38.36205],[-76.03791,38.23249],[-76.20971,38.39203],[-76.21593,38.31688],[-76.31896,38.47394],[-76.26374,38.46552],[-76.17199,38.56623],[-76.28604,38.56281],[-76.27742,38.62474],[-76.05359,38.56804],[-75.9702,38.60659],[-75.96272,38.65888],[-76.02424,38.59285],[-76.15445,38.65266],[-76.10607,38.68623],[-76.16613,38.68146],[-76.16812,38.72773],[-76.19865,38.67506],[-76.23385,38.75745],[-76.29194,38.72131],[-76.28804,38.77553],[-76.34129,38.67317],[-76.30468,38.82274],[-76.25317,38.855],[-76.17311,38.75661],[-76.10904,38.80073],[-76.17697,38.78555],[-76.18817,38.84669],[-76.10607,38.878],[-76.16129,38.92642],[-76.19788,38.87846],[-76.24718,38.95116],[-76.37475,38.84157],[-76.3153,39.02936],[-76.19756,38.97934],[-76.06509,39.14614],[-76.17512,39.12409],[-76.20421,39.01453],[-76.24262,39.03326],[-76.27263,39.16799],[-76.17496,39.31623],[-76.10536,39.37205],[-75.83918,39.37149],[-76.03427,39.39288],[-75.93472,39.47451],[-75.83918,39.46076],[-75.89379,39.50861],[-75.83169,39.58438],[-76.00071,39.45279],[-75.93472,39.60419],[-76.083,39.55781],[-76.12035,39.49494],[-76.06754,39.45783],[-76.20971,39.36465],[-76.23249,39.47451],[-76.28417,39.31061],[-76.31151,39.40278],[-76.40148,39.39252],[-76.33263,39.35098],[-76.43082,39.3181],[-76.40148,39.25601],[-76.48347,39.31061],[-76.39687,39.23798],[-76.44918,39.19496],[-76.57082,39.27364],[-76.6232,39.25971],[-76.43328,39.13122],[-76.43299,39.06722],[-76.51648,39.07564],[-76.39419,39.02456],[-76.45557,38.98873],[-76.56916,39.06639],[-76.45243,38.94386],[-76.56861,38.95254],[-76.4931,38.89895],[-76.53746,38.89167],[-76.49429,38.82555],[-76.55167,38.77558],[-76.51198,38.52773],[-76.39276,38.35357],[-76.45356,38.32405],[-76.63648,38.47416],[-76.68147,38.67939],[-76.67364,38.48606],[-76.45063,38.29314],[-76.37338,38.29889],[-76.3239,38.04384],[-76.45613,38.20702],[-76.51716,38.13178],[-76.61674,38.22331],[-76.80421,38.25362],[-76.82763,38.36286],[-76.88069,38.39887],[-76.83922,38.25722],[-76.92217,38.29159],[-77.03157,38.48139],[-77.20365,38.36429],[-77.25526,38.39352],[-77.22753,38.55687],[-77.01247,38.69736],[-77.02293,38.80277],[-76.90932,38.89297],[-77.04195,38.99614],[-77.11978,38.93406],[-77.27226,39.04776],[-77.44511,39.0846],[-77.51481,39.15259],[-77.46674,39.24375],[-77.75131,39.35103],[-77.7476,39.42305],[-77.80624,39.44815],[-77.77057,39.50188],[-77.88044,39.56394],[-77.84689,39.61175],[-77.96913,39.60157],[-78.18444,39.70425],[-78.28002,39.63536],[-78.43381,39.6242],[-78.40622,39.59412],[-78.46896,39.5336],[-78.57729,39.52911],[-78.74858,39.57723],[-78.77473,39.63785],[-78.95778,39.45415],[-79.1027,39.46726],[-79.48579,39.20691],[-79.47743,39.72176],[-75.78864,39.72132],[-75.6937,38.46035],[-75.08292,38.44745],[-75.10404,38.39524],[-75.17951,38.40842],[-75.09423,38.33535],[-75.16389,38.23371],[-75.23306,38.23896],[-75.37738,38.0152]]]]}},{"type":"Feature","properties":{"id":"us-me","lat":45.28529,"lng":-69.16786},"geometry":{"type":"MultiPolygon","coordinates":[[[[-69.68488,43.81126],[-69.64713,43.83731],[-69.65233,43.79043],[-69.68488,43.81126]]],[[[-69.66926,43.94278],[-69.71483,43.85944],[-69.67838,43.96751],[-69.66926,43.94278]]],[[[-68.77465,44.06188],[-68.83458,44.0351],[-68.91019,44.09553],[-68.88415,44.11384],[-68.77465,44.06188]]],[[[-68.8203,44.17845],[-68.90103,44.13418],[-68.9427,44.11726],[-68.8203,44.17845]]],[[[-68.60851,44.21284],[-68.66206,44.15619],[-68.7202,44.17215],[-68.67894,44.26964],[-68.60851,44.21284]]],[[[-68.93358,44.24356],[-68.88541,44.29955],[-68.93358,44.23575],[-68.93358,44.24356]]],[[[-68.90363,44.31908],[-68.91145,44.36595],[-68.8841,44.392],[-68.85936,44.35814],[-68.90363,44.31908]]],[[[-71.08495,45.30429],[-70.96812,45.34452],[-70.89241,45.2346],[-70.81299,45.42343],[-70.64132,45.4085],[-70.73033,45.50797],[-70.58961,45.65179],[-70.41931,45.7169],[-70.41523,45.80439],[-70.26253,45.92304],[-70.3163,45.98298],[-70.31263,46.07957],[-70.244,46.14101],[-70.2809,46.21186],[-70.1884,46.35841],[-70.07432,46.41954],[-70.00776,46.70408],[-69.25091,47.45292],[-69.06965,47.43189],[-69.05749,47.26947],[-68.90623,47.19022],[-68.38561,47.30171],[-68.29973,47.36783],[-67.8087,47.07514],[-67.75785,45.91947],[-67.80705,45.71287],[-67.43131,45.59794],[-67.42619,45.53345],[-67.49321,45.49314],[-67.42883,45.38705],[-67.4713,45.26628],[-67.31922,45.15389],[-67.25499,45.20504],[-67.17602,45.17866],[-67.21032,45.17109],[-67.04007,44.97317],[-67.1173,44.94835],[-67.12169,44.89456],[-67.2034,44.90489],[-67.14867,44.81554],[-67.08849,44.88813],[-67.04365,44.83397],[-67.05932,44.89745],[-66.97732,44.81554],[-67.19648,44.64423],[-67.28055,44.63137],[-67.33202,44.7095],[-67.39574,44.69884],[-67.36722,44.62747],[-67.40941,44.59581],[-67.43468,44.65921],[-67.45434,44.6046],[-67.55439,44.64407],[-67.60346,44.5281],[-67.65921,44.56668],[-67.72802,44.5032],[-67.74458,44.59581],[-67.78612,44.52753],[-67.78266,44.60151],[-67.82836,44.58425],[-67.90221,44.3972],[-67.90221,44.48656],[-67.937,44.40864],[-67.9779,44.49913],[-68.0288,44.46853],[-67.97472,44.39529],[-68.06054,44.32832],[-68.11152,44.48009],[-68.18159,44.45909],[-68.20202,44.52509],[-68.22212,44.4663],[-68.30814,44.52904],[-68.27273,44.45185],[-68.35469,44.46609],[-68.40929,44.40465],[-68.47822,44.49339],[-68.46479,44.38984],[-68.48506,44.43191],[-68.57441,44.41083],[-68.54137,44.23733],[-68.73204,44.32832],[-68.82079,44.31464],[-68.69933,44.40969],[-68.71837,44.44558],[-68.81619,44.40209],[-68.74262,44.5373],[-68.80163,44.56029],[-68.80712,44.47293],[-68.9866,44.42117],[-68.93749,44.33198],[-69.08833,44.1365],[-69.06522,44.06761],[-69.1914,43.95217],[-69.26342,43.92992],[-69.21947,44.00849],[-69.31054,43.94164],[-69.30317,43.98123],[-69.3695,43.97264],[-69.36429,44.06053],[-69.54764,43.83491],[-69.53397,44.02102],[-69.5924,43.80772],[-69.67011,43.87356],[-69.62959,44.02729],[-69.75923,43.88642],[-69.74629,43.8144],[-69.7047,43.84203],[-69.758,43.75951],[-69.78254,44.05736],[-69.8828,43.97663],[-69.8216,43.96101],[-69.79064,43.7331],[-69.8393,43.70925],[-69.87926,43.87055],[-69.883,43.80056],[-69.98485,43.72635],[-69.9263,43.82856],[-70.02746,43.73994],[-69.95112,43.84911],[-70.02001,43.82864],[-69.98583,43.86278],[-70.18261,43.75707],[-70.28686,43.6505],[-70.21089,43.63504],[-70.20494,43.56114],[-70.34374,43.5395],[-70.3684,43.46723],[-70.32165,43.4525],[-70.57055,43.29849],[-70.58259,43.18863],[-70.67195,43.0856],[-70.71467,43.12193],[-70.74409,43.08381],[-70.97795,43.4022],[-71.08495,45.30429]]],[[[-68.60806,44.02351],[-68.65103,44.06517],[-68.60676,44.08861],[-68.60806,44.02351]]],[[[-68.39061,44.16283],[-68.48957,44.14069],[-68.5065,44.16022],[-68.39061,44.16283]]],[[[-68.19892,44.30862],[-68.31371,44.30842],[-68.3413,44.22358],[-68.4348,44.29999],[-68.35497,44.42328],[-68.27404,44.43928],[-68.18529,44.357],[-68.19892,44.30862]]],[[[-68.47525,44.32429],[-68.52994,44.3308],[-68.51171,44.37897],[-68.47525,44.32429]]],[[[-67.59374,44.4571],[-67.58202,44.51439],[-67.58463,44.44408],[-67.59374,44.4571]]],[[[-67.30207,44.59642],[-67.30338,44.62507],[-67.27082,44.61335],[-67.30207,44.59642]]],[[[-67.03816,44.9549],[-66.98957,44.89761],[-67.04511,44.94449],[-67.03816,44.9549]]]]}},{"type":"Feature","properties":{"id":"us-mi","lat":44.96044,"lng":-84.53111},"geometry":{"type":"Polygon","coordinates":[[[-89.49896,47.99509],[-89.34038,47.98415],[-88.64272,48.25659],[-88.34726,48.29865],[-84.87869,46.89791],[-84.77332,46.63343],[-84.56656,46.4612],[-84.11044,46.52646],[-84.15881,46.43334],[-84.09677,46.22483],[-83.96459,46.06318],[-83.8393,46.1192],[-83.61388,46.11564],[-83.46281,46.00779],[-83.63687,45.77394],[-83.48397,45.77194],[-82.58878,45.37181],[-82.53214,45.29352],[-82.14545,43.60065],[-82.41109,43.05127],[-82.52622,42.61991],[-82.83282,42.39801],[-83.07996,42.30507],[-83.15949,42.04632],[-83.13086,41.93803],[-83.41376,41.73527],[-84.80608,41.69681],[-84.80608,41.75827],[-87.20773,41.75967],[-87.01882,42.49624],[-87.14717,43.37986],[-87.06136,43.96963],[-86.71464,44.84517],[-86.49769,45.0757],[-86.25062,45.23605],[-86.76357,45.44385],[-87.09245,45.44385],[-87.40332,45.20496],[-87.43605,45.07898],[-87.65356,45.12076],[-87.73476,45.19935],[-87.66122,45.37036],[-87.8822,45.3774],[-87.80412,45.49991],[-87.80261,45.68704],[-88.10998,45.80315],[-88.12319,45.9315],[-88.83727,46.0356],[-89.11923,46.14817],[-90.1185,46.34063],[-90.23034,46.50874],[-90.39902,46.55096],[-89.49896,47.99509]]]}},{"type":"Feature","properties":{"id":"us-mn","lat":46.40683,"lng":-94.48524},"geometry":{"type":"Polygon","coordinates":[[[-97.22609,48.99267],[-95.17711,48.99267],[-95.16057,49.36949],[-94.98252,49.35616],[-94.82726,49.29286],[-94.68889,48.77883],[-94.51916,48.70447],[-94.29259,48.71191],[-94.23215,48.65202],[-93.87489,48.63621],[-93.77866,48.51947],[-93.49176,48.54231],[-93.38572,48.61486],[-92.97972,48.61768],[-92.6486,48.53626],[-92.62747,48.50278],[-92.71891,48.45978],[-92.49063,48.43312],[-92.37185,48.22259],[-92.29103,48.24956],[-92.2816,48.33178],[-92.0705,48.34671],[-91.97549,48.23657],[-91.74414,48.17959],[-91.71644,48.11205],[-91.57484,48.04821],[-91.27636,48.06477],[-90.8738,48.23434],[-90.75035,48.08399],[-90.12039,48.11536],[-89.92045,47.98746],[-89.49896,47.99509],[-89.95764,47.28611],[-90.65397,47.30806],[-91.4683,46.92405],[-91.96486,46.72874],[-92.10995,46.76866],[-92.21547,46.66372],[-92.28923,46.66299],[-92.29257,46.08333],[-92.7041,45.91309],[-92.8912,45.70376],[-92.8832,45.57613],[-92.7509,45.55918],[-92.66301,45.42632],[-92.75934,45.28333],[-92.74968,45.12635],[-92.80244,45.07798],[-92.75834,44.92574],[-92.81979,44.75784],[-92.58466,44.60796],[-92.39377,44.57959],[-92.28605,44.47066],[-92.10261,44.43692],[-91.66262,44.07327],[-91.40751,44.01338],[-91.28425,43.89778],[-91.25014,43.50096],[-96.45356,43.50013],[-96.45361,45.29656],[-96.56647,45.39353],[-96.70825,45.42161],[-96.86306,45.60076],[-96.58769,45.83885],[-96.56486,46.17139],[-96.79467,46.64227],[-96.75925,46.9209],[-96.82819,47.0023],[-96.85612,47.60186],[-97.12189,48.13272],[-97.15717,48.53413],[-97.10097,48.65052],[-97.22609,48.99267]]]}},{"type":"Feature","properties":{"id":"us-mo","lat":38.28818,"lng":-92.49359},"geometry":{"type":"Polygon","coordinates":[[[-95.63364,40.30918],[-95.76765,40.60047],[-91.73068,40.6188],[-91.44186,40.37952],[-91.51894,40.17491],[-91.37492,39.73572],[-90.77399,39.27906],[-90.65751,38.92105],[-90.5853,38.87808],[-90.42826,38.96744],[-90.14352,38.85684],[-90.19648,38.63816],[-90.37797,38.3376],[-90.36752,38.23875],[-90.11081,38.01665],[-89.72194,37.83716],[-89.52331,37.67889],[-89.52331,37.54175],[-89.44138,37.39834],[-89.52331,37.26802],[-89.37734,37.04729],[-89.27514,37.00044],[-89.30883,37.07117],[-89.26013,37.08306],[-89.18815,36.98064],[-89.1237,36.97964],[-89.1329,36.76092],[-89.20539,36.60757],[-89.25331,36.56912],[-89.37014,36.63306],[-89.47893,36.45242],[-89.50268,36.5544],[-89.5697,36.55638],[-89.53076,36.38352],[-89.62839,36.34148],[-89.55734,36.27474],[-89.69462,36.24698],[-89.61386,36.1417],[-89.72385,36.00049],[-90.37331,35.98619],[-90.29806,36.11328],[-90.0675,36.28736],[-90.0644,36.37437],[-90.16218,36.49983],[-94.61833,36.49983],[-94.61254,39.15281],[-94.82958,39.21729],[-94.8997,39.38518],[-95.11054,39.55035],[-94.96935,39.73873],[-94.8749,39.74207],[-94.94819,39.9014],[-95.09118,39.86072],[-95.40825,40.03357],[-95.46745,40.23809],[-95.63364,40.30918]]]}},{"type":"Feature","properties":{"id":"us-ms","lat":32.60569,"lng":-89.76225},"geometry":{"type":"MultiPolygon","coordinates":[[[[-88.94274,30.21381],[-88.96931,30.21064],[-88.92785,30.2176],[-88.94274,30.21381]]],[[[-88.42736,30.21625],[-88.46972,30.21084],[-88.50304,30.22378],[-88.42736,30.21625]]],[[[-89.05797,30.2578],[-89.08463,30.19579],[-89.15355,30.22993],[-89.05797,30.2578]]],[[[-88.69782,30.25788],[-88.55626,30.21674],[-88.75634,30.25043],[-88.69782,30.25788]]],[[[-88.40657,30.37084],[-88.47057,30.32388],[-88.59122,30.39501],[-88.74205,30.35407],[-88.92764,30.44221],[-88.98229,30.42231],[-88.85936,30.40811],[-89.25349,30.31928],[-89.32177,30.38076],[-89.32055,30.31208],[-89.44254,30.18977],[-89.56489,30.18907],[-89.84606,30.6825],[-89.73527,31.0001],[-91.65734,31.00022],[-91.57902,31.05616],[-91.64792,31.27154],[-91.5288,31.29349],[-91.52895,31.50061],[-91.43566,31.5732],[-91.35134,31.84073],[-91.09143,32.01411],[-91.09543,32.14134],[-91.03229,32.14754],[-90.90983,32.32432],[-91.10519,32.46512],[-91.09924,32.5669],[-91.16633,32.64449],[-91.07023,32.71094],[-91.15727,32.77085],[-91.07194,32.9232],[-91.16816,32.98152],[-91.1613,33.1187],[-91.09306,33.16746],[-91.11291,33.28008],[-91.1821,33.32002],[-91.12717,33.47808],[-91.23542,33.56685],[-91.15168,33.6334],[-91.22592,33.6899],[-91.04543,33.81451],[-91.03561,33.93047],[-91.09304,33.98953],[-90.88014,34.06092],[-90.95588,34.15711],[-90.77089,34.28406],[-90.75937,34.38069],[-90.59396,34.42505],[-90.56799,34.71985],[-90.47824,34.7375],[-90.46389,34.82793],[-90.2718,34.92305],[-90.30422,35.00008],[-88.17907,34.99783],[-88.08815,34.90806],[-88.48615,31.88951],[-88.40657,30.37084]]]]}},{"type":"Feature","properties":{"id":"us-mt","lat":46.69047,"lng":-109.32621},"geometry":{"type":"Polygon","coordinates":[[[-116.04816,48.99251],[-104.04757,48.99262],[-104.0393,44.99993],[-111.0508,45.00003],[-111.05139,44.49788],[-111.37546,44.75489],[-111.49443,44.6439],[-111.46052,44.54908],[-112.24223,44.56871],[-112.39003,44.45833],[-112.75148,44.48853],[-112.83818,44.37698],[-112.99553,44.46524],[-113.14138,44.77649],[-113.33356,44.79415],[-113.43386,44.8628],[-113.48141,44.93355],[-113.43649,45.02195],[-113.71484,45.30901],[-113.80324,45.60779],[-113.98955,45.70269],[-114.10886,45.5733],[-114.29758,45.48369],[-114.54545,45.57276],[-114.49367,45.70506],[-114.54992,45.7835],[-114.38752,45.88831],[-114.50317,46.16009],[-114.4332,46.19139],[-114.45436,46.26995],[-114.32534,46.66495],[-114.56704,46.64434],[-114.66315,46.74849],[-114.76122,46.71599],[-114.76642,46.77442],[-114.90541,46.84185],[-114.91787,46.92283],[-115.33327,47.26436],[-115.72399,47.44173],[-115.63918,47.47928],[-115.73276,47.55562],[-115.67653,47.6045],[-115.71891,47.69978],[-116.04894,48.00369],[-116.04816,48.99251]]]}},{"type":"Feature","properties":{"id":"us-nc","lat":35.23471,"lng":-80.41265},"geometry":{"type":"MultiPolygon","coordinates":[[[[-77.96239,33.85688],[-78.01781,33.87588],[-77.94205,33.91681],[-77.96239,33.85688]]],[[[-77.84423,34.16665],[-77.86018,34.10041],[-77.87442,34.08812],[-77.84423,34.16665]]],[[[-77.35253,34.52228],[-77.51456,34.45376],[-77.63419,34.36249],[-77.57873,34.42536],[-77.44982,34.49567],[-77.35253,34.52228]]],[[[-76.56534,34.67097],[-76.55167,34.63687],[-76.65478,34.69147],[-76.56534,34.67097]]],[[[-76.68147,34.69823],[-76.8275,34.70295],[-77.09976,34.64985],[-76.68147,34.69823]]],[[[-76.20226,34.94473],[-76.39598,34.78758],[-76.53063,34.58906],[-76.40779,34.79442],[-76.20226,34.94473]]],[[[-76.03694,36.51675],[-75.9737,36.40107],[-75.92789,36.36359],[-75.91857,36.42935],[-75.78551,36.08161],[-75.96174,36.30695],[-75.99621,36.31517],[-75.96272,36.20596],[-75.90807,36.16498],[-76.19884,36.32266],[-76.21935,36.28783],[-76.06347,36.16201],[-76.16812,36.13081],[-76.29198,36.21271],[-76.22012,36.09951],[-76.463,36.20596],[-76.31151,36.0961],[-76.57726,36.0124],[-76.687,36.0561],[-76.72985,36.18171],[-76.67955,36.28754],[-76.72985,36.32266],[-76.75719,36.1271],[-76.68887,36.00666],[-76.72985,35.94526],[-76.42024,35.98127],[-76.26374,35.92475],[-76.30679,35.95783],[-76.04833,35.98371],[-76.0563,35.7934],[-76.12418,35.79458],[-76.03718,35.6988],[-76.14086,35.6988],[-76.03091,35.65103],[-75.98998,35.88691],[-75.93493,35.92487],[-75.86144,35.88068],[-75.90807,35.93842],[-75.82486,35.93159],[-75.85285,35.97997],[-75.72183,35.82917],[-75.75381,35.6118],[-75.83918,35.56851],[-75.88634,35.63736],[-76.02823,35.41934],[-76.15038,35.34715],[-76.28018,35.35074],[-76.35534,35.41348],[-76.37361,35.34317],[-76.41832,35.4645],[-76.49836,35.39134],[-76.57519,35.49746],[-76.463,35.54116],[-76.64733,35.5207],[-76.59976,35.39509],[-77.05199,35.53437],[-76.97631,35.43818],[-76.47037,35.27058],[-76.56534,35.23949],[-76.53026,35.19994],[-76.6752,35.1706],[-76.5716,35.17805],[-76.56054,35.12442],[-76.76448,34.9892],[-77.07934,35.15697],[-76.94026,34.9798],[-76.75719,34.9099],[-76.63183,34.98705],[-76.53987,34.93207],[-76.56859,34.99323],[-76.48961,34.9726],[-76.45377,35.07339],[-76.41885,34.98652],[-76.46182,34.94058],[-76.32519,34.97574],[-76.35314,35.02725],[-76.26989,34.96516],[-76.40779,34.88325],[-76.51277,34.73436],[-76.61596,34.81607],[-76.63296,34.70917],[-76.68521,34.80073],[-76.77082,34.75348],[-76.70198,34.72557],[-76.89611,34.7392],[-77.09325,34.67699],[-77.1317,34.7624],[-77.13687,34.68236],[-77.31802,34.56428],[-77.40148,34.58906],[-77.33316,34.64985],[-77.43562,34.75348],[-77.38244,34.63202],[-77.44982,34.60887],[-77.3789,34.52717],[-77.53588,34.46857],[-77.73046,34.31586],[-77.83267,34.20702],[-77.87442,34.12226],[-77.91112,33.95816],[-77.94205,33.93049],[-77.92162,34.10859],[-77.96255,34.19115],[-77.94945,34.00275],[-78.03234,33.89228],[-78.37466,33.95091],[-78.55899,33.86904],[-79.65351,34.79573],[-80.78403,34.82759],[-80.79291,34.96175],[-80.93364,35.11265],[-81.04521,35.06458],[-81.061,35.15223],[-82.39123,35.21831],[-83.0965,35.00064],[-84.32463,34.98707],[-84.29059,35.22994],[-84.07839,35.26834],[-84.01149,35.42452],[-83.88874,35.51231],[-83.49921,35.56997],[-83.17067,35.75606],[-82.99057,35.78374],[-82.90749,35.94593],[-82.81018,35.93333],[-82.62978,36.05735],[-82.55959,35.96177],[-82.37663,36.10665],[-82.21315,36.15918],[-82.07795,36.10372],[-81.8924,36.31673],[-81.71638,36.34361],[-81.74396,36.4003],[-81.65886,36.60955],[-80.08959,36.53977],[-76.03694,36.51675]]],[[[-76.0406,35.05768],[-76.1256,35.01154],[-76.14704,34.9925],[-76.07811,35.0716],[-76.0406,35.05768]]],[[[-75.98998,35.12344],[-75.77025,35.19794],[-76.01732,35.07502],[-75.98998,35.12344]]],[[[-75.47057,35.50479],[-75.52538,35.24396],[-75.73575,35.18769],[-75.51635,35.291],[-75.46862,35.56509],[-75.51708,35.78075],[-75.45494,35.62311],[-75.47057,35.50479]]],[[[-75.72183,35.94526],[-75.66104,35.92475],[-75.62536,35.83015],[-75.65929,35.83601],[-75.72183,35.94526]]],[[[-75.88065,36.54926],[-75.71426,36.12983],[-75.52383,35.79438],[-75.71947,36.01],[-75.6798,36.03669],[-75.81847,36.29678],[-75.88065,36.54926]]],[[[-75.90111,36.50288],[-75.97289,36.4997],[-76.01325,36.55016],[-75.90897,36.54942],[-75.90111,36.50288]]]]}},{"type":"Feature","properties":{"id":"us-nd","lat":47.30208,"lng":-100.44412},"geometry":{"type":"Polygon","coordinates":[[[-104.04757,48.99262],[-97.22609,48.99267],[-97.10097,48.65052],[-97.15717,48.53413],[-97.12189,48.13272],[-96.85612,47.60186],[-96.82819,47.0023],[-96.75925,46.9209],[-96.79467,46.64227],[-96.60163,46.32393],[-96.55634,45.94175],[-104.04489,45.94202],[-104.04757,48.99262]]]}},{"type":"Feature","properties":{"id":"us-ne","lat":41.50719,"lng":-100.02382},"geometry":{"type":"Polygon","coordinates":[[[-104.05373,40.99983],[-104.05312,43.00037],[-98.4851,43.0002],[-97.97988,42.78233],[-97.83879,42.87151],[-97.27585,42.88428],[-97.12726,42.78963],[-96.6968,42.67217],[-96.6113,42.53431],[-96.39743,42.49668],[-96.34221,42.1814],[-96.15434,41.98782],[-96.15344,41.89805],[-96.06423,41.79595],[-96.08215,41.54981],[-95.98767,41.53401],[-96.00046,41.48038],[-95.92448,41.45457],[-95.95798,41.33848],[-95.86977,41.30884],[-95.92482,41.2241],[-95.85278,41.17588],[-95.88229,41.06477],[-95.82765,40.79415],[-95.8693,40.72889],[-95.77304,40.66067],[-95.76823,40.54874],[-95.69614,40.51832],[-95.64995,40.31104],[-95.47819,40.24917],[-95.41955,40.04505],[-95.31726,40.0001],[-102.05126,40.0001],[-102.0518,40.99959],[-104.05373,40.99983]]]}},{"type":"Feature","properties":{"id":"us-nh","lat":44.14551,"lng":-71.53985},"geometry":{"type":"Polygon","coordinates":[[[-71.51462,44.89505],[-71.40657,45.20494],[-71.44904,45.22691],[-71.31153,45.29414],[-71.16033,45.24577],[-71.08495,45.30429],[-70.97685,43.39451],[-70.70848,43.04523],[-70.81428,42.87729],[-71.14099,42.81595],[-71.29631,42.70206],[-72.46672,42.72923],[-72.55546,42.87796],[-72.47097,43.00574],[-72.39177,43.5577],[-72.10058,43.97332],[-72.02009,44.3177],[-71.67802,44.44612],[-71.54938,44.58655],[-71.635,44.74031],[-71.51462,44.89505]]]}},{"type":"Feature","properties":{"id":"us-nj","lat":40.1127,"lng":-74.42883},"geometry":{"type":"MultiPolygon","coordinates":[[[[-74.36754,39.46503],[-74.30211,39.46475],[-74.39338,39.38915],[-74.44815,39.41987],[-74.38663,39.40648],[-74.36754,39.46503]]],[[[-74.24007,39.57539],[-74.10578,39.72915],[-74.25642,39.5222],[-74.24007,39.57539]]],[[[-75.53165,39.49848],[-75.55744,39.62124],[-75.44017,39.777],[-75.14415,39.8749],[-75.11596,39.95258],[-74.72863,40.16324],[-75.19575,40.61915],[-75.18874,40.75855],[-75.05761,40.87234],[-75.13954,40.98221],[-74.9382,41.12762],[-74.8447,41.27298],[-74.69899,41.35625],[-73.90713,40.99079],[-74.03193,40.71418],[-74.14208,40.64632],[-74.11244,40.71789],[-74.20965,40.63423],[-74.28269,40.49732],[-73.99299,40.40241],[-74.01822,40.48054],[-73.97916,40.44929],[-74.09301,39.77634],[-74.05133,40.03539],[-74.0607,40.06216],[-74.12206,39.9973],[-74.16755,39.69937],[-74.32849,39.57619],[-74.29735,39.50861],[-74.40722,39.55703],[-74.3837,39.4711],[-74.44815,39.44717],[-74.46866,39.39936],[-74.41344,39.35712],[-74.53014,39.31061],[-74.50963,39.37885],[-74.55065,39.31061],[-74.66047,39.2895],[-74.55065,39.28266],[-74.74242,39.11815],[-74.70832,39.09772],[-74.80329,38.98762],[-74.9547,38.92642],[-74.90632,39.17963],[-75.14647,39.18708],[-75.53165,39.49848]]]]}},{"type":"Feature","properties":{"id":"us-nm","lat":34.50075,"lng":-106.04009},"geometry":{"type":"Polygon","coordinates":[[[-106.50605,31.77026],[-108.21512,31.77775],[-108.21481,31.32744],[-109.04743,31.32739],[-109.04663,36.99981],[-103.0008,36.99981],[-103.0656,32.00169],[-106.66218,32.0003],[-106.60073,31.83594],[-106.50605,31.77026]]]}},{"type":"Feature","properties":{"id":"us-nv","lat":38.34528,"lng":-116.55266},"geometry":{"type":"Polygon","coordinates":[[[-114.04255,42.00008],[-114.04201,36.21978],[-114.15866,36.02974],[-114.25654,36.03245],[-114.36564,36.1472],[-114.55478,36.16053],[-114.72119,36.09273],[-114.66762,35.51705],[-114.57194,35.21255],[-114.63552,35.13719],[-114.62822,35.00357],[-118.12622,37.69134],[-120.00002,38.99922],[-120.00075,41.99954],[-114.04255,42.00008]]]}},{"type":"Feature","properties":{"id":"us-ny","lat":42.88517,"lng":-76.09919},"geometry":{"type":"MultiPolygon","coordinates":[[[[-74.08354,40.64952],[-74.05357,40.6027],[-74.1021,40.55457],[-74.25083,40.5014],[-74.18242,40.63742],[-74.08354,40.64952]]],[[[-73.57412,40.57509],[-73.33938,40.64459],[-73.2484,40.64772],[-73.25614,40.63905],[-73.32032,40.63506],[-73.57412,40.57509]]],[[[-72.75708,40.7688],[-73.14753,40.64431],[-73.24578,40.62381],[-73.30505,40.62992],[-73.25529,40.62967],[-73.04034,40.682],[-72.75708,40.7688]]],[[[-73.93338,40.79719],[-74.01692,40.69929],[-73.91796,40.87507],[-73.93879,40.82819],[-73.93338,40.79719]]],[[[-71.87511,41.07571],[-72.40666,40.86207],[-72.49657,40.8841],[-72.50231,40.83906],[-72.72396,40.77042],[-72.65052,40.79745],[-73.71093,40.61021],[-73.5818,40.58449],[-73.93947,40.54196],[-73.76881,40.61855],[-73.86885,40.6401],[-73.87776,40.5821],[-73.98812,40.56937],[-74.03999,40.61979],[-73.9086,40.78868],[-73.75752,40.77111],[-73.75552,40.83279],[-73.69689,40.82189],[-73.7202,40.86624],[-73.65331,40.82392],[-73.63265,40.89959],[-73.47983,40.87724],[-73.48569,40.94563],[-73.35827,40.90042],[-73.40193,40.9544],[-73.23534,40.90782],[-73.11315,40.97346],[-72.62833,40.98359],[-72.34341,41.14065],[-72.24722,41.15571],[-72.41234,41.06489],[-72.43773,40.9842],[-72.62462,40.90782],[-72.48085,40.89794],[-72.32152,41.03583],[-72.18675,41.00916],[-72.15538,41.055],[-72.109,41.00141],[-71.87511,41.07571]]],[[[-72.37131,41.05499],[-72.28048,41.0789],[-72.27553,41.03183],[-72.37131,41.05499]]],[[[-72.07843,41.09996],[-72.10082,41.05425],[-72.14152,41.09685],[-72.13102,41.12047],[-72.07843,41.09996]]],[[[-72.0388,41.24945],[-72.02213,41.27686],[-71.92073,41.2914],[-72.0388,41.24945]]],[[[-79.76301,42.53771],[-78.96306,42.84013],[-78.90905,42.93022],[-79.03197,43.01342],[-79.05842,43.2778],[-79.17431,43.46453],[-78.68809,43.63181],[-76.84153,43.6255],[-76.32776,44.18149],[-75.87032,44.40861],[-75.69969,44.58167],[-75.12965,44.92517],[-74.88651,45.0094],[-73.35134,45.00463],[-73.37731,44.61868],[-73.29313,44.45435],[-73.32463,44.24195],[-73.43854,44.05967],[-73.3634,43.7795],[-73.42504,43.60689],[-73.40671,43.57034],[-73.30886,43.62627],[-73.24704,43.55201],[-73.26552,42.7456],[-73.50724,42.07898],[-73.5447,41.29493],[-73.4841,41.21792],[-73.72297,41.1035],[-73.64287,41.00106],[-73.81168,40.87104],[-73.79769,40.81319],[-73.93228,40.81778],[-73.8754,41.01333],[-73.87157,41.11555],[-73.94734,41.3111],[-73.98498,41.2696],[-73.91788,41.16352],[-73.90713,40.99079],[-74.69899,41.35625],[-74.74162,41.4314],[-74.98435,41.49829],[-75.061,41.60538],[-75.07895,41.82808],[-75.24914,41.8824],[-75.33898,41.99739],[-79.76291,41.99986],[-79.76301,42.53771]]]]}},{"type":"Feature","properties":{"id":"us-oh","lat":40.40464,"lng":-82.70879},"geometry":{"type":"Polygon","coordinates":[[[-83.13086,41.93803],[-83.06841,41.84773],[-82.71112,41.68025],[-82.45132,41.6719],[-81.27666,42.20867],[-80.52023,42.32378],[-80.52023,40.64678],[-80.67685,40.5888],[-80.60512,40.48594],[-80.60055,40.32334],[-80.87101,39.77122],[-80.84111,39.70113],[-80.87524,39.62879],[-81.21164,39.40628],[-81.3687,39.35103],[-81.46315,39.40655],[-81.58097,39.27532],[-81.68244,39.271],[-81.75456,39.10528],[-81.81848,39.07977],[-81.76398,38.93724],[-81.82429,38.95442],[-81.90168,38.87425],[-81.93744,38.99058],[-82.05837,39.00323],[-82.20871,38.78599],[-82.17746,38.6118],[-82.27712,38.58828],[-82.34953,38.43794],[-82.58898,38.41875],[-82.82663,38.58648],[-82.89821,38.75162],[-83.15153,38.61895],[-83.30507,38.60144],[-83.5343,38.7074],[-83.71428,38.63853],[-83.86586,38.76224],[-84.21757,38.82347],[-84.3069,39.0169],[-84.46594,39.11145],[-84.63723,39.0773],[-84.73005,39.14622],[-84.82353,39.09742],[-84.80608,41.69681],[-83.41376,41.73527],[-83.13086,41.93803]]]}},{"type":"Feature","properties":{"id":"us-ok","lat":34.98084,"lng":-97.22476},"geometry":{"type":"Polygon","coordinates":[[[-103.00024,36.5002],[-103.0008,36.99981],[-94.61804,36.99981],[-94.61833,36.49983],[-94.43908,35.38621],[-94.4841,33.64742],[-94.87275,33.75591],[-94.96652,33.85525],[-95.22031,33.96294],[-95.35705,33.86822],[-95.49709,33.87532],[-95.59811,33.95208],[-95.78327,33.85545],[-95.93788,33.89556],[-96.28952,33.76304],[-96.32878,33.70186],[-96.41047,33.78658],[-96.58198,33.83872],[-96.6008,33.90489],[-96.74841,33.84888],[-96.93271,33.95733],[-97.07524,33.86165],[-97.09382,33.74234],[-97.14411,33.72513],[-97.21179,33.91006],[-97.43644,33.82696],[-97.64064,33.99451],[-97.84023,33.86802],[-97.92665,33.87315],[-97.95595,33.99532],[-98.0884,34.02784],[-98.10651,34.14966],[-98.34328,34.14346],[-98.49069,34.07518],[-98.58601,34.15711],[-99.17592,34.22061],[-99.19206,34.32222],[-99.36237,34.46226],[-99.41647,34.38038],[-99.6808,34.39468],[-99.882,34.56492],[-99.99929,34.57547],[-100.00239,36.49986],[-103.00024,36.5002]]]}},{"type":"Feature","properties":{"id":"us-or","lat":44.13832,"lng":-120.52379},"geometry":{"type":"MultiPolygon","coordinates":[[[[-124.46367,42.99304],[-124.38537,43.33016],[-124.32945,43.34881],[-124.31651,43.29983],[-124.23287,43.42408],[-124.21287,43.37468],[-124.14003,43.37535],[-124.2087,43.45219],[-124.33523,43.36532],[-124.20979,43.65663],[-124.17469,43.673],[-124.13981,43.73311],[-124.10902,43.70612],[-124.07022,43.71166],[-124.14881,43.74759],[-124.20294,43.68077],[-124.11946,44.0065],[-124.11408,44.30736],[-124.08443,44.41166],[-124.01789,44.40982],[-124.08343,44.42775],[-124.08435,44.49807],[-124.06319,44.60952],[-124.00476,44.61629],[-124.06814,44.61775],[-124.07799,44.67492],[-123.9711,45.15371],[-124.00178,45.34447],[-123.91845,45.41767],[-123.9711,45.45197],[-123.9488,45.5572],[-123.89053,45.47549],[-123.89607,45.56029],[-123.95788,45.57616],[-123.87108,45.6979],[-123.93788,45.6606],[-123.98114,45.76029],[-123.99055,45.93793],[-123.92333,46.01398],[-124.01734,46.23543],[-123.79874,46.10244],[-123.77831,46.14338],[-123.86542,46.18647],[-123.70595,46.17081],[-123.51927,46.23527],[-123.38552,46.14618],[-123.11183,46.18648],[-122.96669,46.13575],[-122.80654,45.97813],[-122.7216,45.64888],[-122.26105,45.56631],[-121.79264,45.72139],[-121.27184,45.70877],[-121.15497,45.62222],[-120.90012,45.6418],[-120.63142,45.72906],[-120.2299,45.73707],[-119.57526,45.92759],[-119.09333,45.94883],[-119.00236,45.99952],[-116.87883,46.00147],[-116.75939,45.83797],[-116.53012,45.75157],[-116.4559,45.62193],[-116.83134,45.025],[-116.84084,44.90125],[-117.2038,44.4825],[-117.19506,44.29771],[-116.97348,44.26832],[-116.89199,44.17669],[-116.96896,44.09996],[-116.93554,44.01705],[-117.03141,43.82869],[-117.01662,41.99954],[-124.21452,41.99954],[-124.35956,42.113],[-124.43281,42.32931],[-124.39989,42.61573],[-124.56676,42.83397],[-124.46367,42.99304]]],[[[-123.47781,46.23609],[-123.44433,46.2359],[-123.44084,46.21325],[-123.47781,46.23609]]]]}},{"type":"Feature","properties":{"id":"us-pa","lat":41.18709,"lng":-77.71826},"geometry":{"type":"Polygon","coordinates":[[[-80.52023,42.32378],[-79.76301,42.53771],[-79.76291,41.99986],[-75.33898,41.99739],[-75.24914,41.8824],[-75.07895,41.82808],[-75.061,41.60538],[-74.98435,41.49829],[-74.74162,41.4314],[-74.70446,41.37613],[-75.12883,40.99805],[-75.05761,40.87234],[-75.19816,40.70054],[-75.1822,40.57039],[-75.08879,40.55833],[-75.05432,40.43538],[-74.97453,40.41458],[-74.72863,40.16324],[-75.1197,39.97419],[-75.14778,39.90257],[-75.42446,39.80661],[-75.65212,39.82535],[-75.777,39.72105],[-80.5194,39.72149],[-80.52023,42.32378]]]}},{"type":"Feature","properties":{"id":"us-ri","lat":41.66842,"lng":-71.6243},"geometry":{"type":"MultiPolygon","coordinates":[[[[-71.57258,41.22883],[-71.54909,41.15204],[-71.61375,41.15518],[-71.57258,41.22883]]],[[[-71.35782,41.55817],[-71.39879,41.4619],[-71.37767,41.57795],[-71.35782,41.55817]]],[[[-71.35456,41.45832],[-71.22061,41.66055],[-71.23363,41.4892],[-71.35456,41.45832]]],[[[-71.19913,41.49213],[-71.21052,41.60224],[-71.19396,41.67686],[-71.13112,41.66114],[-71.1219,41.51301],[-71.19913,41.49213]]],[[[-71.33723,41.59251],[-71.35936,41.642],[-71.34374,41.67064],[-71.30338,41.62637],[-71.33723,41.59251]]],[[[-71.24022,41.68464],[-71.30183,41.65961],[-71.28303,41.74885],[-71.33707,41.73379],[-71.39135,41.81879],[-71.364,41.71206],[-71.44677,41.67723],[-71.42341,41.4864],[-71.48827,41.37059],[-71.87791,41.31151],[-71.80446,41.41573],[-71.8008,42.01092],[-71.38708,42.01582],[-71.34069,41.7969],[-71.26784,41.74981],[-71.24022,41.68464]]]]}},{"type":"Feature","properties":{"id":"us-sc","lat":33.55908,"lng":-80.52744},"geometry":{"type":"MultiPolygon","coordinates":[[[[-79.33776,33.06615],[-79.36095,33.00568],[-79.3684,33.00568],[-79.33776,33.06615]]],[[[-79.65351,34.79573],[-78.57331,33.84797],[-78.93798,33.64208],[-79.13313,33.41743],[-79.18346,33.21792],[-79.27204,33.31729],[-79.18961,33.437],[-79.23229,33.4121],[-79.29947,33.29678],[-79.18346,33.18378],[-79.27221,33.1223],[-79.34044,33.15583],[-79.29263,33.10871],[-79.37149,33.06403],[-79.38703,33.01732],[-79.58483,33.01382],[-79.6245,32.94383],[-79.58873,32.91413],[-79.82873,32.76276],[-79.94376,32.85147],[-79.96764,32.78522],[-79.86803,32.7381],[-79.88732,32.68814],[-80.17711,32.56704],[-80.26594,32.62141],[-80.20446,32.56061],[-80.33121,32.4864],[-80.53966,32.56061],[-80.53283,32.51903],[-80.66979,32.52114],[-80.47818,32.4781],[-80.58747,32.45694],[-80.45836,32.42316],[-80.54711,32.34711],[-80.4298,32.40982],[-80.47077,32.32274],[-80.63683,32.26679],[-80.6573,32.46271],[-80.67829,32.30272],[-80.75935,32.36078],[-80.78555,32.49673],[-80.85497,32.5395],[-80.79894,32.31973],[-80.67785,32.21475],[-80.82079,32.10814],[-80.77721,32.20726],[-80.77986,32.2447],[-80.91101,32.03389],[-81.13596,32.13553],[-81.13178,32.3212],[-81.20075,32.48455],[-81.40576,32.6243],[-81.51762,33.03956],[-81.75974,33.15594],[-81.84167,33.3136],[-81.93098,33.36124],[-81.93806,33.47608],[-82.57053,33.9678],[-82.85729,34.46065],[-83.04724,34.49663],[-83.35549,34.70843],[-83.11476,35.00044],[-82.75112,35.07325],[-82.39123,35.21831],[-81.061,35.15223],[-81.04521,35.06458],[-80.93364,35.11265],[-80.79291,34.96175],[-80.78403,34.82759],[-79.65351,34.79573]]]]}},{"type":"Feature","properties":{"id":"us-sd","lat":44.39834,"lng":-100.2514},"geometry":{"type":"Polygon","coordinates":[[[-104.05312,43.00037],[-104.04489,45.94202],[-96.55634,45.94175],[-96.64162,45.75901],[-96.86306,45.60076],[-96.70825,45.42161],[-96.56647,45.39353],[-96.45361,45.29656],[-96.45356,43.50013],[-96.59855,43.49646],[-96.53307,43.37508],[-96.57062,43.22857],[-96.4808,43.21663],[-96.45539,43.12173],[-96.63796,42.75105],[-96.52419,42.65318],[-96.48266,42.51834],[-96.62853,42.54258],[-96.6968,42.67217],[-97.12726,42.78963],[-97.27585,42.88428],[-97.83879,42.87151],[-98.00688,42.78409],[-98.4851,43.0002],[-104.05312,43.00037]]]}},{"type":"Feature","properties":{"id":"us-tn","lat":35.85555,"lng":-86.35342},"geometry":{"type":"Polygon","coordinates":[[[-89.67404,35.89629],[-89.71574,36.0347],[-89.61386,36.1417],[-89.69462,36.24698],[-89.56118,36.26373],[-89.62839,36.34148],[-89.53076,36.38352],[-89.55988,36.50015],[-89.47893,36.45242],[-89.42446,36.49895],[-88.04274,36.49864],[-88.07206,36.68938],[-87.83911,36.64292],[-86.50754,36.66382],[-83.73034,36.58577],[-81.65886,36.60955],[-81.74396,36.4003],[-81.71638,36.34361],[-81.8924,36.31673],[-82.07795,36.10372],[-82.21315,36.15918],[-82.37663,36.10665],[-82.55959,35.96177],[-82.62978,36.05735],[-82.81018,35.93333],[-82.90749,35.94593],[-82.99057,35.78374],[-83.17067,35.75606],[-83.49921,35.56997],[-83.88874,35.51231],[-84.01149,35.42452],[-84.07839,35.26834],[-84.29059,35.22994],[-84.32463,34.98707],[-90.30422,35.00008],[-90.17778,35.12994],[-90.08535,35.14834],[-90.11525,35.36958],[-90.01232,35.51163],[-89.91791,35.548],[-89.9519,35.72295],[-89.72211,35.83345],[-89.784,35.87764],[-89.75954,35.90892],[-89.67404,35.89629]]]}},{"type":"Feature","properties":{"id":"us-tx","lat":31.20653,"lng":-99.68047},"geometry":{"type":"MultiPolygon","coordinates":[[[[-97.34288,26.75674],[-97.16638,26.10285],[-97.39753,26.831],[-97.40502,27.12523],[-97.39159,27.1931],[-97.37707,27.20783],[-97.34288,26.75674]]],[[[-97.04402,27.83527],[-97.25935,27.49618],[-97.35164,27.23517],[-97.39753,27.22891],[-97.25414,27.65965],[-97.20572,27.63296],[-97.04402,27.83527]]],[[[-96.84537,28.12124],[-96.85009,28.07119],[-97.03441,27.85204],[-96.91405,28.09911],[-96.84537,28.12124]]],[[[-96.40758,28.39639],[-96.41686,28.32876],[-96.8358,28.07119],[-96.80777,28.18765],[-96.40758,28.39639]]],[[[-96.3129,28.45856],[-96.23253,28.48949],[-96.3697,28.40693],[-96.3129,28.45856]]],[[[-94.72441,29.33316],[-95.11654,29.08899],[-94.8341,29.35977],[-94.72441,29.33316]]],[[[-106.39177,31.74592],[-106.60073,31.83594],[-106.66218,32.0003],[-103.0656,32.00169],[-103.04211,36.49959],[-100.00239,36.49986],[-99.99929,34.57547],[-99.882,34.56492],[-99.6808,34.39468],[-99.41647,34.38038],[-99.36237,34.46226],[-99.19206,34.32222],[-99.17592,34.22061],[-98.58601,34.15711],[-98.49069,34.07518],[-98.34328,34.14346],[-98.10651,34.14966],[-98.0884,34.02784],[-97.95595,33.99532],[-97.92665,33.87315],[-97.84023,33.86802],[-97.64064,33.99451],[-97.43644,33.82696],[-97.21179,33.91006],[-97.14411,33.72513],[-97.09382,33.74234],[-97.07524,33.86165],[-96.93271,33.95733],[-96.74841,33.84888],[-96.6008,33.90489],[-96.58198,33.83872],[-96.41047,33.78658],[-96.32878,33.70186],[-96.28952,33.76304],[-95.93788,33.89556],[-95.78327,33.85545],[-95.59811,33.95208],[-95.49709,33.87532],[-95.35705,33.86822],[-95.22031,33.96294],[-94.96652,33.85525],[-94.87275,33.75591],[-94.46691,33.64405],[-94.38742,33.5618],[-94.19318,33.59392],[-94.04728,33.55415],[-94.04323,31.9982],[-93.84006,31.79036],[-93.82961,31.59383],[-93.7267,31.51499],[-93.51476,31.04205],[-93.57756,31.0084],[-93.53815,30.9439],[-93.57385,30.81968],[-93.73054,30.56565],[-93.71721,30.07981],[-93.9244,29.86562],[-93.8758,29.67504],[-94.10196,29.6706],[-94.76277,29.36652],[-94.701,29.46279],[-94.50446,29.52603],[-94.48595,29.56611],[-94.77905,29.52988],[-94.69274,29.69634],[-94.73405,29.78224],[-94.80674,29.78199],[-94.9196,29.65533],[-95.05228,29.74975],[-94.9858,29.67498],[-95.02392,29.54218],[-94.9078,29.49631],[-94.96508,29.46963],[-94.94294,29.42202],[-94.82112,29.37397],[-94.88882,29.37596],[-95.11588,29.17475],[-95.17052,29.20893],[-95.15892,29.04572],[-95.60192,28.76386],[-95.95198,28.68871],[-95.94017,28.62572],[-95.71923,28.71548],[-96.21886,28.48949],[-95.98778,28.64484],[-96.22647,28.58714],[-96.13687,28.62665],[-96.21544,28.62938],[-96.18806,28.69086],[-96.34577,28.63532],[-96.38329,28.73005],[-96.44481,28.76386],[-96.3697,28.62665],[-96.42764,28.5954],[-96.49323,28.57893],[-96.44713,28.63565],[-96.48469,28.61262],[-96.65087,28.72972],[-96.60863,28.57893],[-96.49323,28.51065],[-96.5476,28.46931],[-96.4735,28.49356],[-96.4038,28.43488],[-96.65372,28.31949],[-96.79332,28.47972],[-96.76696,28.41071],[-96.84447,28.41559],[-96.78234,28.2416],[-96.88024,28.15062],[-96.94506,28.12645],[-96.91031,28.26362],[-96.97301,28.13394],[-97.02017,28.14008],[-97.01399,28.20897],[-97.17325,28.159],[-97.21752,28.07477],[-97.14908,28.00552],[-97.02107,28.10033],[-97.18407,27.83661],[-97.52107,27.8732],[-97.39074,27.84589],[-97.37182,27.75532],[-97.25959,27.69505],[-97.4112,27.33503],[-97.54157,27.29035],[-97.46129,27.34365],[-97.48693,27.40021],[-97.63024,27.30024],[-97.77428,27.46849],[-97.66763,27.31086],[-97.77428,27.2978],[-97.55966,27.23481],[-97.4261,27.26366],[-97.4807,27.02196],[-97.56282,26.99372],[-97.48131,26.87763],[-97.54841,26.89989],[-97.562,26.83788],[-97.49303,26.79173],[-97.41861,26.50202],[-97.47265,26.49584],[-97.3402,26.34162],[-97.31054,26.12328],[-97.21198,26.09121],[-97.25561,25.99893],[-97.15184,26.07502],[-97.13752,25.97451],[-97.32845,25.9333],[-97.36599,25.8439],[-97.65987,26.03066],[-98.22266,26.07541],[-98.42884,26.21773],[-98.65366,26.24429],[-98.80133,26.37214],[-99.10643,26.42304],[-99.24828,26.8271],[-99.46173,27.05695],[-99.43199,27.20759],[-99.52136,27.31125],[-99.47292,27.42665],[-99.51501,27.5886],[-99.83292,27.77676],[-100.0565,28.13792],[-100.27509,28.27724],[-100.35555,28.47818],[-100.32263,28.51041],[-100.62432,28.92472],[-100.66897,29.11621],[-101.00807,29.38058],[-101.03778,29.46006],[-101.21286,29.53158],[-101.23392,29.62266],[-101.31216,29.59786],[-101.4051,29.77844],[-101.54289,29.77105],[-101.54646,29.82015],[-101.63222,29.77565],[-102.10934,29.80211],[-102.32101,29.89394],[-102.4061,29.77728],[-102.69104,29.73682],[-102.88307,29.34377],[-102.85878,29.22915],[-102.98839,29.17713],[-103.12277,28.99647],[-103.38663,29.0288],[-103.78366,29.2748],[-104.05731,29.33904],[-104.26717,29.52657],[-104.44401,29.5892],[-104.68048,29.94231],[-104.68156,30.19294],[-104.93434,30.61054],[-105.20492,30.80241],[-105.36377,30.85037],[-105.9612,31.37101],[-106.20925,31.47731],[-106.39177,31.74592]]]]}},{"type":"Feature","properties":{"id":"us-ut","lat":39.00148,"lng":-111.54381},"geometry":{"type":"Polygon","coordinates":[[[-111.05024,41.99983],[-111.04992,40.99983],[-109.04633,40.99983],[-109.04663,36.99981],[-114.0402,37.00313],[-114.04255,42.00008],[-111.05024,41.99983]]]}},{"type":"Feature","properties":{"id":"us-va","lat":38.00298,"lng":-78.47184},"geometry":{"type":"MultiPolygon","coordinates":[[[[-75.94298,36.54963],[-75.9143,36.57587],[-75.90897,36.54942],[-75.94298,36.54963]]],[[[-75.9286,37.11222],[-75.90542,37.23443],[-75.87397,37.29038],[-75.87714,37.20559],[-75.81078,37.20017],[-75.88652,37.12311],[-75.9286,37.11222]]],[[[-75.71921,37.3683],[-75.67648,37.45507],[-75.65613,37.46151],[-75.66043,37.44318],[-75.71921,37.3683]]],[[[-75.60219,37.56241],[-75.67062,37.47706],[-75.59981,37.57513],[-75.60219,37.56241]]],[[[-75.37738,38.0152],[-75.4171,37.88609],[-75.81871,37.45424],[-75.79587,37.40568],[-75.88731,37.35697],[-75.96643,37.13479],[-76.01496,37.28156],[-75.89379,37.56273],[-75.92174,37.61054],[-75.81867,37.67259],[-75.78686,37.80939],[-75.66104,37.84333],[-75.74299,37.91218],[-75.62357,37.99428],[-75.37738,38.0152]]],[[[-76.0331,37.95467],[-76.01723,37.92879],[-76.02637,37.91351],[-76.0331,37.95467]]],[[[-75.24334,38.02469],[-75.37853,37.85577],[-75.40013,37.87411],[-75.24334,38.02469]]],[[[-76.00505,37.95047],[-75.99377,37.95408],[-75.99565,37.94515],[-76.00505,37.95047]]],[[[-76.04408,37.95445],[-76.03679,37.95072],[-76.04361,37.94919],[-76.04408,37.95445]]],[[[-75.96692,36.54981],[-80.08959,36.53977],[-81.90529,36.61751],[-83.66747,36.60401],[-83.12853,36.75332],[-83.0624,36.85171],[-82.86906,36.901],[-82.68154,37.13709],[-82.35139,37.27849],[-81.96523,37.53868],[-81.92741,37.37076],[-81.58393,37.20477],[-81.3635,37.33457],[-81.22409,37.24434],[-80.88237,37.32583],[-80.84589,37.42481],[-80.74374,37.38184],[-80.2943,37.50923],[-80.30622,37.56372],[-80.22497,37.62159],[-80.28486,37.68514],[-79.7945,38.27388],[-79.64858,38.58807],[-79.54682,38.56412],[-79.50715,38.47989],[-79.28449,38.42686],[-78.9987,38.84231],[-78.86772,38.78824],[-78.42038,39.15696],[-78.32216,39.45083],[-77.83574,39.14417],[-77.73469,39.33106],[-77.46674,39.24375],[-77.49577,39.12393],[-77.27226,39.04776],[-77.03304,38.85397],[-77.04777,38.71572],[-77.16779,38.68896],[-77.13487,38.63628],[-77.22989,38.65668],[-77.31425,38.40613],[-77.35872,38.42927],[-77.29078,38.35379],[-77.33851,38.34261],[-77.04084,38.39591],[-77.01448,38.33051],[-77.05274,38.31684],[-76.95417,38.21017],[-76.73933,38.1367],[-76.61461,38.15038],[-76.53063,38.02513],[-76.24791,37.90347],[-76.25007,37.82282],[-76.32486,37.8487],[-76.30468,37.63788],[-76.4689,37.70864],[-76.50499,37.65693],[-76.93497,38.09369],[-77.06257,38.166],[-77.13394,38.166],[-76.92589,38.05882],[-76.92261,37.98083],[-76.6134,37.73954],[-76.55198,37.62676],[-76.28417,37.56957],[-76.39338,37.53315],[-76.27006,37.51736],[-76.25764,37.33551],[-76.41515,37.44269],[-76.43505,37.32315],[-76.3719,37.28803],[-76.49603,37.24912],[-76.72985,37.49445],[-76.79817,37.50438],[-76.60622,37.29579],[-76.46807,37.21397],[-76.38561,37.23249],[-76.29166,37.13011],[-76.33861,37.10171],[-76.27038,37.09764],[-76.29621,37.01358],[-76.42919,36.9763],[-76.61119,37.11944],[-76.63402,37.22069],[-76.74376,37.1975],[-76.85558,37.26244],[-76.86022,37.32315],[-76.93147,37.24527],[-76.99055,37.32026],[-77.05549,37.28718],[-77.27794,37.32933],[-77.06713,37.26651],[-77.0172,37.29523],[-76.97321,37.23998],[-76.718,37.15001],[-76.66997,37.18501],[-76.65974,37.04331],[-76.49472,36.95399],[-76.5244,36.86323],[-76.38069,36.90062],[-76.29166,36.84956],[-76.31002,36.95961],[-76.00459,36.93236],[-75.8531,36.54903],[-75.95783,36.71943],[-75.96692,36.54981]]]]}},{"type":"Feature","properties":{"id":"us-vt","lat":43.87641,"lng":-72.77893},"geometry":{"type":"Polygon","coordinates":[[[-73.35134,45.00463],[-71.50585,45.01373],[-71.51462,44.89505],[-71.635,44.74031],[-71.54938,44.58655],[-71.67802,44.44612],[-72.02009,44.3177],[-72.10058,43.97332],[-72.39177,43.5577],[-72.47097,43.00574],[-72.55546,42.87796],[-72.46681,42.72928],[-73.27624,42.74611],[-73.24704,43.55201],[-73.30886,43.62627],[-73.40671,43.57034],[-73.42504,43.60689],[-73.3634,43.7795],[-73.43854,44.05967],[-73.32463,44.24195],[-73.29313,44.45435],[-73.37731,44.61868],[-73.35134,45.00463]]]}},{"type":"Feature","properties":{"id":"us-wa","lat":47.28962,"lng":-119.72351},"geometry":{"type":"MultiPolygon","coordinates":[[[[-123.42296,46.18781],[-123.34886,46.16641],[-123.31566,46.14854],[-123.42296,46.18781]]],[[[-123.94818,46.46419],[-123.96412,46.40679],[-123.98111,46.49746],[-123.94818,46.46419]]],[[[-122.70539,47.18195],[-122.70108,47.12397],[-122.74641,47.15371],[-122.70539,47.18195]]],[[[-122.84691,47.29804],[-122.87385,47.16787],[-122.90494,47.27827],[-122.84691,47.29804]]],[[[-122.87702,48.56586],[-122.82775,48.41739],[-122.94254,48.47577],[-122.87702,48.56586]]],[[[-122.9829,48.46361],[-123.13931,48.49584],[-123.17756,48.59882],[-123.12914,48.62006],[-122.97765,48.53132],[-123.02017,48.49934],[-122.9829,48.46361]]],[[[-122.80451,48.62373],[-122.89635,48.69977],[-122.87438,48.59374],[-123.02636,48.63646],[-122.89664,48.71214],[-122.74584,48.66437],[-122.80451,48.62373]]],[[[-123.08849,48.97223],[-123.09051,48.99251],[-123.03531,48.9925],[-123.08849,48.97223]]],[[[-122.75302,48.99251],[-117.03815,48.99251],[-117.04404,46.37847],[-116.94208,46.25972],[-116.9091,46.16248],[-116.96064,46.10477],[-116.87883,46.00147],[-119.00236,45.99952],[-119.09333,45.94883],[-119.57526,45.92759],[-120.2299,45.73707],[-120.63142,45.72906],[-120.90012,45.6418],[-121.15497,45.62222],[-121.27184,45.70877],[-121.79264,45.72139],[-122.26105,45.56631],[-122.7216,45.64888],[-122.80654,45.97813],[-122.96669,46.13575],[-123.11183,46.18648],[-123.29794,46.15154],[-123.45568,46.26704],[-123.69297,46.3052],[-123.87303,46.24017],[-124.0093,46.31346],[-124.07584,46.2683],[-124.0725,46.64251],[-124.01789,46.56855],[-124.01425,46.38512],[-123.95812,46.37824],[-123.92686,46.4401],[-123.84065,46.41576],[-123.93582,46.47231],[-123.89635,46.54442],[-123.95641,46.62311],[-123.89493,46.60273],[-123.92252,46.65786],[-123.87727,46.69208],[-123.81188,46.66258],[-123.76399,46.67841],[-123.9,46.74741],[-123.97613,46.74106],[-123.9727,46.70126],[-124.09338,46.74323],[-124.12682,46.89851],[-124.02131,46.83234],[-124.04693,46.89114],[-123.81306,46.95897],[-124.11687,47.04292],[-124.10576,46.93342],[-124.17846,46.92551],[-124.19983,47.18748],[-124.31781,47.35735],[-124.42276,47.74189],[-124.60951,47.87485],[-124.67199,47.99071],[-124.73461,48.1704],[-124.66149,48.31952],[-124.72753,48.38773],[-123.97099,48.1656],[-123.24693,48.11533],[-123.15003,48.1771],[-123.10825,48.18384],[-123.16129,48.15192],[-123.00788,48.03856],[-122.99913,48.09174],[-122.92748,48.09512],[-122.87328,47.99372],[-122.82486,48.03522],[-122.87776,48.10663],[-122.77017,48.1411],[-122.79198,48.08291],[-122.62011,47.87763],[-122.80036,47.67988],[-122.80565,47.84345],[-122.83918,47.78205],[-122.85644,47.82608],[-122.83918,47.74665],[-123.16129,47.35684],[-123.07413,47.34463],[-122.83918,47.43195],[-123.11352,47.39102],[-122.94904,47.59707],[-122.76354,47.66913],[-122.62365,47.84715],[-122.57095,47.81977],[-122.61319,47.94595],[-122.52807,47.9055],[-122.46837,47.75654],[-122.55797,47.74042],[-122.59586,47.69196],[-122.66104,47.73045],[-122.59215,47.58275],[-122.69693,47.62311],[-122.63915,47.57705],[-122.68151,47.52753],[-122.55313,47.5834],[-122.50792,47.52033],[-122.56851,47.26407],[-122.68627,47.30121],[-122.62792,47.37995],[-122.63313,47.40461],[-122.72594,47.33906],[-122.77278,47.17308],[-122.80565,47.39777],[-122.92048,47.27802],[-122.96508,47.18114],[-123.06835,47.14594],[-123.07877,47.13028],[-122.93025,47.17446],[-123.01049,47.08251],[-122.93541,47.13028],[-122.8933,47.04727],[-122.85285,47.16502],[-122.72248,47.0893],[-122.5716,47.2093],[-122.53751,47.31586],[-122.43309,47.26488],[-122.32848,47.35712],[-122.40905,47.57494],[-122.34,47.59894],[-122.42878,47.66039],[-122.38109,47.72016],[-122.40437,47.79759],[-122.32042,47.94208],[-122.19172,48.02631],[-122.34016,48.09003],[-122.3756,48.2132],[-122.4442,48.23237],[-122.46947,48.17707],[-122.34801,48.05427],[-122.51036,48.14745],[-122.53395,48.24968],[-122.40079,48.23526],[-122.38183,48.29682],[-122.55895,48.43403],[-122.66177,48.40624],[-122.7049,48.48627],[-122.63305,48.51626],[-122.48888,48.4549],[-122.56701,48.58535],[-122.46809,48.55451],[-122.44433,48.60326],[-122.52514,48.69229],[-122.50862,48.75568],[-122.57453,48.78046],[-122.66015,48.72256],[-122.76822,48.87401],[-122.74584,48.91767],[-122.81355,48.95181],[-122.73156,48.95922],[-122.75302,48.99251]]],[[[-122.36681,47.38353],[-122.46923,47.33637],[-122.4464,47.40058],[-122.50341,47.33153],[-122.53148,47.35692],[-122.45564,47.50088],[-122.36681,47.38353]]],[[[-122.48038,47.58686],[-122.57787,47.60155],[-122.55777,47.71381],[-122.51098,47.69587],[-122.48038,47.58686]]],[[[-122.74088,48.07437],[-122.67321,48.02375],[-122.70019,48.00776],[-122.74088,48.07437]]],[[[-122.35521,47.94196],[-122.43541,47.91047],[-122.46052,47.97785],[-122.562,47.98737],[-122.60725,48.15375],[-122.74413,48.20588],[-122.65657,48.38508],[-122.59577,48.40192],[-122.51757,48.29401],[-122.7237,48.23379],[-122.58064,48.18846],[-122.53551,48.00593],[-122.51403,48.09077],[-122.38109,48.01582],[-122.35521,47.94196]]],[[[-122.70287,48.60041],[-122.72289,48.54816],[-122.7268,48.60151],[-122.70287,48.60041]]],[[[-122.62841,48.67707],[-122.71654,48.71524],[-122.71516,48.73908],[-122.62841,48.67707]]]]}},{"type":"Feature","properties":{"id":"us-wi","lat":44.88545,"lng":-89.72491},"geometry":{"type":"Polygon","coordinates":[[[-86.76357,45.44385],[-86.25062,45.23605],[-86.49769,45.0757],[-86.71464,44.84517],[-87.06136,43.96963],[-87.14717,43.37986],[-87.01882,42.49624],[-90.64128,42.51177],[-90.703,42.65533],[-91.01049,42.71641],[-91.07951,42.792],[-91.16779,43.16045],[-91.08649,43.31736],[-91.20881,43.3729],[-91.24794,43.4628],[-91.29501,43.91897],[-91.41398,44.01817],[-91.81711,44.16268],[-92.10261,44.43692],[-92.28605,44.47066],[-92.39377,44.57959],[-92.58466,44.60796],[-92.81979,44.75784],[-92.75834,44.92574],[-92.80244,45.07798],[-92.74968,45.12635],[-92.75934,45.28333],[-92.66301,45.42632],[-92.7509,45.55918],[-92.90173,45.61133],[-92.8912,45.70376],[-92.7041,45.91309],[-92.29257,46.08333],[-92.28923,46.66299],[-92.21547,46.66372],[-92.10995,46.76866],[-91.96486,46.72874],[-91.4683,46.92405],[-90.65397,47.30806],[-89.95764,47.28611],[-90.41254,46.58423],[-90.2173,46.49825],[-90.1185,46.34063],[-89.11923,46.14817],[-88.83727,46.0356],[-88.12319,45.9315],[-88.10998,45.80315],[-87.80261,45.68704],[-87.80412,45.49991],[-87.8822,45.3774],[-87.66122,45.37036],[-87.73476,45.19935],[-87.65356,45.12076],[-87.43605,45.07898],[-87.40332,45.20496],[-87.09245,45.44385],[-86.76357,45.44385]]]}},{"type":"Feature","properties":{"id":"us-wv","lat":38.90574,"lng":-80.29822},"geometry":{"type":"Polygon","coordinates":[[[-82.58945,38.41932],[-82.33168,38.44361],[-82.27712,38.58828],[-82.17746,38.6118],[-82.20871,38.78599],[-82.05837,39.00323],[-81.93744,38.99058],[-81.90168,38.87425],[-81.82429,38.95442],[-81.76398,38.93724],[-81.81848,39.07977],[-81.75456,39.10528],[-81.68244,39.271],[-81.58097,39.27532],[-81.46315,39.40655],[-81.3687,39.35103],[-81.22695,39.39847],[-80.87524,39.62879],[-80.83566,39.72037],[-80.87101,39.77122],[-80.60055,40.32334],[-80.60512,40.48594],[-80.67685,40.5888],[-80.62253,40.626],[-80.52023,40.64678],[-80.5194,39.72149],[-79.47743,39.72176],[-79.48579,39.20691],[-79.1027,39.46726],[-78.95778,39.45415],[-78.77473,39.63785],[-78.68325,39.54622],[-78.46896,39.5336],[-78.42368,39.6293],[-78.13298,39.70135],[-77.99179,39.60796],[-77.84689,39.61175],[-77.85993,39.51553],[-77.77057,39.50188],[-77.80624,39.44815],[-77.73893,39.40613],[-77.83574,39.14417],[-78.33601,39.44497],[-78.42038,39.15696],[-78.86772,38.78824],[-78.9987,38.84231],[-79.29001,38.42432],[-79.50715,38.47989],[-79.54682,38.56412],[-79.64858,38.58807],[-79.7945,38.27388],[-80.28486,37.68514],[-80.22497,37.62159],[-80.30622,37.56372],[-80.28979,37.51365],[-80.45785,37.42825],[-80.50427,37.47032],[-80.74374,37.38184],[-80.85961,37.42071],[-80.87136,37.33606],[-80.94826,37.29483],[-81.22409,37.24434],[-81.3635,37.33457],[-81.58393,37.20477],[-81.83527,37.29207],[-81.98163,37.46817],[-81.95656,37.5315],[-82.11594,37.56338],[-82.29169,37.68294],[-82.6312,38.15286],[-82.57182,38.24764],[-82.58945,38.41932]]]}},{"type":"Feature","properties":{"id":"us-wy","lat":43.00004,"lng":-107.5528},"geometry":{"type":"Polygon","coordinates":[[[-111.04999,41.00005],[-111.0508,45.00003],[-104.05666,45.0001],[-104.05373,40.99983],[-111.04999,41.00005]]]}}]}
